ISO-10303-21;
HEADER;
/* Generated by software containing ST-Developer
 * from STEP Tools, Inc. (www.steptools.com) 
 */

FILE_DESCRIPTION(
/* description */ (''),
/* implementation_level */ '2;1');

FILE_NAME(
/* name */ 'base_mount.step',
/* time_stamp */ '2026-08-31T15:18:50+05:30',
/* author */ (''),
/* organization */ (''),
/* preprocessor_version */ 'ST-DEVELOPER v20.1',
/* originating_system */ 'Autodesk Translation Framework v15.8.0.0',
/* authorisation */ '');

FILE_SCHEMA (('AUTOMOTIVE_DESIGN { 1 0 10303 214 3 1 1 }'));
ENDSEC;

DATA;
#10=MECHANICAL_DESIGN_GEOMETRIC_PRESENTATION_REPRESENTATION('',(#13,#14,
#15),#2510);
#11=SHAPE_REPRESENTATION_RELATIONSHIP('SRR','None',#2517,#12);
#12=ADVANCED_BREP_SHAPE_REPRESENTATION('',(#16,#17,#18),#2509);
#13=STYLED_ITEM('',(#2526),#16);
#14=STYLED_ITEM('',(#2526),#17);
#15=STYLED_ITEM('',(#2526),#18);
#16=MANIFOLD_SOLID_BREP('Body1',#1492);
#17=MANIFOLD_SOLID_BREP('Body2',#1493);
#18=MANIFOLD_SOLID_BREP('Body3',#1494);
#19=FACE_BOUND('',#172,.T.);
#20=FACE_BOUND('',#174,.T.);
#21=FACE_BOUND('',#178,.T.);
#22=FACE_BOUND('',#180,.T.);
#23=FACE_BOUND('',#183,.T.);
#24=FACE_BOUND('',#224,.T.);
#25=FACE_BOUND('',#226,.T.);
#26=FACE_BOUND('',#245,.T.);
#27=FACE_BOUND('',#246,.T.);
#28=FACE_BOUND('',#247,.T.);
#29=FACE_BOUND('',#248,.T.);
#30=FACE_BOUND('',#249,.T.);
#31=FACE_BOUND('',#261,.T.);
#32=FACE_BOUND('',#263,.T.);
#33=FACE_BOUND('',#264,.T.);
#34=FACE_BOUND('',#265,.T.);
#35=FACE_BOUND('',#266,.T.);
#36=FACE_BOUND('',#267,.T.);
#37=PLANE('',#1514);
#38=PLANE('',#1515);
#39=PLANE('',#1522);
#40=PLANE('',#1523);
#41=PLANE('',#1527);
#42=PLANE('',#1531);
#43=PLANE('',#1532);
#44=PLANE('',#1533);
#45=PLANE('',#1534);
#46=PLANE('',#1538);
#47=PLANE('',#1539);
#48=PLANE('',#1543);
#49=PLANE('',#1544);
#50=PLANE('',#1548);
#51=PLANE('',#1549);
#52=PLANE('',#1553);
#53=PLANE('',#1554);
#54=PLANE('',#1558);
#55=PLANE('',#1559);
#56=PLANE('',#1563);
#57=PLANE('',#1564);
#58=PLANE('',#1568);
#59=PLANE('',#1569);
#60=PLANE('',#1573);
#61=PLANE('',#1574);
#62=PLANE('',#1578);
#63=PLANE('',#1579);
#64=PLANE('',#1583);
#65=PLANE('',#1584);
#66=PLANE('',#1588);
#67=PLANE('',#1589);
#68=PLANE('',#1593);
#69=PLANE('',#1594);
#70=PLANE('',#1607);
#71=PLANE('',#1608);
#72=PLANE('',#1609);
#73=PLANE('',#1610);
#74=PLANE('',#1611);
#75=PLANE('',#1615);
#76=PLANE('',#1619);
#77=PLANE('',#1620);
#78=PLANE('',#1624);
#79=PLANE('',#1628);
#80=PLANE('',#1629);
#81=PLANE('',#1633);
#82=PLANE('',#1637);
#83=PLANE('',#1641);
#84=PLANE('',#1645);
#85=PLANE('',#1646);
#86=PLANE('',#1647);
#87=PLANE('',#1648);
#88=FACE_OUTER_BOUND('',#169,.T.);
#89=FACE_OUTER_BOUND('',#170,.T.);
#90=FACE_OUTER_BOUND('',#171,.T.);
#91=FACE_OUTER_BOUND('',#173,.T.);
#92=FACE_OUTER_BOUND('',#175,.T.);
#93=FACE_OUTER_BOUND('',#176,.T.);
#94=FACE_OUTER_BOUND('',#177,.T.);
#95=FACE_OUTER_BOUND('',#179,.T.);
#96=FACE_OUTER_BOUND('',#181,.T.);
#97=FACE_OUTER_BOUND('',#182,.T.);
#98=FACE_OUTER_BOUND('',#184,.T.);
#99=FACE_OUTER_BOUND('',#185,.T.);
#100=FACE_OUTER_BOUND('',#186,.T.);
#101=FACE_OUTER_BOUND('',#187,.T.);
#102=FACE_OUTER_BOUND('',#188,.T.);
#103=FACE_OUTER_BOUND('',#189,.T.);
#104=FACE_OUTER_BOUND('',#190,.T.);
#105=FACE_OUTER_BOUND('',#191,.T.);
#106=FACE_OUTER_BOUND('',#192,.T.);
#107=FACE_OUTER_BOUND('',#193,.T.);
#108=FACE_OUTER_BOUND('',#194,.T.);
#109=FACE_OUTER_BOUND('',#195,.T.);
#110=FACE_OUTER_BOUND('',#196,.T.);
#111=FACE_OUTER_BOUND('',#197,.T.);
#112=FACE_OUTER_BOUND('',#198,.T.);
#113=FACE_OUTER_BOUND('',#199,.T.);
#114=FACE_OUTER_BOUND('',#200,.T.);
#115=FACE_OUTER_BOUND('',#201,.T.);
#116=FACE_OUTER_BOUND('',#202,.T.);
#117=FACE_OUTER_BOUND('',#203,.T.);
#118=FACE_OUTER_BOUND('',#204,.T.);
#119=FACE_OUTER_BOUND('',#205,.T.);
#120=FACE_OUTER_BOUND('',#206,.T.);
#121=FACE_OUTER_BOUND('',#207,.T.);
#122=FACE_OUTER_BOUND('',#208,.T.);
#123=FACE_OUTER_BOUND('',#209,.T.);
#124=FACE_OUTER_BOUND('',#210,.T.);
#125=FACE_OUTER_BOUND('',#211,.T.);
#126=FACE_OUTER_BOUND('',#212,.T.);
#127=FACE_OUTER_BOUND('',#213,.T.);
#128=FACE_OUTER_BOUND('',#214,.T.);
#129=FACE_OUTER_BOUND('',#215,.T.);
#130=FACE_OUTER_BOUND('',#216,.T.);
#131=FACE_OUTER_BOUND('',#217,.T.);
#132=FACE_OUTER_BOUND('',#218,.T.);
#133=FACE_OUTER_BOUND('',#219,.T.);
#134=FACE_OUTER_BOUND('',#220,.T.);
#135=FACE_OUTER_BOUND('',#221,.T.);
#136=FACE_OUTER_BOUND('',#222,.T.);
#137=FACE_OUTER_BOUND('',#223,.T.);
#138=FACE_OUTER_BOUND('',#225,.T.);
#139=FACE_OUTER_BOUND('',#227,.T.);
#140=FACE_OUTER_BOUND('',#228,.T.);
#141=FACE_OUTER_BOUND('',#229,.T.);
#142=FACE_OUTER_BOUND('',#230,.T.);
#143=FACE_OUTER_BOUND('',#231,.T.);
#144=FACE_OUTER_BOUND('',#232,.T.);
#145=FACE_OUTER_BOUND('',#233,.T.);
#146=FACE_OUTER_BOUND('',#234,.T.);
#147=FACE_OUTER_BOUND('',#235,.T.);
#148=FACE_OUTER_BOUND('',#236,.T.);
#149=FACE_OUTER_BOUND('',#237,.T.);
#150=FACE_OUTER_BOUND('',#238,.T.);
#151=FACE_OUTER_BOUND('',#239,.T.);
#152=FACE_OUTER_BOUND('',#240,.T.);
#153=FACE_OUTER_BOUND('',#241,.T.);
#154=FACE_OUTER_BOUND('',#242,.T.);
#155=FACE_OUTER_BOUND('',#243,.T.);
#156=FACE_OUTER_BOUND('',#244,.T.);
#157=FACE_OUTER_BOUND('',#250,.T.);
#158=FACE_OUTER_BOUND('',#251,.T.);
#159=FACE_OUTER_BOUND('',#252,.T.);
#160=FACE_OUTER_BOUND('',#253,.T.);
#161=FACE_OUTER_BOUND('',#254,.T.);
#162=FACE_OUTER_BOUND('',#255,.T.);
#163=FACE_OUTER_BOUND('',#256,.T.);
#164=FACE_OUTER_BOUND('',#257,.T.);
#165=FACE_OUTER_BOUND('',#258,.T.);
#166=FACE_OUTER_BOUND('',#259,.T.);
#167=FACE_OUTER_BOUND('',#260,.T.);
#168=FACE_OUTER_BOUND('',#262,.T.);
#169=EDGE_LOOP('',(#967,#968,#969,#970));
#170=EDGE_LOOP('',(#971,#972,#973,#974));
#171=EDGE_LOOP('',(#975));
#172=EDGE_LOOP('',(#976));
#173=EDGE_LOOP('',(#977));
#174=EDGE_LOOP('',(#978));
#175=EDGE_LOOP('',(#979,#980,#981,#982));
#176=EDGE_LOOP('',(#983,#984,#985,#986));
#177=EDGE_LOOP('',(#987));
#178=EDGE_LOOP('',(#988));
#179=EDGE_LOOP('',(#989));
#180=EDGE_LOOP('',(#990));
#181=EDGE_LOOP('',(#991,#992,#993,#994));
#182=EDGE_LOOP('',(#995));
#183=EDGE_LOOP('',(#996));
#184=EDGE_LOOP('',(#997,#998,#999,#1000));
#185=EDGE_LOOP('',(#1001));
#186=EDGE_LOOP('',(#1002));
#187=EDGE_LOOP('',(#1003,#1004,#1005,#1006));
#188=EDGE_LOOP('',(#1007,#1008,#1009,#1010));
#189=EDGE_LOOP('',(#1011,#1012,#1013,#1014));
#190=EDGE_LOOP('',(#1015,#1016,#1017,#1018));
#191=EDGE_LOOP('',(#1019,#1020,#1021,#1022));
#192=EDGE_LOOP('',(#1023,#1024,#1025,#1026));
#193=EDGE_LOOP('',(#1027,#1028,#1029,#1030));
#194=EDGE_LOOP('',(#1031,#1032,#1033,#1034));
#195=EDGE_LOOP('',(#1035,#1036,#1037,#1038));
#196=EDGE_LOOP('',(#1039,#1040,#1041,#1042));
#197=EDGE_LOOP('',(#1043,#1044,#1045,#1046));
#198=EDGE_LOOP('',(#1047,#1048,#1049,#1050));
#199=EDGE_LOOP('',(#1051,#1052,#1053,#1054));
#200=EDGE_LOOP('',(#1055,#1056,#1057,#1058));
#201=EDGE_LOOP('',(#1059,#1060,#1061,#1062));
#202=EDGE_LOOP('',(#1063,#1064,#1065,#1066));
#203=EDGE_LOOP('',(#1067,#1068,#1069,#1070));
#204=EDGE_LOOP('',(#1071,#1072,#1073,#1074));
#205=EDGE_LOOP('',(#1075,#1076,#1077,#1078));
#206=EDGE_LOOP('',(#1079,#1080,#1081,#1082));
#207=EDGE_LOOP('',(#1083,#1084,#1085,#1086));
#208=EDGE_LOOP('',(#1087,#1088,#1089,#1090));
#209=EDGE_LOOP('',(#1091,#1092,#1093,#1094));
#210=EDGE_LOOP('',(#1095,#1096,#1097,#1098));
#211=EDGE_LOOP('',(#1099,#1100,#1101,#1102));
#212=EDGE_LOOP('',(#1103,#1104,#1105,#1106));
#213=EDGE_LOOP('',(#1107,#1108,#1109,#1110));
#214=EDGE_LOOP('',(#1111,#1112,#1113,#1114));
#215=EDGE_LOOP('',(#1115,#1116,#1117,#1118));
#216=EDGE_LOOP('',(#1119,#1120,#1121,#1122));
#217=EDGE_LOOP('',(#1123,#1124,#1125,#1126));
#218=EDGE_LOOP('',(#1127,#1128,#1129,#1130));
#219=EDGE_LOOP('',(#1131,#1132,#1133,#1134));
#220=EDGE_LOOP('',(#1135,#1136,#1137,#1138));
#221=EDGE_LOOP('',(#1139,#1140,#1141,#1142));
#222=EDGE_LOOP('',(#1143,#1144,#1145,#1146));
#223=EDGE_LOOP('',(#1147,#1148,#1149,#1150,#1151,#1152,#1153,#1154,#1155,
#1156,#1157,#1158,#1159,#1160,#1161,#1162,#1163,#1164));
#224=EDGE_LOOP('',(#1165,#1166,#1167,#1168,#1169,#1170,#1171,#1172,#1173,
#1174,#1175,#1176,#1177,#1178,#1179,#1180,#1181,#1182));
#225=EDGE_LOOP('',(#1183,#1184,#1185,#1186,#1187,#1188,#1189,#1190,#1191,
#1192,#1193,#1194,#1195,#1196,#1197,#1198,#1199,#1200));
#226=EDGE_LOOP('',(#1201,#1202,#1203,#1204,#1205,#1206,#1207,#1208,#1209,
#1210,#1211,#1212,#1213,#1214,#1215,#1216,#1217,#1218));
#227=EDGE_LOOP('',(#1219,#1220,#1221,#1222));
#228=EDGE_LOOP('',(#1223,#1224,#1225,#1226));
#229=EDGE_LOOP('',(#1227,#1228,#1229,#1230));
#230=EDGE_LOOP('',(#1231,#1232,#1233,#1234));
#231=EDGE_LOOP('',(#1235,#1236,#1237,#1238));
#232=EDGE_LOOP('',(#1239,#1240,#1241,#1242));
#233=EDGE_LOOP('',(#1243,#1244,#1245,#1246));
#234=EDGE_LOOP('',(#1247,#1248,#1249,#1250));
#235=EDGE_LOOP('',(#1251,#1252,#1253,#1254));
#236=EDGE_LOOP('',(#1255,#1256,#1257,#1258));
#237=EDGE_LOOP('',(#1259,#1260,#1261,#1262));
#238=EDGE_LOOP('',(#1263,#1264,#1265,#1266));
#239=EDGE_LOOP('',(#1267,#1268,#1269,#1270));
#240=EDGE_LOOP('',(#1271,#1272,#1273,#1274));
#241=EDGE_LOOP('',(#1275,#1276,#1277,#1278));
#242=EDGE_LOOP('',(#1279,#1280,#1281,#1282));
#243=EDGE_LOOP('',(#1283,#1284,#1285,#1286));
#244=EDGE_LOOP('',(#1287,#1288,#1289,#1290,#1291,#1292,#1293,#1294,#1295));
#245=EDGE_LOOP('',(#1296,#1297,#1298,#1299));
#246=EDGE_LOOP('',(#1300));
#247=EDGE_LOOP('',(#1301));
#248=EDGE_LOOP('',(#1302));
#249=EDGE_LOOP('',(#1303));
#250=EDGE_LOOP('',(#1304,#1305,#1306,#1307));
#251=EDGE_LOOP('',(#1308,#1309,#1310,#1311));
#252=EDGE_LOOP('',(#1312,#1313,#1314,#1315));
#253=EDGE_LOOP('',(#1316,#1317,#1318,#1319));
#254=EDGE_LOOP('',(#1320,#1321,#1322,#1323));
#255=EDGE_LOOP('',(#1324,#1325,#1326,#1327));
#256=EDGE_LOOP('',(#1328,#1329,#1330,#1331));
#257=EDGE_LOOP('',(#1332,#1333,#1334,#1335));
#258=EDGE_LOOP('',(#1336,#1337,#1338,#1339));
#259=EDGE_LOOP('',(#1340,#1341,#1342,#1343));
#260=EDGE_LOOP('',(#1344,#1345,#1346,#1347,#1348,#1349,#1350,#1351,#1352,
#1353));
#261=EDGE_LOOP('',(#1354,#1355,#1356,#1357,#1358,#1359,#1360,#1361,#1362));
#262=EDGE_LOOP('',(#1363,#1364,#1365,#1366,#1367,#1368,#1369,#1370,#1371,
#1372));
#263=EDGE_LOOP('',(#1373,#1374,#1375,#1376));
#264=EDGE_LOOP('',(#1377));
#265=EDGE_LOOP('',(#1378));
#266=EDGE_LOOP('',(#1379));
#267=EDGE_LOOP('',(#1380));
#268=LINE('',#2085,#415);
#269=LINE('',#2091,#416);
#270=LINE('',#2100,#417);
#271=LINE('',#2105,#418);
#272=LINE('',#2114,#419);
#273=LINE('',#2121,#420);
#274=LINE('',#2127,#421);
#275=LINE('',#2129,#422);
#276=LINE('',#2131,#423);
#277=LINE('',#2132,#424);
#278=LINE('',#2135,#425);
#279=LINE('',#2137,#426);
#280=LINE('',#2138,#427);
#281=LINE('',#2143,#428);
#282=LINE('',#2147,#429);
#283=LINE('',#2149,#430);
#284=LINE('',#2150,#431);
#285=LINE('',#2153,#432);
#286=LINE('',#2155,#433);
#287=LINE('',#2156,#434);
#288=LINE('',#2161,#435);
#289=LINE('',#2165,#436);
#290=LINE('',#2167,#437);
#291=LINE('',#2168,#438);
#292=LINE('',#2171,#439);
#293=LINE('',#2173,#440);
#294=LINE('',#2174,#441);
#295=LINE('',#2179,#442);
#296=LINE('',#2183,#443);
#297=LINE('',#2185,#444);
#298=LINE('',#2186,#445);
#299=LINE('',#2189,#446);
#300=LINE('',#2191,#447);
#301=LINE('',#2192,#448);
#302=LINE('',#2197,#449);
#303=LINE('',#2201,#450);
#304=LINE('',#2203,#451);
#305=LINE('',#2204,#452);
#306=LINE('',#2207,#453);
#307=LINE('',#2209,#454);
#308=LINE('',#2210,#455);
#309=LINE('',#2215,#456);
#310=LINE('',#2219,#457);
#311=LINE('',#2221,#458);
#312=LINE('',#2222,#459);
#313=LINE('',#2225,#460);
#314=LINE('',#2227,#461);
#315=LINE('',#2228,#462);
#316=LINE('',#2235,#463);
#317=LINE('',#2237,#464);
#318=LINE('',#2239,#465);
#319=LINE('',#2240,#466);
#320=LINE('',#2243,#467);
#321=LINE('',#2245,#468);
#322=LINE('',#2246,#469);
#323=LINE('',#2252,#470);
#324=LINE('',#2255,#471);
#325=LINE('',#2257,#472);
#326=LINE('',#2258,#473);
#327=LINE('',#2261,#474);
#328=LINE('',#2263,#475);
#329=LINE('',#2264,#476);
#330=LINE('',#2270,#477);
#331=LINE('',#2273,#478);
#332=LINE('',#2275,#479);
#333=LINE('',#2276,#480);
#334=LINE('',#2279,#481);
#335=LINE('',#2281,#482);
#336=LINE('',#2282,#483);
#337=LINE('',#2288,#484);
#338=LINE('',#2291,#485);
#339=LINE('',#2293,#486);
#340=LINE('',#2294,#487);
#341=LINE('',#2297,#488);
#342=LINE('',#2299,#489);
#343=LINE('',#2300,#490);
#344=LINE('',#2306,#491);
#345=LINE('',#2309,#492);
#346=LINE('',#2311,#493);
#347=LINE('',#2312,#494);
#348=LINE('',#2315,#495);
#349=LINE('',#2317,#496);
#350=LINE('',#2318,#497);
#351=LINE('',#2324,#498);
#352=LINE('',#2327,#499);
#353=LINE('',#2329,#500);
#354=LINE('',#2330,#501);
#355=LINE('',#2333,#502);
#356=LINE('',#2335,#503);
#357=LINE('',#2336,#504);
#358=LINE('',#2346,#505);
#359=LINE('',#2352,#506);
#360=LINE('',#2358,#507);
#361=LINE('',#2364,#508);
#362=LINE('',#2369,#509);
#363=LINE('',#2371,#510);
#364=LINE('',#2373,#511);
#365=LINE('',#2374,#512);
#366=LINE('',#2377,#513);
#367=LINE('',#2379,#514);
#368=LINE('',#2380,#515);
#369=LINE('',#2383,#516);
#370=LINE('',#2385,#517);
#371=LINE('',#2386,#518);
#372=LINE('',#2388,#519);
#373=LINE('',#2389,#520);
#374=LINE('',#2393,#521);
#375=LINE('',#2395,#522);
#376=LINE('',#2397,#523);
#377=LINE('',#2398,#524);
#378=LINE('',#2404,#525);
#379=LINE('',#2407,#526);
#380=LINE('',#2409,#527);
#381=LINE('',#2410,#528);
#382=LINE('',#2416,#529);
#383=LINE('',#2419,#530);
#384=LINE('',#2421,#531);
#385=LINE('',#2422,#532);
#386=LINE('',#2425,#533);
#387=LINE('',#2427,#534);
#388=LINE('',#2428,#535);
#389=LINE('',#2434,#536);
#390=LINE('',#2437,#537);
#391=LINE('',#2439,#538);
#392=LINE('',#2440,#539);
#393=LINE('',#2448,#540);
#394=LINE('',#2450,#541);
#395=LINE('',#2452,#542);
#396=LINE('',#2453,#543);
#397=LINE('',#2459,#544);
#398=LINE('',#2462,#545);
#399=LINE('',#2464,#546);
#400=LINE('',#2465,#547);
#401=LINE('',#2471,#548);
#402=LINE('',#2474,#549);
#403=LINE('',#2476,#550);
#404=LINE('',#2477,#551);
#405=LINE('',#2483,#552);
#406=LINE('',#2486,#553);
#407=LINE('',#2488,#554);
#408=LINE('',#2489,#555);
#409=LINE('',#2495,#556);
#410=LINE('',#2498,#557);
#411=LINE('',#2500,#558);
#412=LINE('',#2501,#559);
#413=LINE('',#2503,#560);
#414=LINE('',#2504,#561);
#415=VECTOR('',#1655,34.);
#416=VECTOR('',#1662,37.);
#417=VECTOR('',#1675,39.5);
#418=VECTOR('',#1680,41.5);
#419=VECTOR('',#1693,43.);
#420=VECTOR('',#1702,45.);
#421=VECTOR('',#1709,10.);
#422=VECTOR('',#1710,10.);
#423=VECTOR('',#1711,10.);
#424=VECTOR('',#1712,10.);
#425=VECTOR('',#1715,10.);
#426=VECTOR('',#1716,10.);
#427=VECTOR('',#1717,10.);
#428=VECTOR('',#1722,10.);
#429=VECTOR('',#1727,10.);
#430=VECTOR('',#1728,10.);
#431=VECTOR('',#1729,10.);
#432=VECTOR('',#1732,10.);
#433=VECTOR('',#1733,10.);
#434=VECTOR('',#1734,10.);
#435=VECTOR('',#1739,10.);
#436=VECTOR('',#1744,10.);
#437=VECTOR('',#1745,10.);
#438=VECTOR('',#1746,10.);
#439=VECTOR('',#1749,10.);
#440=VECTOR('',#1750,10.);
#441=VECTOR('',#1751,10.);
#442=VECTOR('',#1756,10.);
#443=VECTOR('',#1761,10.);
#444=VECTOR('',#1762,10.);
#445=VECTOR('',#1763,10.);
#446=VECTOR('',#1766,10.);
#447=VECTOR('',#1767,10.);
#448=VECTOR('',#1768,10.);
#449=VECTOR('',#1773,10.);
#450=VECTOR('',#1778,10.);
#451=VECTOR('',#1779,10.);
#452=VECTOR('',#1780,10.);
#453=VECTOR('',#1783,10.);
#454=VECTOR('',#1784,10.);
#455=VECTOR('',#1785,10.);
#456=VECTOR('',#1790,10.);
#457=VECTOR('',#1795,10.);
#458=VECTOR('',#1796,10.);
#459=VECTOR('',#1797,10.);
#460=VECTOR('',#1800,10.);
#461=VECTOR('',#1801,10.);
#462=VECTOR('',#1802,10.);
#463=VECTOR('',#1811,10.);
#464=VECTOR('',#1812,10.);
#465=VECTOR('',#1813,10.);
#466=VECTOR('',#1814,10.);
#467=VECTOR('',#1817,10.);
#468=VECTOR('',#1818,10.);
#469=VECTOR('',#1819,10.);
#470=VECTOR('',#1826,10.);
#471=VECTOR('',#1829,10.);
#472=VECTOR('',#1830,10.);
#473=VECTOR('',#1831,10.);
#474=VECTOR('',#1834,10.);
#475=VECTOR('',#1835,10.);
#476=VECTOR('',#1836,10.);
#477=VECTOR('',#1843,10.);
#478=VECTOR('',#1846,10.);
#479=VECTOR('',#1847,10.);
#480=VECTOR('',#1848,10.);
#481=VECTOR('',#1851,10.);
#482=VECTOR('',#1852,10.);
#483=VECTOR('',#1853,10.);
#484=VECTOR('',#1860,10.);
#485=VECTOR('',#1863,10.);
#486=VECTOR('',#1864,10.);
#487=VECTOR('',#1865,10.);
#488=VECTOR('',#1868,10.);
#489=VECTOR('',#1869,10.);
#490=VECTOR('',#1870,10.);
#491=VECTOR('',#1877,10.);
#492=VECTOR('',#1880,10.);
#493=VECTOR('',#1881,10.);
#494=VECTOR('',#1882,10.);
#495=VECTOR('',#1885,10.);
#496=VECTOR('',#1886,10.);
#497=VECTOR('',#1887,10.);
#498=VECTOR('',#1894,10.);
#499=VECTOR('',#1897,10.);
#500=VECTOR('',#1898,10.);
#501=VECTOR('',#1899,10.);
#502=VECTOR('',#1902,10.);
#503=VECTOR('',#1903,10.);
#504=VECTOR('',#1904,10.);
#505=VECTOR('',#1919,1.75);
#506=VECTOR('',#1926,1.75);
#507=VECTOR('',#1933,1.75);
#508=VECTOR('',#1940,1.75);
#509=VECTOR('',#1945,10.);
#510=VECTOR('',#1946,10.);
#511=VECTOR('',#1947,10.);
#512=VECTOR('',#1948,10.);
#513=VECTOR('',#1951,10.);
#514=VECTOR('',#1952,10.);
#515=VECTOR('',#1953,10.);
#516=VECTOR('',#1956,10.);
#517=VECTOR('',#1957,10.);
#518=VECTOR('',#1958,10.);
#519=VECTOR('',#1961,10.);
#520=VECTOR('',#1962,10.);
#521=VECTOR('',#1965,10.);
#522=VECTOR('',#1966,10.);
#523=VECTOR('',#1967,10.);
#524=VECTOR('',#1968,10.);
#525=VECTOR('',#1975,10.);
#526=VECTOR('',#1978,10.);
#527=VECTOR('',#1979,10.);
#528=VECTOR('',#1980,10.);
#529=VECTOR('',#1987,10.);
#530=VECTOR('',#1990,10.);
#531=VECTOR('',#1991,10.);
#532=VECTOR('',#1992,10.);
#533=VECTOR('',#1995,10.);
#534=VECTOR('',#1996,10.);
#535=VECTOR('',#1997,10.);
#536=VECTOR('',#2004,10.);
#537=VECTOR('',#2007,10.);
#538=VECTOR('',#2008,10.);
#539=VECTOR('',#2009,10.);
#540=VECTOR('',#2020,10.);
#541=VECTOR('',#2021,10.);
#542=VECTOR('',#2022,10.);
#543=VECTOR('',#2023,10.);
#544=VECTOR('',#2030,10.);
#545=VECTOR('',#2033,10.);
#546=VECTOR('',#2034,10.);
#547=VECTOR('',#2035,10.);
#548=VECTOR('',#2042,10.);
#549=VECTOR('',#2045,10.);
#550=VECTOR('',#2046,10.);
#551=VECTOR('',#2047,10.);
#552=VECTOR('',#2054,10.);
#553=VECTOR('',#2057,10.);
#554=VECTOR('',#2058,10.);
#555=VECTOR('',#2059,10.);
#556=VECTOR('',#2066,10.);
#557=VECTOR('',#2069,10.);
#558=VECTOR('',#2070,10.);
#559=VECTOR('',#2071,10.);
#560=VECTOR('',#2074,10.);
#561=VECTOR('',#2075,10.);
#562=CIRCLE('',#1509,34.);
#563=CIRCLE('',#1510,34.);
#564=CIRCLE('',#1512,37.);
#565=CIRCLE('',#1513,37.);
#566=CIRCLE('',#1516,39.5);
#567=CIRCLE('',#1518,39.5);
#568=CIRCLE('',#1520,41.5);
#569=CIRCLE('',#1521,41.5);
#570=CIRCLE('',#1524,43.);
#571=CIRCLE('',#1526,43.);
#572=CIRCLE('',#1528,45.);
#573=CIRCLE('',#1530,45.);
#574=CIRCLE('',#1536,2.00000002980232);
#575=CIRCLE('',#1537,2.00000002980232);
#576=CIRCLE('',#1541,2.00000002980232);
#577=CIRCLE('',#1542,2.00000002980232);
#578=CIRCLE('',#1546,2.00000002980232);
#579=CIRCLE('',#1547,2.00000002980232);
#580=CIRCLE('',#1551,2.00000002980232);
#581=CIRCLE('',#1552,2.00000002980232);
#582=CIRCLE('',#1556,2.00000002980232);
#583=CIRCLE('',#1557,2.00000002980232);
#584=CIRCLE('',#1561,2.00000002980232);
#585=CIRCLE('',#1562,2.00000002980232);
#586=CIRCLE('',#1566,2.60000003874302);
#587=CIRCLE('',#1567,2.60000003874302);
#588=CIRCLE('',#1571,2.60000003874302);
#589=CIRCLE('',#1572,2.60000003874302);
#590=CIRCLE('',#1576,2.60000003874302);
#591=CIRCLE('',#1577,2.60000003874302);
#592=CIRCLE('',#1581,2.60000003874302);
#593=CIRCLE('',#1582,2.60000003874302);
#594=CIRCLE('',#1586,2.60000003874302);
#595=CIRCLE('',#1587,2.60000003874302);
#596=CIRCLE('',#1591,2.60000003874302);
#597=CIRCLE('',#1592,2.60000003874302);
#598=CIRCLE('',#1596,1.75);
#599=CIRCLE('',#1597,1.75);
#600=CIRCLE('',#1599,1.75);
#601=CIRCLE('',#1600,1.75);
#602=CIRCLE('',#1602,1.75);
#603=CIRCLE('',#1603,1.75);
#604=CIRCLE('',#1605,1.75);
#605=CIRCLE('',#1606,1.75);
#606=CIRCLE('',#1613,4.50000000000002);
#607=CIRCLE('',#1614,4.50000000000002);
#608=CIRCLE('',#1617,4.50000000000001);
#609=CIRCLE('',#1618,4.50000000000001);
#610=CIRCLE('',#1622,4.49999999999999);
#611=CIRCLE('',#1623,4.49999999999999);
#612=CIRCLE('',#1626,4.50000000000001);
#613=CIRCLE('',#1627,4.50000000000001);
#614=CIRCLE('',#1631,6.00000000000001);
#615=CIRCLE('',#1632,6.00000000000001);
#616=CIRCLE('',#1635,6.);
#617=CIRCLE('',#1636,6.);
#618=CIRCLE('',#1639,7.99999999999997);
#619=CIRCLE('',#1640,7.99999999999997);
#620=CIRCLE('',#1643,4.99999999999998);
#621=CIRCLE('',#1644,4.99999999999998);
#622=VERTEX_POINT('',#2082);
#623=VERTEX_POINT('',#2084);
#624=VERTEX_POINT('',#2088);
#625=VERTEX_POINT('',#2090);
#626=VERTEX_POINT('',#2095);
#627=VERTEX_POINT('',#2098);
#628=VERTEX_POINT('',#2102);
#629=VERTEX_POINT('',#2104);
#630=VERTEX_POINT('',#2109);
#631=VERTEX_POINT('',#2112);
#632=VERTEX_POINT('',#2116);
#633=VERTEX_POINT('',#2119);
#634=VERTEX_POINT('',#2125);
#635=VERTEX_POINT('',#2126);
#636=VERTEX_POINT('',#2128);
#637=VERTEX_POINT('',#2130);
#638=VERTEX_POINT('',#2134);
#639=VERTEX_POINT('',#2136);
#640=VERTEX_POINT('',#2140);
#641=VERTEX_POINT('',#2142);
#642=VERTEX_POINT('',#2146);
#643=VERTEX_POINT('',#2148);
#644=VERTEX_POINT('',#2152);
#645=VERTEX_POINT('',#2154);
#646=VERTEX_POINT('',#2158);
#647=VERTEX_POINT('',#2160);
#648=VERTEX_POINT('',#2164);
#649=VERTEX_POINT('',#2166);
#650=VERTEX_POINT('',#2170);
#651=VERTEX_POINT('',#2172);
#652=VERTEX_POINT('',#2176);
#653=VERTEX_POINT('',#2178);
#654=VERTEX_POINT('',#2182);
#655=VERTEX_POINT('',#2184);
#656=VERTEX_POINT('',#2188);
#657=VERTEX_POINT('',#2190);
#658=VERTEX_POINT('',#2194);
#659=VERTEX_POINT('',#2196);
#660=VERTEX_POINT('',#2200);
#661=VERTEX_POINT('',#2202);
#662=VERTEX_POINT('',#2206);
#663=VERTEX_POINT('',#2208);
#664=VERTEX_POINT('',#2212);
#665=VERTEX_POINT('',#2214);
#666=VERTEX_POINT('',#2218);
#667=VERTEX_POINT('',#2220);
#668=VERTEX_POINT('',#2224);
#669=VERTEX_POINT('',#2226);
#670=VERTEX_POINT('',#2233);
#671=VERTEX_POINT('',#2234);
#672=VERTEX_POINT('',#2236);
#673=VERTEX_POINT('',#2238);
#674=VERTEX_POINT('',#2242);
#675=VERTEX_POINT('',#2244);
#676=VERTEX_POINT('',#2248);
#677=VERTEX_POINT('',#2250);
#678=VERTEX_POINT('',#2254);
#679=VERTEX_POINT('',#2256);
#680=VERTEX_POINT('',#2260);
#681=VERTEX_POINT('',#2262);
#682=VERTEX_POINT('',#2266);
#683=VERTEX_POINT('',#2268);
#684=VERTEX_POINT('',#2272);
#685=VERTEX_POINT('',#2274);
#686=VERTEX_POINT('',#2278);
#687=VERTEX_POINT('',#2280);
#688=VERTEX_POINT('',#2284);
#689=VERTEX_POINT('',#2286);
#690=VERTEX_POINT('',#2290);
#691=VERTEX_POINT('',#2292);
#692=VERTEX_POINT('',#2296);
#693=VERTEX_POINT('',#2298);
#694=VERTEX_POINT('',#2302);
#695=VERTEX_POINT('',#2304);
#696=VERTEX_POINT('',#2308);
#697=VERTEX_POINT('',#2310);
#698=VERTEX_POINT('',#2314);
#699=VERTEX_POINT('',#2316);
#700=VERTEX_POINT('',#2320);
#701=VERTEX_POINT('',#2322);
#702=VERTEX_POINT('',#2326);
#703=VERTEX_POINT('',#2328);
#704=VERTEX_POINT('',#2332);
#705=VERTEX_POINT('',#2334);
#706=VERTEX_POINT('',#2343);
#707=VERTEX_POINT('',#2345);
#708=VERTEX_POINT('',#2349);
#709=VERTEX_POINT('',#2351);
#710=VERTEX_POINT('',#2355);
#711=VERTEX_POINT('',#2357);
#712=VERTEX_POINT('',#2361);
#713=VERTEX_POINT('',#2363);
#714=VERTEX_POINT('',#2367);
#715=VERTEX_POINT('',#2368);
#716=VERTEX_POINT('',#2370);
#717=VERTEX_POINT('',#2372);
#718=VERTEX_POINT('',#2376);
#719=VERTEX_POINT('',#2378);
#720=VERTEX_POINT('',#2382);
#721=VERTEX_POINT('',#2384);
#722=VERTEX_POINT('',#2391);
#723=VERTEX_POINT('',#2392);
#724=VERTEX_POINT('',#2394);
#725=VERTEX_POINT('',#2396);
#726=VERTEX_POINT('',#2400);
#727=VERTEX_POINT('',#2402);
#728=VERTEX_POINT('',#2406);
#729=VERTEX_POINT('',#2408);
#730=VERTEX_POINT('',#2412);
#731=VERTEX_POINT('',#2414);
#732=VERTEX_POINT('',#2418);
#733=VERTEX_POINT('',#2420);
#734=VERTEX_POINT('',#2424);
#735=VERTEX_POINT('',#2426);
#736=VERTEX_POINT('',#2430);
#737=VERTEX_POINT('',#2432);
#738=VERTEX_POINT('',#2436);
#739=VERTEX_POINT('',#2438);
#740=VERTEX_POINT('',#2446);
#741=VERTEX_POINT('',#2447);
#742=VERTEX_POINT('',#2449);
#743=VERTEX_POINT('',#2451);
#744=VERTEX_POINT('',#2455);
#745=VERTEX_POINT('',#2457);
#746=VERTEX_POINT('',#2461);
#747=VERTEX_POINT('',#2463);
#748=VERTEX_POINT('',#2467);
#749=VERTEX_POINT('',#2469);
#750=VERTEX_POINT('',#2473);
#751=VERTEX_POINT('',#2475);
#752=VERTEX_POINT('',#2479);
#753=VERTEX_POINT('',#2481);
#754=VERTEX_POINT('',#2485);
#755=VERTEX_POINT('',#2487);
#756=VERTEX_POINT('',#2491);
#757=VERTEX_POINT('',#2493);
#758=VERTEX_POINT('',#2497);
#759=VERTEX_POINT('',#2499);
#760=EDGE_CURVE('',#622,#622,#562,.T.);
#761=EDGE_CURVE('',#622,#623,#268,.T.);
#762=EDGE_CURVE('',#623,#623,#563,.T.);
#763=EDGE_CURVE('',#624,#624,#564,.T.);
#764=EDGE_CURVE('',#624,#625,#269,.T.);
#765=EDGE_CURVE('',#625,#625,#565,.T.);
#766=EDGE_CURVE('',#626,#626,#566,.T.);
#767=EDGE_CURVE('',#627,#627,#567,.T.);
#768=EDGE_CURVE('',#627,#626,#270,.T.);
#769=EDGE_CURVE('',#628,#628,#568,.T.);
#770=EDGE_CURVE('',#628,#629,#271,.T.);
#771=EDGE_CURVE('',#629,#629,#569,.T.);
#772=EDGE_CURVE('',#630,#630,#570,.T.);
#773=EDGE_CURVE('',#631,#631,#571,.T.);
#774=EDGE_CURVE('',#631,#630,#272,.T.);
#775=EDGE_CURVE('',#632,#632,#572,.T.);
#776=EDGE_CURVE('',#633,#633,#573,.T.);
#777=EDGE_CURVE('',#633,#632,#273,.T.);
#778=EDGE_CURVE('',#634,#635,#274,.T.);
#779=EDGE_CURVE('',#634,#636,#275,.T.);
#780=EDGE_CURVE('',#637,#636,#276,.T.);
#781=EDGE_CURVE('',#635,#637,#277,.T.);
#782=EDGE_CURVE('',#638,#634,#278,.T.);
#783=EDGE_CURVE('',#638,#639,#279,.T.);
#784=EDGE_CURVE('',#636,#639,#280,.T.);
#785=EDGE_CURVE('',#640,#638,#574,.T.);
#786=EDGE_CURVE('',#640,#641,#281,.T.);
#787=EDGE_CURVE('',#639,#641,#575,.T.);
#788=EDGE_CURVE('',#642,#640,#282,.T.);
#789=EDGE_CURVE('',#642,#643,#283,.T.);
#790=EDGE_CURVE('',#641,#643,#284,.T.);
#791=EDGE_CURVE('',#644,#642,#285,.T.);
#792=EDGE_CURVE('',#644,#645,#286,.T.);
#793=EDGE_CURVE('',#643,#645,#287,.T.);
#794=EDGE_CURVE('',#646,#644,#576,.T.);
#795=EDGE_CURVE('',#646,#647,#288,.T.);
#796=EDGE_CURVE('',#645,#647,#577,.T.);
#797=EDGE_CURVE('',#648,#646,#289,.T.);
#798=EDGE_CURVE('',#648,#649,#290,.T.);
#799=EDGE_CURVE('',#647,#649,#291,.T.);
#800=EDGE_CURVE('',#650,#648,#292,.T.);
#801=EDGE_CURVE('',#650,#651,#293,.T.);
#802=EDGE_CURVE('',#649,#651,#294,.T.);
#803=EDGE_CURVE('',#652,#650,#578,.T.);
#804=EDGE_CURVE('',#652,#653,#295,.T.);
#805=EDGE_CURVE('',#651,#653,#579,.T.);
#806=EDGE_CURVE('',#654,#652,#296,.T.);
#807=EDGE_CURVE('',#654,#655,#297,.T.);
#808=EDGE_CURVE('',#653,#655,#298,.T.);
#809=EDGE_CURVE('',#656,#654,#299,.T.);
#810=EDGE_CURVE('',#656,#657,#300,.T.);
#811=EDGE_CURVE('',#655,#657,#301,.T.);
#812=EDGE_CURVE('',#658,#656,#580,.T.);
#813=EDGE_CURVE('',#658,#659,#302,.T.);
#814=EDGE_CURVE('',#657,#659,#581,.T.);
#815=EDGE_CURVE('',#660,#658,#303,.T.);
#816=EDGE_CURVE('',#660,#661,#304,.T.);
#817=EDGE_CURVE('',#659,#661,#305,.T.);
#818=EDGE_CURVE('',#662,#660,#306,.T.);
#819=EDGE_CURVE('',#662,#663,#307,.T.);
#820=EDGE_CURVE('',#661,#663,#308,.T.);
#821=EDGE_CURVE('',#664,#662,#582,.T.);
#822=EDGE_CURVE('',#664,#665,#309,.T.);
#823=EDGE_CURVE('',#663,#665,#583,.T.);
#824=EDGE_CURVE('',#666,#664,#310,.T.);
#825=EDGE_CURVE('',#666,#667,#311,.T.);
#826=EDGE_CURVE('',#665,#667,#312,.T.);
#827=EDGE_CURVE('',#668,#666,#313,.T.);
#828=EDGE_CURVE('',#668,#669,#314,.T.);
#829=EDGE_CURVE('',#667,#669,#315,.T.);
#830=EDGE_CURVE('',#635,#668,#584,.T.);
#831=EDGE_CURVE('',#669,#637,#585,.T.);
#832=EDGE_CURVE('',#670,#671,#316,.T.);
#833=EDGE_CURVE('',#670,#672,#317,.T.);
#834=EDGE_CURVE('',#673,#672,#318,.T.);
#835=EDGE_CURVE('',#671,#673,#319,.T.);
#836=EDGE_CURVE('',#671,#674,#320,.T.);
#837=EDGE_CURVE('',#675,#673,#321,.T.);
#838=EDGE_CURVE('',#674,#675,#322,.T.);
#839=EDGE_CURVE('',#676,#674,#586,.T.);
#840=EDGE_CURVE('',#677,#675,#587,.T.);
#841=EDGE_CURVE('',#676,#677,#323,.T.);
#842=EDGE_CURVE('',#676,#678,#324,.T.);
#843=EDGE_CURVE('',#679,#677,#325,.T.);
#844=EDGE_CURVE('',#678,#679,#326,.T.);
#845=EDGE_CURVE('',#678,#680,#327,.T.);
#846=EDGE_CURVE('',#681,#679,#328,.T.);
#847=EDGE_CURVE('',#680,#681,#329,.T.);
#848=EDGE_CURVE('',#682,#680,#588,.T.);
#849=EDGE_CURVE('',#683,#681,#589,.T.);
#850=EDGE_CURVE('',#682,#683,#330,.T.);
#851=EDGE_CURVE('',#682,#684,#331,.T.);
#852=EDGE_CURVE('',#685,#683,#332,.T.);
#853=EDGE_CURVE('',#684,#685,#333,.T.);
#854=EDGE_CURVE('',#684,#686,#334,.T.);
#855=EDGE_CURVE('',#687,#685,#335,.T.);
#856=EDGE_CURVE('',#686,#687,#336,.T.);
#857=EDGE_CURVE('',#688,#686,#590,.T.);
#858=EDGE_CURVE('',#689,#687,#591,.T.);
#859=EDGE_CURVE('',#688,#689,#337,.T.);
#860=EDGE_CURVE('',#688,#690,#338,.T.);
#861=EDGE_CURVE('',#691,#689,#339,.T.);
#862=EDGE_CURVE('',#690,#691,#340,.T.);
#863=EDGE_CURVE('',#690,#692,#341,.T.);
#864=EDGE_CURVE('',#693,#691,#342,.T.);
#865=EDGE_CURVE('',#692,#693,#343,.T.);
#866=EDGE_CURVE('',#694,#692,#592,.T.);
#867=EDGE_CURVE('',#695,#693,#593,.T.);
#868=EDGE_CURVE('',#694,#695,#344,.T.);
#869=EDGE_CURVE('',#694,#696,#345,.T.);
#870=EDGE_CURVE('',#697,#695,#346,.T.);
#871=EDGE_CURVE('',#696,#697,#347,.T.);
#872=EDGE_CURVE('',#696,#698,#348,.T.);
#873=EDGE_CURVE('',#699,#697,#349,.T.);
#874=EDGE_CURVE('',#698,#699,#350,.T.);
#875=EDGE_CURVE('',#700,#698,#594,.T.);
#876=EDGE_CURVE('',#701,#699,#595,.T.);
#877=EDGE_CURVE('',#700,#701,#351,.T.);
#878=EDGE_CURVE('',#700,#702,#352,.T.);
#879=EDGE_CURVE('',#703,#701,#353,.T.);
#880=EDGE_CURVE('',#702,#703,#354,.T.);
#881=EDGE_CURVE('',#702,#704,#355,.T.);
#882=EDGE_CURVE('',#705,#703,#356,.T.);
#883=EDGE_CURVE('',#704,#705,#357,.T.);
#884=EDGE_CURVE('',#670,#704,#596,.T.);
#885=EDGE_CURVE('',#672,#705,#597,.T.);
#886=EDGE_CURVE('',#706,#706,#598,.T.);
#887=EDGE_CURVE('',#706,#707,#358,.T.);
#888=EDGE_CURVE('',#707,#707,#599,.T.);
#889=EDGE_CURVE('',#708,#708,#600,.T.);
#890=EDGE_CURVE('',#708,#709,#359,.T.);
#891=EDGE_CURVE('',#709,#709,#601,.T.);
#892=EDGE_CURVE('',#710,#710,#602,.T.);
#893=EDGE_CURVE('',#710,#711,#360,.T.);
#894=EDGE_CURVE('',#711,#711,#603,.T.);
#895=EDGE_CURVE('',#712,#712,#604,.T.);
#896=EDGE_CURVE('',#712,#713,#361,.T.);
#897=EDGE_CURVE('',#713,#713,#605,.T.);
#898=EDGE_CURVE('',#714,#715,#362,.T.);
#899=EDGE_CURVE('',#714,#716,#363,.T.);
#900=EDGE_CURVE('',#717,#716,#364,.T.);
#901=EDGE_CURVE('',#715,#717,#365,.T.);
#902=EDGE_CURVE('',#715,#718,#366,.T.);
#903=EDGE_CURVE('',#719,#717,#367,.T.);
#904=EDGE_CURVE('',#718,#719,#368,.T.);
#905=EDGE_CURVE('',#718,#720,#369,.T.);
#906=EDGE_CURVE('',#721,#719,#370,.T.);
#907=EDGE_CURVE('',#720,#721,#371,.T.);
#908=EDGE_CURVE('',#720,#714,#372,.T.);
#909=EDGE_CURVE('',#716,#721,#373,.T.);
#910=EDGE_CURVE('',#722,#723,#374,.T.);
#911=EDGE_CURVE('',#724,#722,#375,.T.);
#912=EDGE_CURVE('',#725,#724,#376,.T.);
#913=EDGE_CURVE('',#725,#723,#377,.T.);
#914=EDGE_CURVE('',#723,#726,#606,.T.);
#915=EDGE_CURVE('',#727,#725,#607,.T.);
#916=EDGE_CURVE('',#727,#726,#378,.T.);
#917=EDGE_CURVE('',#726,#728,#379,.T.);
#918=EDGE_CURVE('',#729,#727,#380,.T.);
#919=EDGE_CURVE('',#729,#728,#381,.T.);
#920=EDGE_CURVE('',#728,#730,#608,.T.);
#921=EDGE_CURVE('',#731,#729,#609,.T.);
#922=EDGE_CURVE('',#731,#730,#382,.T.);
#923=EDGE_CURVE('',#730,#732,#383,.T.);
#924=EDGE_CURVE('',#731,#733,#384,.T.);
#925=EDGE_CURVE('',#733,#732,#385,.T.);
#926=EDGE_CURVE('',#732,#734,#386,.T.);
#927=EDGE_CURVE('',#733,#735,#387,.T.);
#928=EDGE_CURVE('',#735,#734,#388,.T.);
#929=EDGE_CURVE('',#734,#736,#610,.T.);
#930=EDGE_CURVE('',#735,#737,#611,.T.);
#931=EDGE_CURVE('',#737,#736,#389,.T.);
#932=EDGE_CURVE('',#736,#738,#390,.T.);
#933=EDGE_CURVE('',#739,#737,#391,.T.);
#934=EDGE_CURVE('',#739,#738,#392,.T.);
#935=EDGE_CURVE('',#738,#722,#612,.T.);
#936=EDGE_CURVE('',#724,#739,#613,.T.);
#937=EDGE_CURVE('',#740,#741,#393,.T.);
#938=EDGE_CURVE('',#741,#742,#394,.T.);
#939=EDGE_CURVE('',#743,#742,#395,.T.);
#940=EDGE_CURVE('',#740,#743,#396,.T.);
#941=EDGE_CURVE('',#740,#744,#614,.T.);
#942=EDGE_CURVE('',#745,#743,#615,.T.);
#943=EDGE_CURVE('',#744,#745,#397,.T.);
#944=EDGE_CURVE('',#746,#744,#398,.T.);
#945=EDGE_CURVE('',#747,#745,#399,.T.);
#946=EDGE_CURVE('',#746,#747,#400,.T.);
#947=EDGE_CURVE('',#748,#746,#616,.T.);
#948=EDGE_CURVE('',#749,#747,#617,.T.);
#949=EDGE_CURVE('',#748,#749,#401,.T.);
#950=EDGE_CURVE('',#750,#748,#402,.T.);
#951=EDGE_CURVE('',#751,#749,#403,.T.);
#952=EDGE_CURVE('',#750,#751,#404,.T.);
#953=EDGE_CURVE('',#752,#750,#618,.T.);
#954=EDGE_CURVE('',#753,#751,#619,.T.);
#955=EDGE_CURVE('',#752,#753,#405,.T.);
#956=EDGE_CURVE('',#754,#752,#406,.T.);
#957=EDGE_CURVE('',#755,#753,#407,.T.);
#958=EDGE_CURVE('',#754,#755,#408,.T.);
#959=EDGE_CURVE('',#756,#754,#620,.T.);
#960=EDGE_CURVE('',#757,#755,#621,.T.);
#961=EDGE_CURVE('',#756,#757,#409,.T.);
#962=EDGE_CURVE('',#758,#756,#410,.T.);
#963=EDGE_CURVE('',#759,#757,#411,.T.);
#964=EDGE_CURVE('',#758,#759,#412,.T.);
#965=EDGE_CURVE('',#741,#758,#413,.T.);
#966=EDGE_CURVE('',#742,#759,#414,.T.);
#967=ORIENTED_EDGE('',*,*,#760,.F.);
#968=ORIENTED_EDGE('',*,*,#761,.T.);
#969=ORIENTED_EDGE('',*,*,#762,.F.);
#970=ORIENTED_EDGE('',*,*,#761,.F.);
#971=ORIENTED_EDGE('',*,*,#763,.F.);
#972=ORIENTED_EDGE('',*,*,#764,.T.);
#973=ORIENTED_EDGE('',*,*,#765,.F.);
#974=ORIENTED_EDGE('',*,*,#764,.F.);
#975=ORIENTED_EDGE('',*,*,#763,.T.);
#976=ORIENTED_EDGE('',*,*,#760,.T.);
#977=ORIENTED_EDGE('',*,*,#766,.T.);
#978=ORIENTED_EDGE('',*,*,#765,.T.);
#979=ORIENTED_EDGE('',*,*,#767,.F.);
#980=ORIENTED_EDGE('',*,*,#768,.T.);
#981=ORIENTED_EDGE('',*,*,#766,.F.);
#982=ORIENTED_EDGE('',*,*,#768,.F.);
#983=ORIENTED_EDGE('',*,*,#769,.F.);
#984=ORIENTED_EDGE('',*,*,#770,.T.);
#985=ORIENTED_EDGE('',*,*,#771,.F.);
#986=ORIENTED_EDGE('',*,*,#770,.F.);
#987=ORIENTED_EDGE('',*,*,#769,.T.);
#988=ORIENTED_EDGE('',*,*,#767,.T.);
#989=ORIENTED_EDGE('',*,*,#772,.T.);
#990=ORIENTED_EDGE('',*,*,#771,.T.);
#991=ORIENTED_EDGE('',*,*,#773,.F.);
#992=ORIENTED_EDGE('',*,*,#774,.T.);
#993=ORIENTED_EDGE('',*,*,#772,.F.);
#994=ORIENTED_EDGE('',*,*,#774,.F.);
#995=ORIENTED_EDGE('',*,*,#775,.T.);
#996=ORIENTED_EDGE('',*,*,#773,.T.);
#997=ORIENTED_EDGE('',*,*,#776,.F.);
#998=ORIENTED_EDGE('',*,*,#777,.T.);
#999=ORIENTED_EDGE('',*,*,#775,.F.);
#1000=ORIENTED_EDGE('',*,*,#777,.F.);
#1001=ORIENTED_EDGE('',*,*,#776,.T.);
#1002=ORIENTED_EDGE('',*,*,#762,.T.);
#1003=ORIENTED_EDGE('',*,*,#778,.F.);
#1004=ORIENTED_EDGE('',*,*,#779,.T.);
#1005=ORIENTED_EDGE('',*,*,#780,.F.);
#1006=ORIENTED_EDGE('',*,*,#781,.F.);
#1007=ORIENTED_EDGE('',*,*,#782,.F.);
#1008=ORIENTED_EDGE('',*,*,#783,.T.);
#1009=ORIENTED_EDGE('',*,*,#784,.F.);
#1010=ORIENTED_EDGE('',*,*,#779,.F.);
#1011=ORIENTED_EDGE('',*,*,#785,.F.);
#1012=ORIENTED_EDGE('',*,*,#786,.T.);
#1013=ORIENTED_EDGE('',*,*,#787,.F.);
#1014=ORIENTED_EDGE('',*,*,#783,.F.);
#1015=ORIENTED_EDGE('',*,*,#788,.F.);
#1016=ORIENTED_EDGE('',*,*,#789,.T.);
#1017=ORIENTED_EDGE('',*,*,#790,.F.);
#1018=ORIENTED_EDGE('',*,*,#786,.F.);
#1019=ORIENTED_EDGE('',*,*,#791,.F.);
#1020=ORIENTED_EDGE('',*,*,#792,.T.);
#1021=ORIENTED_EDGE('',*,*,#793,.F.);
#1022=ORIENTED_EDGE('',*,*,#789,.F.);
#1023=ORIENTED_EDGE('',*,*,#794,.F.);
#1024=ORIENTED_EDGE('',*,*,#795,.T.);
#1025=ORIENTED_EDGE('',*,*,#796,.F.);
#1026=ORIENTED_EDGE('',*,*,#792,.F.);
#1027=ORIENTED_EDGE('',*,*,#797,.F.);
#1028=ORIENTED_EDGE('',*,*,#798,.T.);
#1029=ORIENTED_EDGE('',*,*,#799,.F.);
#1030=ORIENTED_EDGE('',*,*,#795,.F.);
#1031=ORIENTED_EDGE('',*,*,#800,.F.);
#1032=ORIENTED_EDGE('',*,*,#801,.T.);
#1033=ORIENTED_EDGE('',*,*,#802,.F.);
#1034=ORIENTED_EDGE('',*,*,#798,.F.);
#1035=ORIENTED_EDGE('',*,*,#803,.F.);
#1036=ORIENTED_EDGE('',*,*,#804,.T.);
#1037=ORIENTED_EDGE('',*,*,#805,.F.);
#1038=ORIENTED_EDGE('',*,*,#801,.F.);
#1039=ORIENTED_EDGE('',*,*,#806,.F.);
#1040=ORIENTED_EDGE('',*,*,#807,.T.);
#1041=ORIENTED_EDGE('',*,*,#808,.F.);
#1042=ORIENTED_EDGE('',*,*,#804,.F.);
#1043=ORIENTED_EDGE('',*,*,#809,.F.);
#1044=ORIENTED_EDGE('',*,*,#810,.T.);
#1045=ORIENTED_EDGE('',*,*,#811,.F.);
#1046=ORIENTED_EDGE('',*,*,#807,.F.);
#1047=ORIENTED_EDGE('',*,*,#812,.F.);
#1048=ORIENTED_EDGE('',*,*,#813,.T.);
#1049=ORIENTED_EDGE('',*,*,#814,.F.);
#1050=ORIENTED_EDGE('',*,*,#810,.F.);
#1051=ORIENTED_EDGE('',*,*,#815,.F.);
#1052=ORIENTED_EDGE('',*,*,#816,.T.);
#1053=ORIENTED_EDGE('',*,*,#817,.F.);
#1054=ORIENTED_EDGE('',*,*,#813,.F.);
#1055=ORIENTED_EDGE('',*,*,#818,.F.);
#1056=ORIENTED_EDGE('',*,*,#819,.T.);
#1057=ORIENTED_EDGE('',*,*,#820,.F.);
#1058=ORIENTED_EDGE('',*,*,#816,.F.);
#1059=ORIENTED_EDGE('',*,*,#821,.F.);
#1060=ORIENTED_EDGE('',*,*,#822,.T.);
#1061=ORIENTED_EDGE('',*,*,#823,.F.);
#1062=ORIENTED_EDGE('',*,*,#819,.F.);
#1063=ORIENTED_EDGE('',*,*,#824,.F.);
#1064=ORIENTED_EDGE('',*,*,#825,.T.);
#1065=ORIENTED_EDGE('',*,*,#826,.F.);
#1066=ORIENTED_EDGE('',*,*,#822,.F.);
#1067=ORIENTED_EDGE('',*,*,#827,.F.);
#1068=ORIENTED_EDGE('',*,*,#828,.T.);
#1069=ORIENTED_EDGE('',*,*,#829,.F.);
#1070=ORIENTED_EDGE('',*,*,#825,.F.);
#1071=ORIENTED_EDGE('',*,*,#830,.F.);
#1072=ORIENTED_EDGE('',*,*,#781,.T.);
#1073=ORIENTED_EDGE('',*,*,#831,.F.);
#1074=ORIENTED_EDGE('',*,*,#828,.F.);
#1075=ORIENTED_EDGE('',*,*,#832,.F.);
#1076=ORIENTED_EDGE('',*,*,#833,.T.);
#1077=ORIENTED_EDGE('',*,*,#834,.F.);
#1078=ORIENTED_EDGE('',*,*,#835,.F.);
#1079=ORIENTED_EDGE('',*,*,#836,.F.);
#1080=ORIENTED_EDGE('',*,*,#835,.T.);
#1081=ORIENTED_EDGE('',*,*,#837,.F.);
#1082=ORIENTED_EDGE('',*,*,#838,.F.);
#1083=ORIENTED_EDGE('',*,*,#839,.T.);
#1084=ORIENTED_EDGE('',*,*,#838,.T.);
#1085=ORIENTED_EDGE('',*,*,#840,.F.);
#1086=ORIENTED_EDGE('',*,*,#841,.F.);
#1087=ORIENTED_EDGE('',*,*,#842,.F.);
#1088=ORIENTED_EDGE('',*,*,#841,.T.);
#1089=ORIENTED_EDGE('',*,*,#843,.F.);
#1090=ORIENTED_EDGE('',*,*,#844,.F.);
#1091=ORIENTED_EDGE('',*,*,#845,.F.);
#1092=ORIENTED_EDGE('',*,*,#844,.T.);
#1093=ORIENTED_EDGE('',*,*,#846,.F.);
#1094=ORIENTED_EDGE('',*,*,#847,.F.);
#1095=ORIENTED_EDGE('',*,*,#848,.T.);
#1096=ORIENTED_EDGE('',*,*,#847,.T.);
#1097=ORIENTED_EDGE('',*,*,#849,.F.);
#1098=ORIENTED_EDGE('',*,*,#850,.F.);
#1099=ORIENTED_EDGE('',*,*,#851,.F.);
#1100=ORIENTED_EDGE('',*,*,#850,.T.);
#1101=ORIENTED_EDGE('',*,*,#852,.F.);
#1102=ORIENTED_EDGE('',*,*,#853,.F.);
#1103=ORIENTED_EDGE('',*,*,#854,.F.);
#1104=ORIENTED_EDGE('',*,*,#853,.T.);
#1105=ORIENTED_EDGE('',*,*,#855,.F.);
#1106=ORIENTED_EDGE('',*,*,#856,.F.);
#1107=ORIENTED_EDGE('',*,*,#857,.T.);
#1108=ORIENTED_EDGE('',*,*,#856,.T.);
#1109=ORIENTED_EDGE('',*,*,#858,.F.);
#1110=ORIENTED_EDGE('',*,*,#859,.F.);
#1111=ORIENTED_EDGE('',*,*,#860,.F.);
#1112=ORIENTED_EDGE('',*,*,#859,.T.);
#1113=ORIENTED_EDGE('',*,*,#861,.F.);
#1114=ORIENTED_EDGE('',*,*,#862,.F.);
#1115=ORIENTED_EDGE('',*,*,#863,.F.);
#1116=ORIENTED_EDGE('',*,*,#862,.T.);
#1117=ORIENTED_EDGE('',*,*,#864,.F.);
#1118=ORIENTED_EDGE('',*,*,#865,.F.);
#1119=ORIENTED_EDGE('',*,*,#866,.T.);
#1120=ORIENTED_EDGE('',*,*,#865,.T.);
#1121=ORIENTED_EDGE('',*,*,#867,.F.);
#1122=ORIENTED_EDGE('',*,*,#868,.F.);
#1123=ORIENTED_EDGE('',*,*,#869,.F.);
#1124=ORIENTED_EDGE('',*,*,#868,.T.);
#1125=ORIENTED_EDGE('',*,*,#870,.F.);
#1126=ORIENTED_EDGE('',*,*,#871,.F.);
#1127=ORIENTED_EDGE('',*,*,#872,.F.);
#1128=ORIENTED_EDGE('',*,*,#871,.T.);
#1129=ORIENTED_EDGE('',*,*,#873,.F.);
#1130=ORIENTED_EDGE('',*,*,#874,.F.);
#1131=ORIENTED_EDGE('',*,*,#875,.T.);
#1132=ORIENTED_EDGE('',*,*,#874,.T.);
#1133=ORIENTED_EDGE('',*,*,#876,.F.);
#1134=ORIENTED_EDGE('',*,*,#877,.F.);
#1135=ORIENTED_EDGE('',*,*,#878,.F.);
#1136=ORIENTED_EDGE('',*,*,#877,.T.);
#1137=ORIENTED_EDGE('',*,*,#879,.F.);
#1138=ORIENTED_EDGE('',*,*,#880,.F.);
#1139=ORIENTED_EDGE('',*,*,#881,.F.);
#1140=ORIENTED_EDGE('',*,*,#880,.T.);
#1141=ORIENTED_EDGE('',*,*,#882,.F.);
#1142=ORIENTED_EDGE('',*,*,#883,.F.);
#1143=ORIENTED_EDGE('',*,*,#884,.T.);
#1144=ORIENTED_EDGE('',*,*,#883,.T.);
#1145=ORIENTED_EDGE('',*,*,#885,.F.);
#1146=ORIENTED_EDGE('',*,*,#833,.F.);
#1147=ORIENTED_EDGE('',*,*,#885,.T.);
#1148=ORIENTED_EDGE('',*,*,#882,.T.);
#1149=ORIENTED_EDGE('',*,*,#879,.T.);
#1150=ORIENTED_EDGE('',*,*,#876,.T.);
#1151=ORIENTED_EDGE('',*,*,#873,.T.);
#1152=ORIENTED_EDGE('',*,*,#870,.T.);
#1153=ORIENTED_EDGE('',*,*,#867,.T.);
#1154=ORIENTED_EDGE('',*,*,#864,.T.);
#1155=ORIENTED_EDGE('',*,*,#861,.T.);
#1156=ORIENTED_EDGE('',*,*,#858,.T.);
#1157=ORIENTED_EDGE('',*,*,#855,.T.);
#1158=ORIENTED_EDGE('',*,*,#852,.T.);
#1159=ORIENTED_EDGE('',*,*,#849,.T.);
#1160=ORIENTED_EDGE('',*,*,#846,.T.);
#1161=ORIENTED_EDGE('',*,*,#843,.T.);
#1162=ORIENTED_EDGE('',*,*,#840,.T.);
#1163=ORIENTED_EDGE('',*,*,#837,.T.);
#1164=ORIENTED_EDGE('',*,*,#834,.T.);
#1165=ORIENTED_EDGE('',*,*,#780,.T.);
#1166=ORIENTED_EDGE('',*,*,#784,.T.);
#1167=ORIENTED_EDGE('',*,*,#787,.T.);
#1168=ORIENTED_EDGE('',*,*,#790,.T.);
#1169=ORIENTED_EDGE('',*,*,#793,.T.);
#1170=ORIENTED_EDGE('',*,*,#796,.T.);
#1171=ORIENTED_EDGE('',*,*,#799,.T.);
#1172=ORIENTED_EDGE('',*,*,#802,.T.);
#1173=ORIENTED_EDGE('',*,*,#805,.T.);
#1174=ORIENTED_EDGE('',*,*,#808,.T.);
#1175=ORIENTED_EDGE('',*,*,#811,.T.);
#1176=ORIENTED_EDGE('',*,*,#814,.T.);
#1177=ORIENTED_EDGE('',*,*,#817,.T.);
#1178=ORIENTED_EDGE('',*,*,#820,.T.);
#1179=ORIENTED_EDGE('',*,*,#823,.T.);
#1180=ORIENTED_EDGE('',*,*,#826,.T.);
#1181=ORIENTED_EDGE('',*,*,#829,.T.);
#1182=ORIENTED_EDGE('',*,*,#831,.T.);
#1183=ORIENTED_EDGE('',*,*,#884,.F.);
#1184=ORIENTED_EDGE('',*,*,#832,.T.);
#1185=ORIENTED_EDGE('',*,*,#836,.T.);
#1186=ORIENTED_EDGE('',*,*,#839,.F.);
#1187=ORIENTED_EDGE('',*,*,#842,.T.);
#1188=ORIENTED_EDGE('',*,*,#845,.T.);
#1189=ORIENTED_EDGE('',*,*,#848,.F.);
#1190=ORIENTED_EDGE('',*,*,#851,.T.);
#1191=ORIENTED_EDGE('',*,*,#854,.T.);
#1192=ORIENTED_EDGE('',*,*,#857,.F.);
#1193=ORIENTED_EDGE('',*,*,#860,.T.);
#1194=ORIENTED_EDGE('',*,*,#863,.T.);
#1195=ORIENTED_EDGE('',*,*,#866,.F.);
#1196=ORIENTED_EDGE('',*,*,#869,.T.);
#1197=ORIENTED_EDGE('',*,*,#872,.T.);
#1198=ORIENTED_EDGE('',*,*,#875,.F.);
#1199=ORIENTED_EDGE('',*,*,#878,.T.);
#1200=ORIENTED_EDGE('',*,*,#881,.T.);
#1201=ORIENTED_EDGE('',*,*,#778,.T.);
#1202=ORIENTED_EDGE('',*,*,#830,.T.);
#1203=ORIENTED_EDGE('',*,*,#827,.T.);
#1204=ORIENTED_EDGE('',*,*,#824,.T.);
#1205=ORIENTED_EDGE('',*,*,#821,.T.);
#1206=ORIENTED_EDGE('',*,*,#818,.T.);
#1207=ORIENTED_EDGE('',*,*,#815,.T.);
#1208=ORIENTED_EDGE('',*,*,#812,.T.);
#1209=ORIENTED_EDGE('',*,*,#809,.T.);
#1210=ORIENTED_EDGE('',*,*,#806,.T.);
#1211=ORIENTED_EDGE('',*,*,#803,.T.);
#1212=ORIENTED_EDGE('',*,*,#800,.T.);
#1213=ORIENTED_EDGE('',*,*,#797,.T.);
#1214=ORIENTED_EDGE('',*,*,#794,.T.);
#1215=ORIENTED_EDGE('',*,*,#791,.T.);
#1216=ORIENTED_EDGE('',*,*,#788,.T.);
#1217=ORIENTED_EDGE('',*,*,#785,.T.);
#1218=ORIENTED_EDGE('',*,*,#782,.T.);
#1219=ORIENTED_EDGE('',*,*,#886,.F.);
#1220=ORIENTED_EDGE('',*,*,#887,.T.);
#1221=ORIENTED_EDGE('',*,*,#888,.F.);
#1222=ORIENTED_EDGE('',*,*,#887,.F.);
#1223=ORIENTED_EDGE('',*,*,#889,.F.);
#1224=ORIENTED_EDGE('',*,*,#890,.T.);
#1225=ORIENTED_EDGE('',*,*,#891,.F.);
#1226=ORIENTED_EDGE('',*,*,#890,.F.);
#1227=ORIENTED_EDGE('',*,*,#892,.F.);
#1228=ORIENTED_EDGE('',*,*,#893,.T.);
#1229=ORIENTED_EDGE('',*,*,#894,.F.);
#1230=ORIENTED_EDGE('',*,*,#893,.F.);
#1231=ORIENTED_EDGE('',*,*,#895,.F.);
#1232=ORIENTED_EDGE('',*,*,#896,.T.);
#1233=ORIENTED_EDGE('',*,*,#897,.F.);
#1234=ORIENTED_EDGE('',*,*,#896,.F.);
#1235=ORIENTED_EDGE('',*,*,#898,.F.);
#1236=ORIENTED_EDGE('',*,*,#899,.T.);
#1237=ORIENTED_EDGE('',*,*,#900,.F.);
#1238=ORIENTED_EDGE('',*,*,#901,.F.);
#1239=ORIENTED_EDGE('',*,*,#902,.F.);
#1240=ORIENTED_EDGE('',*,*,#901,.T.);
#1241=ORIENTED_EDGE('',*,*,#903,.F.);
#1242=ORIENTED_EDGE('',*,*,#904,.F.);
#1243=ORIENTED_EDGE('',*,*,#905,.F.);
#1244=ORIENTED_EDGE('',*,*,#904,.T.);
#1245=ORIENTED_EDGE('',*,*,#906,.F.);
#1246=ORIENTED_EDGE('',*,*,#907,.F.);
#1247=ORIENTED_EDGE('',*,*,#908,.F.);
#1248=ORIENTED_EDGE('',*,*,#907,.T.);
#1249=ORIENTED_EDGE('',*,*,#909,.F.);
#1250=ORIENTED_EDGE('',*,*,#899,.F.);
#1251=ORIENTED_EDGE('',*,*,#910,.F.);
#1252=ORIENTED_EDGE('',*,*,#911,.F.);
#1253=ORIENTED_EDGE('',*,*,#912,.F.);
#1254=ORIENTED_EDGE('',*,*,#913,.T.);
#1255=ORIENTED_EDGE('',*,*,#914,.F.);
#1256=ORIENTED_EDGE('',*,*,#913,.F.);
#1257=ORIENTED_EDGE('',*,*,#915,.F.);
#1258=ORIENTED_EDGE('',*,*,#916,.T.);
#1259=ORIENTED_EDGE('',*,*,#917,.F.);
#1260=ORIENTED_EDGE('',*,*,#916,.F.);
#1261=ORIENTED_EDGE('',*,*,#918,.F.);
#1262=ORIENTED_EDGE('',*,*,#919,.T.);
#1263=ORIENTED_EDGE('',*,*,#920,.F.);
#1264=ORIENTED_EDGE('',*,*,#919,.F.);
#1265=ORIENTED_EDGE('',*,*,#921,.F.);
#1266=ORIENTED_EDGE('',*,*,#922,.T.);
#1267=ORIENTED_EDGE('',*,*,#923,.F.);
#1268=ORIENTED_EDGE('',*,*,#922,.F.);
#1269=ORIENTED_EDGE('',*,*,#924,.T.);
#1270=ORIENTED_EDGE('',*,*,#925,.T.);
#1271=ORIENTED_EDGE('',*,*,#926,.F.);
#1272=ORIENTED_EDGE('',*,*,#925,.F.);
#1273=ORIENTED_EDGE('',*,*,#927,.T.);
#1274=ORIENTED_EDGE('',*,*,#928,.T.);
#1275=ORIENTED_EDGE('',*,*,#929,.F.);
#1276=ORIENTED_EDGE('',*,*,#928,.F.);
#1277=ORIENTED_EDGE('',*,*,#930,.T.);
#1278=ORIENTED_EDGE('',*,*,#931,.T.);
#1279=ORIENTED_EDGE('',*,*,#932,.F.);
#1280=ORIENTED_EDGE('',*,*,#931,.F.);
#1281=ORIENTED_EDGE('',*,*,#933,.F.);
#1282=ORIENTED_EDGE('',*,*,#934,.T.);
#1283=ORIENTED_EDGE('',*,*,#935,.F.);
#1284=ORIENTED_EDGE('',*,*,#934,.F.);
#1285=ORIENTED_EDGE('',*,*,#936,.F.);
#1286=ORIENTED_EDGE('',*,*,#911,.T.);
#1287=ORIENTED_EDGE('',*,*,#921,.T.);
#1288=ORIENTED_EDGE('',*,*,#918,.T.);
#1289=ORIENTED_EDGE('',*,*,#915,.T.);
#1290=ORIENTED_EDGE('',*,*,#912,.T.);
#1291=ORIENTED_EDGE('',*,*,#936,.T.);
#1292=ORIENTED_EDGE('',*,*,#933,.T.);
#1293=ORIENTED_EDGE('',*,*,#930,.F.);
#1294=ORIENTED_EDGE('',*,*,#927,.F.);
#1295=ORIENTED_EDGE('',*,*,#924,.F.);
#1296=ORIENTED_EDGE('',*,*,#905,.T.);
#1297=ORIENTED_EDGE('',*,*,#908,.T.);
#1298=ORIENTED_EDGE('',*,*,#898,.T.);
#1299=ORIENTED_EDGE('',*,*,#902,.T.);
#1300=ORIENTED_EDGE('',*,*,#895,.T.);
#1301=ORIENTED_EDGE('',*,*,#892,.T.);
#1302=ORIENTED_EDGE('',*,*,#889,.T.);
#1303=ORIENTED_EDGE('',*,*,#886,.T.);
#1304=ORIENTED_EDGE('',*,*,#937,.T.);
#1305=ORIENTED_EDGE('',*,*,#938,.T.);
#1306=ORIENTED_EDGE('',*,*,#939,.F.);
#1307=ORIENTED_EDGE('',*,*,#940,.F.);
#1308=ORIENTED_EDGE('',*,*,#941,.F.);
#1309=ORIENTED_EDGE('',*,*,#940,.T.);
#1310=ORIENTED_EDGE('',*,*,#942,.F.);
#1311=ORIENTED_EDGE('',*,*,#943,.F.);
#1312=ORIENTED_EDGE('',*,*,#944,.T.);
#1313=ORIENTED_EDGE('',*,*,#943,.T.);
#1314=ORIENTED_EDGE('',*,*,#945,.F.);
#1315=ORIENTED_EDGE('',*,*,#946,.F.);
#1316=ORIENTED_EDGE('',*,*,#947,.T.);
#1317=ORIENTED_EDGE('',*,*,#946,.T.);
#1318=ORIENTED_EDGE('',*,*,#948,.F.);
#1319=ORIENTED_EDGE('',*,*,#949,.F.);
#1320=ORIENTED_EDGE('',*,*,#950,.T.);
#1321=ORIENTED_EDGE('',*,*,#949,.T.);
#1322=ORIENTED_EDGE('',*,*,#951,.F.);
#1323=ORIENTED_EDGE('',*,*,#952,.F.);
#1324=ORIENTED_EDGE('',*,*,#953,.T.);
#1325=ORIENTED_EDGE('',*,*,#952,.T.);
#1326=ORIENTED_EDGE('',*,*,#954,.F.);
#1327=ORIENTED_EDGE('',*,*,#955,.F.);
#1328=ORIENTED_EDGE('',*,*,#956,.T.);
#1329=ORIENTED_EDGE('',*,*,#955,.T.);
#1330=ORIENTED_EDGE('',*,*,#957,.F.);
#1331=ORIENTED_EDGE('',*,*,#958,.F.);
#1332=ORIENTED_EDGE('',*,*,#959,.T.);
#1333=ORIENTED_EDGE('',*,*,#958,.T.);
#1334=ORIENTED_EDGE('',*,*,#960,.F.);
#1335=ORIENTED_EDGE('',*,*,#961,.F.);
#1336=ORIENTED_EDGE('',*,*,#962,.T.);
#1337=ORIENTED_EDGE('',*,*,#961,.T.);
#1338=ORIENTED_EDGE('',*,*,#963,.F.);
#1339=ORIENTED_EDGE('',*,*,#964,.F.);
#1340=ORIENTED_EDGE('',*,*,#965,.T.);
#1341=ORIENTED_EDGE('',*,*,#964,.T.);
#1342=ORIENTED_EDGE('',*,*,#966,.F.);
#1343=ORIENTED_EDGE('',*,*,#938,.F.);
#1344=ORIENTED_EDGE('',*,*,#966,.T.);
#1345=ORIENTED_EDGE('',*,*,#963,.T.);
#1346=ORIENTED_EDGE('',*,*,#960,.T.);
#1347=ORIENTED_EDGE('',*,*,#957,.T.);
#1348=ORIENTED_EDGE('',*,*,#954,.T.);
#1349=ORIENTED_EDGE('',*,*,#951,.T.);
#1350=ORIENTED_EDGE('',*,*,#948,.T.);
#1351=ORIENTED_EDGE('',*,*,#945,.T.);
#1352=ORIENTED_EDGE('',*,*,#942,.T.);
#1353=ORIENTED_EDGE('',*,*,#939,.T.);
#1354=ORIENTED_EDGE('',*,*,#923,.T.);
#1355=ORIENTED_EDGE('',*,*,#926,.T.);
#1356=ORIENTED_EDGE('',*,*,#929,.T.);
#1357=ORIENTED_EDGE('',*,*,#932,.T.);
#1358=ORIENTED_EDGE('',*,*,#935,.T.);
#1359=ORIENTED_EDGE('',*,*,#910,.T.);
#1360=ORIENTED_EDGE('',*,*,#914,.T.);
#1361=ORIENTED_EDGE('',*,*,#917,.T.);
#1362=ORIENTED_EDGE('',*,*,#920,.T.);
#1363=ORIENTED_EDGE('',*,*,#965,.F.);
#1364=ORIENTED_EDGE('',*,*,#937,.F.);
#1365=ORIENTED_EDGE('',*,*,#941,.T.);
#1366=ORIENTED_EDGE('',*,*,#944,.F.);
#1367=ORIENTED_EDGE('',*,*,#947,.F.);
#1368=ORIENTED_EDGE('',*,*,#950,.F.);
#1369=ORIENTED_EDGE('',*,*,#953,.F.);
#1370=ORIENTED_EDGE('',*,*,#956,.F.);
#1371=ORIENTED_EDGE('',*,*,#959,.F.);
#1372=ORIENTED_EDGE('',*,*,#962,.F.);
#1373=ORIENTED_EDGE('',*,*,#906,.T.);
#1374=ORIENTED_EDGE('',*,*,#903,.T.);
#1375=ORIENTED_EDGE('',*,*,#900,.T.);
#1376=ORIENTED_EDGE('',*,*,#909,.T.);
#1377=ORIENTED_EDGE('',*,*,#897,.T.);
#1378=ORIENTED_EDGE('',*,*,#894,.T.);
#1379=ORIENTED_EDGE('',*,*,#891,.T.);
#1380=ORIENTED_EDGE('',*,*,#888,.T.);
#1381=CYLINDRICAL_SURFACE('',#1508,34.);
#1382=CYLINDRICAL_SURFACE('',#1511,37.);
#1383=CYLINDRICAL_SURFACE('',#1517,39.5);
#1384=CYLINDRICAL_SURFACE('',#1519,41.5);
#1385=CYLINDRICAL_SURFACE('',#1525,43.);
#1386=CYLINDRICAL_SURFACE('',#1529,45.);
#1387=CYLINDRICAL_SURFACE('',#1535,2.00000002980232);
#1388=CYLINDRICAL_SURFACE('',#1540,2.00000002980232);
#1389=CYLINDRICAL_SURFACE('',#1545,2.00000002980232);
#1390=CYLINDRICAL_SURFACE('',#1550,2.00000002980232);
#1391=CYLINDRICAL_SURFACE('',#1555,2.00000002980232);
#1392=CYLINDRICAL_SURFACE('',#1560,2.00000002980232);
#1393=CYLINDRICAL_SURFACE('',#1565,2.60000003874302);
#1394=CYLINDRICAL_SURFACE('',#1570,2.60000003874302);
#1395=CYLINDRICAL_SURFACE('',#1575,2.60000003874302);
#1396=CYLINDRICAL_SURFACE('',#1580,2.60000003874302);
#1397=CYLINDRICAL_SURFACE('',#1585,2.60000003874302);
#1398=CYLINDRICAL_SURFACE('',#1590,2.60000003874302);
#1399=CYLINDRICAL_SURFACE('',#1595,1.75);
#1400=CYLINDRICAL_SURFACE('',#1598,1.75);
#1401=CYLINDRICAL_SURFACE('',#1601,1.75);
#1402=CYLINDRICAL_SURFACE('',#1604,1.75);
#1403=CYLINDRICAL_SURFACE('',#1612,4.50000000000002);
#1404=CYLINDRICAL_SURFACE('',#1616,4.50000000000001);
#1405=CYLINDRICAL_SURFACE('',#1621,4.49999999999999);
#1406=CYLINDRICAL_SURFACE('',#1625,4.50000000000001);
#1407=CYLINDRICAL_SURFACE('',#1630,6.00000000000001);
#1408=CYLINDRICAL_SURFACE('',#1634,6.);
#1409=CYLINDRICAL_SURFACE('',#1638,7.99999999999997);
#1410=CYLINDRICAL_SURFACE('',#1642,4.99999999999998);
#1411=ADVANCED_FACE('',(#88),#1381,.F.);
#1412=ADVANCED_FACE('',(#89),#1382,.T.);
#1413=ADVANCED_FACE('',(#90,#19),#37,.F.);
#1414=ADVANCED_FACE('',(#91,#20),#38,.F.);
#1415=ADVANCED_FACE('',(#92),#1383,.F.);
#1416=ADVANCED_FACE('',(#93),#1384,.T.);
#1417=ADVANCED_FACE('',(#94,#21),#39,.F.);
#1418=ADVANCED_FACE('',(#95,#22),#40,.F.);
#1419=ADVANCED_FACE('',(#96),#1385,.F.);
#1420=ADVANCED_FACE('',(#97,#23),#41,.F.);
#1421=ADVANCED_FACE('',(#98),#1386,.T.);
#1422=ADVANCED_FACE('',(#99),#42,.T.);
#1423=ADVANCED_FACE('',(#100),#43,.F.);
#1424=ADVANCED_FACE('',(#101),#44,.F.);
#1425=ADVANCED_FACE('',(#102),#45,.F.);
#1426=ADVANCED_FACE('',(#103),#1387,.F.);
#1427=ADVANCED_FACE('',(#104),#46,.F.);
#1428=ADVANCED_FACE('',(#105),#47,.F.);
#1429=ADVANCED_FACE('',(#106),#1388,.F.);
#1430=ADVANCED_FACE('',(#107),#48,.F.);
#1431=ADVANCED_FACE('',(#108),#49,.F.);
#1432=ADVANCED_FACE('',(#109),#1389,.F.);
#1433=ADVANCED_FACE('',(#110),#50,.F.);
#1434=ADVANCED_FACE('',(#111),#51,.F.);
#1435=ADVANCED_FACE('',(#112),#1390,.F.);
#1436=ADVANCED_FACE('',(#113),#52,.F.);
#1437=ADVANCED_FACE('',(#114),#53,.F.);
#1438=ADVANCED_FACE('',(#115),#1391,.F.);
#1439=ADVANCED_FACE('',(#116),#54,.F.);
#1440=ADVANCED_FACE('',(#117),#55,.F.);
#1441=ADVANCED_FACE('',(#118),#1392,.F.);
#1442=ADVANCED_FACE('',(#119),#56,.T.);
#1443=ADVANCED_FACE('',(#120),#57,.T.);
#1444=ADVANCED_FACE('',(#121),#1393,.T.);
#1445=ADVANCED_FACE('',(#122),#58,.T.);
#1446=ADVANCED_FACE('',(#123),#59,.T.);
#1447=ADVANCED_FACE('',(#124),#1394,.T.);
#1448=ADVANCED_FACE('',(#125),#60,.T.);
#1449=ADVANCED_FACE('',(#126),#61,.T.);
#1450=ADVANCED_FACE('',(#127),#1395,.T.);
#1451=ADVANCED_FACE('',(#128),#62,.T.);
#1452=ADVANCED_FACE('',(#129),#63,.T.);
#1453=ADVANCED_FACE('',(#130),#1396,.T.);
#1454=ADVANCED_FACE('',(#131),#64,.T.);
#1455=ADVANCED_FACE('',(#132),#65,.T.);
#1456=ADVANCED_FACE('',(#133),#1397,.T.);
#1457=ADVANCED_FACE('',(#134),#66,.T.);
#1458=ADVANCED_FACE('',(#135),#67,.T.);
#1459=ADVANCED_FACE('',(#136),#1398,.T.);
#1460=ADVANCED_FACE('',(#137,#24),#68,.T.);
#1461=ADVANCED_FACE('',(#138,#25),#69,.F.);
#1462=ADVANCED_FACE('',(#139),#1399,.F.);
#1463=ADVANCED_FACE('',(#140),#1400,.F.);
#1464=ADVANCED_FACE('',(#141),#1401,.F.);
#1465=ADVANCED_FACE('',(#142),#1402,.F.);
#1466=ADVANCED_FACE('',(#143),#70,.F.);
#1467=ADVANCED_FACE('',(#144),#71,.F.);
#1468=ADVANCED_FACE('',(#145),#72,.F.);
#1469=ADVANCED_FACE('',(#146),#73,.F.);
#1470=ADVANCED_FACE('',(#147),#74,.F.);
#1471=ADVANCED_FACE('',(#148),#1403,.F.);
#1472=ADVANCED_FACE('',(#149),#75,.F.);
#1473=ADVANCED_FACE('',(#150),#1404,.F.);
#1474=ADVANCED_FACE('',(#151),#76,.F.);
#1475=ADVANCED_FACE('',(#152),#77,.F.);
#1476=ADVANCED_FACE('',(#153),#1405,.T.);
#1477=ADVANCED_FACE('',(#154),#78,.F.);
#1478=ADVANCED_FACE('',(#155),#1406,.F.);
#1479=ADVANCED_FACE('',(#156,#26,#27,#28,#29,#30),#79,.T.);
#1480=ADVANCED_FACE('',(#157),#80,.T.);
#1481=ADVANCED_FACE('',(#158),#1407,.F.);
#1482=ADVANCED_FACE('',(#159),#81,.T.);
#1483=ADVANCED_FACE('',(#160),#1408,.T.);
#1484=ADVANCED_FACE('',(#161),#82,.T.);
#1485=ADVANCED_FACE('',(#162),#1409,.T.);
#1486=ADVANCED_FACE('',(#163),#83,.T.);
#1487=ADVANCED_FACE('',(#164),#1410,.T.);
#1488=ADVANCED_FACE('',(#165),#84,.T.);
#1489=ADVANCED_FACE('',(#166),#85,.T.);
#1490=ADVANCED_FACE('',(#167,#31),#86,.T.);
#1491=ADVANCED_FACE('',(#168,#32,#33,#34,#35,#36),#87,.F.);
#1492=CLOSED_SHELL('',(#1411,#1412,#1413,#1414,#1415,#1416,#1417,#1418,
#1419,#1420,#1421,#1422,#1423));
#1493=CLOSED_SHELL('',(#1424,#1425,#1426,#1427,#1428,#1429,#1430,#1431,
#1432,#1433,#1434,#1435,#1436,#1437,#1438,#1439,#1440,#1441,#1442,#1443,
#1444,#1445,#1446,#1447,#1448,#1449,#1450,#1451,#1452,#1453,#1454,#1455,
#1456,#1457,#1458,#1459,#1460,#1461));
#1494=CLOSED_SHELL('',(#1462,#1463,#1464,#1465,#1466,#1467,#1468,#1469,
#1470,#1471,#1472,#1473,#1474,#1475,#1476,#1477,#1478,#1479,#1480,#1481,
#1482,#1483,#1484,#1485,#1486,#1487,#1488,#1489,#1490,#1491));
#1495=DERIVED_UNIT_ELEMENT(#1497,1.);
#1496=DERIVED_UNIT_ELEMENT(#2512,-3.);
#1497=(
MASS_UNIT()
NAMED_UNIT(*)
SI_UNIT(.KILO.,.GRAM.)
);
#1498=DERIVED_UNIT((#1495,#1496));
#1499=MEASURE_REPRESENTATION_ITEM('density measure',
POSITIVE_RATIO_MEASURE(7850.),#1498);
#1500=PROPERTY_DEFINITION_REPRESENTATION(#1505,#1502);
#1501=PROPERTY_DEFINITION_REPRESENTATION(#1506,#1503);
#1502=REPRESENTATION('material name',(#1504),#2509);
#1503=REPRESENTATION('density',(#1499),#2509);
#1504=DESCRIPTIVE_REPRESENTATION_ITEM('Steel','Steel');
#1505=PROPERTY_DEFINITION('material property','material name',#2519);
#1506=PROPERTY_DEFINITION('material property','density of part',#2519);
#1507=AXIS2_PLACEMENT_3D('',#2080,#1649,#1650);
#1508=AXIS2_PLACEMENT_3D('',#2081,#1651,#1652);
#1509=AXIS2_PLACEMENT_3D('',#2083,#1653,#1654);
#1510=AXIS2_PLACEMENT_3D('',#2086,#1656,#1657);
#1511=AXIS2_PLACEMENT_3D('',#2087,#1658,#1659);
#1512=AXIS2_PLACEMENT_3D('',#2089,#1660,#1661);
#1513=AXIS2_PLACEMENT_3D('',#2092,#1663,#1664);
#1514=AXIS2_PLACEMENT_3D('',#2093,#1665,#1666);
#1515=AXIS2_PLACEMENT_3D('',#2094,#1667,#1668);
#1516=AXIS2_PLACEMENT_3D('',#2096,#1669,#1670);
#1517=AXIS2_PLACEMENT_3D('',#2097,#1671,#1672);
#1518=AXIS2_PLACEMENT_3D('',#2099,#1673,#1674);
#1519=AXIS2_PLACEMENT_3D('',#2101,#1676,#1677);
#1520=AXIS2_PLACEMENT_3D('',#2103,#1678,#1679);
#1521=AXIS2_PLACEMENT_3D('',#2106,#1681,#1682);
#1522=AXIS2_PLACEMENT_3D('',#2107,#1683,#1684);
#1523=AXIS2_PLACEMENT_3D('',#2108,#1685,#1686);
#1524=AXIS2_PLACEMENT_3D('',#2110,#1687,#1688);
#1525=AXIS2_PLACEMENT_3D('',#2111,#1689,#1690);
#1526=AXIS2_PLACEMENT_3D('',#2113,#1691,#1692);
#1527=AXIS2_PLACEMENT_3D('',#2115,#1694,#1695);
#1528=AXIS2_PLACEMENT_3D('',#2117,#1696,#1697);
#1529=AXIS2_PLACEMENT_3D('',#2118,#1698,#1699);
#1530=AXIS2_PLACEMENT_3D('',#2120,#1700,#1701);
#1531=AXIS2_PLACEMENT_3D('',#2122,#1703,#1704);
#1532=AXIS2_PLACEMENT_3D('',#2123,#1705,#1706);
#1533=AXIS2_PLACEMENT_3D('',#2124,#1707,#1708);
#1534=AXIS2_PLACEMENT_3D('',#2133,#1713,#1714);
#1535=AXIS2_PLACEMENT_3D('',#2139,#1718,#1719);
#1536=AXIS2_PLACEMENT_3D('',#2141,#1720,#1721);
#1537=AXIS2_PLACEMENT_3D('',#2144,#1723,#1724);
#1538=AXIS2_PLACEMENT_3D('',#2145,#1725,#1726);
#1539=AXIS2_PLACEMENT_3D('',#2151,#1730,#1731);
#1540=AXIS2_PLACEMENT_3D('',#2157,#1735,#1736);
#1541=AXIS2_PLACEMENT_3D('',#2159,#1737,#1738);
#1542=AXIS2_PLACEMENT_3D('',#2162,#1740,#1741);
#1543=AXIS2_PLACEMENT_3D('',#2163,#1742,#1743);
#1544=AXIS2_PLACEMENT_3D('',#2169,#1747,#1748);
#1545=AXIS2_PLACEMENT_3D('',#2175,#1752,#1753);
#1546=AXIS2_PLACEMENT_3D('',#2177,#1754,#1755);
#1547=AXIS2_PLACEMENT_3D('',#2180,#1757,#1758);
#1548=AXIS2_PLACEMENT_3D('',#2181,#1759,#1760);
#1549=AXIS2_PLACEMENT_3D('',#2187,#1764,#1765);
#1550=AXIS2_PLACEMENT_3D('',#2193,#1769,#1770);
#1551=AXIS2_PLACEMENT_3D('',#2195,#1771,#1772);
#1552=AXIS2_PLACEMENT_3D('',#2198,#1774,#1775);
#1553=AXIS2_PLACEMENT_3D('',#2199,#1776,#1777);
#1554=AXIS2_PLACEMENT_3D('',#2205,#1781,#1782);
#1555=AXIS2_PLACEMENT_3D('',#2211,#1786,#1787);
#1556=AXIS2_PLACEMENT_3D('',#2213,#1788,#1789);
#1557=AXIS2_PLACEMENT_3D('',#2216,#1791,#1792);
#1558=AXIS2_PLACEMENT_3D('',#2217,#1793,#1794);
#1559=AXIS2_PLACEMENT_3D('',#2223,#1798,#1799);
#1560=AXIS2_PLACEMENT_3D('',#2229,#1803,#1804);
#1561=AXIS2_PLACEMENT_3D('',#2230,#1805,#1806);
#1562=AXIS2_PLACEMENT_3D('',#2231,#1807,#1808);
#1563=AXIS2_PLACEMENT_3D('',#2232,#1809,#1810);
#1564=AXIS2_PLACEMENT_3D('',#2241,#1815,#1816);
#1565=AXIS2_PLACEMENT_3D('',#2247,#1820,#1821);
#1566=AXIS2_PLACEMENT_3D('',#2249,#1822,#1823);
#1567=AXIS2_PLACEMENT_3D('',#2251,#1824,#1825);
#1568=AXIS2_PLACEMENT_3D('',#2253,#1827,#1828);
#1569=AXIS2_PLACEMENT_3D('',#2259,#1832,#1833);
#1570=AXIS2_PLACEMENT_3D('',#2265,#1837,#1838);
#1571=AXIS2_PLACEMENT_3D('',#2267,#1839,#1840);
#1572=AXIS2_PLACEMENT_3D('',#2269,#1841,#1842);
#1573=AXIS2_PLACEMENT_3D('',#2271,#1844,#1845);
#1574=AXIS2_PLACEMENT_3D('',#2277,#1849,#1850);
#1575=AXIS2_PLACEMENT_3D('',#2283,#1854,#1855);
#1576=AXIS2_PLACEMENT_3D('',#2285,#1856,#1857);
#1577=AXIS2_PLACEMENT_3D('',#2287,#1858,#1859);
#1578=AXIS2_PLACEMENT_3D('',#2289,#1861,#1862);
#1579=AXIS2_PLACEMENT_3D('',#2295,#1866,#1867);
#1580=AXIS2_PLACEMENT_3D('',#2301,#1871,#1872);
#1581=AXIS2_PLACEMENT_3D('',#2303,#1873,#1874);
#1582=AXIS2_PLACEMENT_3D('',#2305,#1875,#1876);
#1583=AXIS2_PLACEMENT_3D('',#2307,#1878,#1879);
#1584=AXIS2_PLACEMENT_3D('',#2313,#1883,#1884);
#1585=AXIS2_PLACEMENT_3D('',#2319,#1888,#1889);
#1586=AXIS2_PLACEMENT_3D('',#2321,#1890,#1891);
#1587=AXIS2_PLACEMENT_3D('',#2323,#1892,#1893);
#1588=AXIS2_PLACEMENT_3D('',#2325,#1895,#1896);
#1589=AXIS2_PLACEMENT_3D('',#2331,#1900,#1901);
#1590=AXIS2_PLACEMENT_3D('',#2337,#1905,#1906);
#1591=AXIS2_PLACEMENT_3D('',#2338,#1907,#1908);
#1592=AXIS2_PLACEMENT_3D('',#2339,#1909,#1910);
#1593=AXIS2_PLACEMENT_3D('',#2340,#1911,#1912);
#1594=AXIS2_PLACEMENT_3D('',#2341,#1913,#1914);
#1595=AXIS2_PLACEMENT_3D('',#2342,#1915,#1916);
#1596=AXIS2_PLACEMENT_3D('',#2344,#1917,#1918);
#1597=AXIS2_PLACEMENT_3D('',#2347,#1920,#1921);
#1598=AXIS2_PLACEMENT_3D('',#2348,#1922,#1923);
#1599=AXIS2_PLACEMENT_3D('',#2350,#1924,#1925);
#1600=AXIS2_PLACEMENT_3D('',#2353,#1927,#1928);
#1601=AXIS2_PLACEMENT_3D('',#2354,#1929,#1930);
#1602=AXIS2_PLACEMENT_3D('',#2356,#1931,#1932);
#1603=AXIS2_PLACEMENT_3D('',#2359,#1934,#1935);
#1604=AXIS2_PLACEMENT_3D('',#2360,#1936,#1937);
#1605=AXIS2_PLACEMENT_3D('',#2362,#1938,#1939);
#1606=AXIS2_PLACEMENT_3D('',#2365,#1941,#1942);
#1607=AXIS2_PLACEMENT_3D('',#2366,#1943,#1944);
#1608=AXIS2_PLACEMENT_3D('',#2375,#1949,#1950);
#1609=AXIS2_PLACEMENT_3D('',#2381,#1954,#1955);
#1610=AXIS2_PLACEMENT_3D('',#2387,#1959,#1960);
#1611=AXIS2_PLACEMENT_3D('',#2390,#1963,#1964);
#1612=AXIS2_PLACEMENT_3D('',#2399,#1969,#1970);
#1613=AXIS2_PLACEMENT_3D('',#2401,#1971,#1972);
#1614=AXIS2_PLACEMENT_3D('',#2403,#1973,#1974);
#1615=AXIS2_PLACEMENT_3D('',#2405,#1976,#1977);
#1616=AXIS2_PLACEMENT_3D('',#2411,#1981,#1982);
#1617=AXIS2_PLACEMENT_3D('',#2413,#1983,#1984);
#1618=AXIS2_PLACEMENT_3D('',#2415,#1985,#1986);
#1619=AXIS2_PLACEMENT_3D('',#2417,#1988,#1989);
#1620=AXIS2_PLACEMENT_3D('',#2423,#1993,#1994);
#1621=AXIS2_PLACEMENT_3D('',#2429,#1998,#1999);
#1622=AXIS2_PLACEMENT_3D('',#2431,#2000,#2001);
#1623=AXIS2_PLACEMENT_3D('',#2433,#2002,#2003);
#1624=AXIS2_PLACEMENT_3D('',#2435,#2005,#2006);
#1625=AXIS2_PLACEMENT_3D('',#2441,#2010,#2011);
#1626=AXIS2_PLACEMENT_3D('',#2442,#2012,#2013);
#1627=AXIS2_PLACEMENT_3D('',#2443,#2014,#2015);
#1628=AXIS2_PLACEMENT_3D('',#2444,#2016,#2017);
#1629=AXIS2_PLACEMENT_3D('',#2445,#2018,#2019);
#1630=AXIS2_PLACEMENT_3D('',#2454,#2024,#2025);
#1631=AXIS2_PLACEMENT_3D('',#2456,#2026,#2027);
#1632=AXIS2_PLACEMENT_3D('',#2458,#2028,#2029);
#1633=AXIS2_PLACEMENT_3D('',#2460,#2031,#2032);
#1634=AXIS2_PLACEMENT_3D('',#2466,#2036,#2037);
#1635=AXIS2_PLACEMENT_3D('',#2468,#2038,#2039);
#1636=AXIS2_PLACEMENT_3D('',#2470,#2040,#2041);
#1637=AXIS2_PLACEMENT_3D('',#2472,#2043,#2044);
#1638=AXIS2_PLACEMENT_3D('',#2478,#2048,#2049);
#1639=AXIS2_PLACEMENT_3D('',#2480,#2050,#2051);
#1640=AXIS2_PLACEMENT_3D('',#2482,#2052,#2053);
#1641=AXIS2_PLACEMENT_3D('',#2484,#2055,#2056);
#1642=AXIS2_PLACEMENT_3D('',#2490,#2060,#2061);
#1643=AXIS2_PLACEMENT_3D('',#2492,#2062,#2063);
#1644=AXIS2_PLACEMENT_3D('',#2494,#2064,#2065);
#1645=AXIS2_PLACEMENT_3D('',#2496,#2067,#2068);
#1646=AXIS2_PLACEMENT_3D('',#2502,#2072,#2073);
#1647=AXIS2_PLACEMENT_3D('',#2505,#2076,#2077);
#1648=AXIS2_PLACEMENT_3D('',#2506,#2078,#2079);
#1649=DIRECTION('axis',(0.,0.,1.));
#1650=DIRECTION('refdir',(1.,0.,0.));
#1651=DIRECTION('center_axis',(0.,0.,-1.));
#1652=DIRECTION('ref_axis',(1.,0.,0.));
#1653=DIRECTION('center_axis',(0.,0.,1.));
#1654=DIRECTION('ref_axis',(1.,0.,0.));
#1655=DIRECTION('',(0.,0.,1.));
#1656=DIRECTION('center_axis',(0.,0.,-1.));
#1657=DIRECTION('ref_axis',(1.,0.,0.));
#1658=DIRECTION('center_axis',(0.,0.,-1.));
#1659=DIRECTION('ref_axis',(1.,0.,0.));
#1660=DIRECTION('center_axis',(0.,0.,-1.));
#1661=DIRECTION('ref_axis',(1.,0.,0.));
#1662=DIRECTION('',(0.,0.,1.));
#1663=DIRECTION('center_axis',(0.,0.,1.));
#1664=DIRECTION('ref_axis',(1.,0.,0.));
#1665=DIRECTION('center_axis',(0.,0.,1.));
#1666=DIRECTION('ref_axis',(1.,0.,0.));
#1667=DIRECTION('center_axis',(0.,0.,1.));
#1668=DIRECTION('ref_axis',(1.,0.,0.));
#1669=DIRECTION('center_axis',(0.,0.,-1.));
#1670=DIRECTION('ref_axis',(1.,0.,0.));
#1671=DIRECTION('center_axis',(0.,0.,-1.));
#1672=DIRECTION('ref_axis',(1.,0.,0.));
#1673=DIRECTION('center_axis',(0.,0.,1.));
#1674=DIRECTION('ref_axis',(1.,0.,0.));
#1675=DIRECTION('',(0.,0.,1.));
#1676=DIRECTION('center_axis',(0.,0.,-1.));
#1677=DIRECTION('ref_axis',(1.,0.,0.));
#1678=DIRECTION('center_axis',(0.,0.,-1.));
#1679=DIRECTION('ref_axis',(1.,0.,0.));
#1680=DIRECTION('',(0.,0.,1.));
#1681=DIRECTION('center_axis',(0.,0.,1.));
#1682=DIRECTION('ref_axis',(1.,0.,0.));
#1683=DIRECTION('center_axis',(0.,0.,1.));
#1684=DIRECTION('ref_axis',(1.,0.,0.));
#1685=DIRECTION('center_axis',(0.,0.,1.));
#1686=DIRECTION('ref_axis',(1.,0.,0.));
#1687=DIRECTION('center_axis',(0.,0.,-1.));
#1688=DIRECTION('ref_axis',(1.,0.,0.));
#1689=DIRECTION('center_axis',(0.,0.,-1.));
#1690=DIRECTION('ref_axis',(1.,0.,0.));
#1691=DIRECTION('center_axis',(0.,0.,1.));
#1692=DIRECTION('ref_axis',(1.,0.,0.));
#1693=DIRECTION('',(0.,0.,1.));
#1694=DIRECTION('center_axis',(0.,0.,1.));
#1695=DIRECTION('ref_axis',(1.,0.,0.));
#1696=DIRECTION('center_axis',(0.,0.,-1.));
#1697=DIRECTION('ref_axis',(1.,0.,0.));
#1698=DIRECTION('center_axis',(0.,0.,1.));
#1699=DIRECTION('ref_axis',(1.,0.,0.));
#1700=DIRECTION('center_axis',(0.,0.,1.));
#1701=DIRECTION('ref_axis',(1.,0.,0.));
#1702=DIRECTION('',(0.,0.,-1.));
#1703=DIRECTION('center_axis',(0.,0.,1.));
#1704=DIRECTION('ref_axis',(1.,0.,0.));
#1705=DIRECTION('center_axis',(0.,0.,1.));
#1706=DIRECTION('ref_axis',(1.,0.,0.));
#1707=DIRECTION('center_axis',(0.569209999020974,0.822192177665625,0.));
#1708=DIRECTION('ref_axis',(-0.822192177665625,0.569209999020974,0.));
#1709=DIRECTION('',(-0.822192177665625,0.569209999020974,0.));
#1710=DIRECTION('',(0.,0.,1.));
#1711=DIRECTION('',(0.822192177665625,-0.569209999020974,0.));
#1712=DIRECTION('',(0.,0.,1.));
#1713=DIRECTION('center_axis',(-0.982071561132015,0.188508484731398,0.));
#1714=DIRECTION('ref_axis',(-0.188508484731398,-0.982071561132014,0.));
#1715=DIRECTION('',(-0.188508484731398,-0.982071561132014,0.));
#1716=DIRECTION('',(0.,0.,1.));
#1717=DIRECTION('',(0.188508484731398,0.982071561132014,0.));
#1718=DIRECTION('center_axis',(0.,0.,1.));
#1719=DIRECTION('ref_axis',(1.,0.,0.));
#1720=DIRECTION('center_axis',(0.,0.,1.));
#1721=DIRECTION('ref_axis',(1.,0.,0.));
#1722=DIRECTION('',(0.,0.,1.));
#1723=DIRECTION('center_axis',(0.,0.,-1.));
#1724=DIRECTION('ref_axis',(1.,0.,0.));
#1725=DIRECTION('center_axis',(0.983758067032545,0.179499486206483,0.));
#1726=DIRECTION('ref_axis',(-0.179499486206483,0.983758067032545,0.));
#1727=DIRECTION('',(-0.179499486206483,0.983758067032545,0.));
#1728=DIRECTION('',(0.,0.,1.));
#1729=DIRECTION('',(0.179499486206483,-0.983758067032545,0.));
#1730=DIRECTION('center_axis',(-0.569209977458127,0.82219219259375,0.));
#1731=DIRECTION('ref_axis',(-0.82219219259375,-0.569209977458127,0.));
#1732=DIRECTION('',(-0.82219219259375,-0.569209977458127,0.));
#1733=DIRECTION('',(0.,0.,1.));
#1734=DIRECTION('',(0.82219219259375,0.569209977458127,0.));
#1735=DIRECTION('center_axis',(0.,0.,1.));
#1736=DIRECTION('ref_axis',(0.707106781186548,-0.707106781186548,0.));
#1737=DIRECTION('center_axis',(0.,0.,1.));
#1738=DIRECTION('ref_axis',(0.707106781186548,-0.707106781186548,0.));
#1739=DIRECTION('',(0.,0.,1.));
#1740=DIRECTION('center_axis',(0.,0.,-1.));
#1741=DIRECTION('ref_axis',(0.707106781186548,-0.707106781186548,0.));
#1742=DIRECTION('center_axis',(0.822192177665625,-0.569209999020975,0.));
#1743=DIRECTION('ref_axis',(0.569209999020975,0.822192177665625,0.));
#1744=DIRECTION('',(0.569209999020975,0.822192177665625,0.));
#1745=DIRECTION('',(0.,0.,1.));
#1746=DIRECTION('',(-0.569209999020975,-0.822192177665625,0.));
#1747=DIRECTION('center_axis',(0.814894892205413,0.57960875999033,0.));
#1748=DIRECTION('ref_axis',(-0.57960875999033,0.814894892205413,0.));
#1749=DIRECTION('',(-0.57960875999033,0.814894892205413,0.));
#1750=DIRECTION('',(0.,0.,1.));
#1751=DIRECTION('',(0.57960875999033,-0.814894892205413,0.));
#1752=DIRECTION('center_axis',(0.,0.,1.));
#1753=DIRECTION('ref_axis',(-0.707106781186548,-0.707106781186548,0.));
#1754=DIRECTION('center_axis',(0.,0.,1.));
#1755=DIRECTION('ref_axis',(-0.707106781186548,-0.707106781186548,0.));
#1756=DIRECTION('',(0.,0.,1.));
#1757=DIRECTION('center_axis',(0.,0.,-1.));
#1758=DIRECTION('ref_axis',(-0.707106781186548,-0.707106781186548,0.));
#1759=DIRECTION('center_axis',(-0.569209999020975,-0.822192177665625,0.));
#1760=DIRECTION('ref_axis',(0.822192177665625,-0.569209999020974,0.));
#1761=DIRECTION('',(0.822192177665625,-0.569209999020974,0.));
#1762=DIRECTION('',(0.,0.,1.));
#1763=DIRECTION('',(-0.822192177665625,0.569209999020974,0.));
#1764=DIRECTION('center_axis',(0.982071561132015,-0.188508484731399,0.));
#1765=DIRECTION('ref_axis',(0.188508484731399,0.982071561132014,0.));
#1766=DIRECTION('',(0.188508484731399,0.982071561132014,0.));
#1767=DIRECTION('',(0.,0.,1.));
#1768=DIRECTION('',(-0.188508484731399,-0.982071561132014,0.));
#1769=DIRECTION('center_axis',(0.,0.,1.));
#1770=DIRECTION('ref_axis',(-1.,0.,0.));
#1771=DIRECTION('center_axis',(0.,0.,1.));
#1772=DIRECTION('ref_axis',(-1.,0.,0.));
#1773=DIRECTION('',(0.,0.,1.));
#1774=DIRECTION('center_axis',(0.,0.,-1.));
#1775=DIRECTION('ref_axis',(-1.,0.,0.));
#1776=DIRECTION('center_axis',(-0.983758067032545,-0.179499486206483,0.));
#1777=DIRECTION('ref_axis',(0.179499486206483,-0.983758067032545,0.));
#1778=DIRECTION('',(0.179499486206483,-0.983758067032545,0.));
#1779=DIRECTION('',(0.,0.,1.));
#1780=DIRECTION('',(-0.179499486206483,0.983758067032545,0.));
#1781=DIRECTION('center_axis',(0.569209977458127,-0.82219219259375,0.));
#1782=DIRECTION('ref_axis',(0.82219219259375,0.569209977458127,0.));
#1783=DIRECTION('',(0.82219219259375,0.569209977458127,0.));
#1784=DIRECTION('',(0.,0.,1.));
#1785=DIRECTION('',(-0.82219219259375,-0.569209977458127,0.));
#1786=DIRECTION('center_axis',(0.,0.,1.));
#1787=DIRECTION('ref_axis',(-0.707106781186548,0.707106781186548,0.));
#1788=DIRECTION('center_axis',(0.,0.,1.));
#1789=DIRECTION('ref_axis',(-0.707106781186548,0.707106781186548,0.));
#1790=DIRECTION('',(0.,0.,1.));
#1791=DIRECTION('center_axis',(0.,0.,-1.));
#1792=DIRECTION('ref_axis',(-0.707106781186548,0.707106781186548,0.));
#1793=DIRECTION('center_axis',(-0.822192177665624,0.569209999020975,0.));
#1794=DIRECTION('ref_axis',(-0.569209999020975,-0.822192177665624,0.));
#1795=DIRECTION('',(-0.569209999020975,-0.822192177665624,0.));
#1796=DIRECTION('',(0.,0.,1.));
#1797=DIRECTION('',(0.569209999020975,0.822192177665624,0.));
#1798=DIRECTION('center_axis',(-0.814894892205413,-0.57960875999033,0.));
#1799=DIRECTION('ref_axis',(0.57960875999033,-0.814894892205413,0.));
#1800=DIRECTION('',(0.57960875999033,-0.814894892205413,0.));
#1801=DIRECTION('',(0.,0.,1.));
#1802=DIRECTION('',(-0.57960875999033,0.814894892205413,0.));
#1803=DIRECTION('center_axis',(0.,0.,1.));
#1804=DIRECTION('ref_axis',(0.707106781186548,0.707106781186548,0.));
#1805=DIRECTION('center_axis',(0.,0.,1.));
#1806=DIRECTION('ref_axis',(0.707106781186548,0.707106781186548,0.));
#1807=DIRECTION('center_axis',(0.,0.,-1.));
#1808=DIRECTION('ref_axis',(0.707106781186548,0.707106781186548,0.));
#1809=DIRECTION('center_axis',(0.569209999020974,0.822192177665625,0.));
#1810=DIRECTION('ref_axis',(-0.822192177665625,0.569209999020974,0.));
#1811=DIRECTION('',(0.822192177665625,-0.569209999020974,0.));
#1812=DIRECTION('',(0.,0.,1.));
#1813=DIRECTION('',(-0.822192177665625,0.569209999020974,0.));
#1814=DIRECTION('',(0.,0.,1.));
#1815=DIRECTION('center_axis',(-0.982071561132015,0.188508484731398,0.));
#1816=DIRECTION('ref_axis',(-0.188508484731398,-0.982071561132014,0.));
#1817=DIRECTION('',(0.188508484731398,0.982071561132014,0.));
#1818=DIRECTION('',(-0.188508484731398,-0.982071561132014,0.));
#1819=DIRECTION('',(0.,0.,1.));
#1820=DIRECTION('center_axis',(0.,0.,1.));
#1821=DIRECTION('ref_axis',(1.,0.,0.));
#1822=DIRECTION('center_axis',(0.,0.,1.));
#1823=DIRECTION('ref_axis',(1.,0.,0.));
#1824=DIRECTION('center_axis',(0.,0.,1.));
#1825=DIRECTION('ref_axis',(1.,0.,0.));
#1826=DIRECTION('',(0.,0.,1.));
#1827=DIRECTION('center_axis',(0.983758067032545,0.179499486206483,0.));
#1828=DIRECTION('ref_axis',(-0.179499486206483,0.983758067032545,0.));
#1829=DIRECTION('',(0.179499486206483,-0.983758067032545,0.));
#1830=DIRECTION('',(-0.179499486206483,0.983758067032545,0.));
#1831=DIRECTION('',(0.,0.,1.));
#1832=DIRECTION('center_axis',(-0.569209977458127,0.82219219259375,0.));
#1833=DIRECTION('ref_axis',(-0.82219219259375,-0.569209977458127,0.));
#1834=DIRECTION('',(0.82219219259375,0.569209977458127,0.));
#1835=DIRECTION('',(-0.82219219259375,-0.569209977458127,0.));
#1836=DIRECTION('',(0.,0.,1.));
#1837=DIRECTION('center_axis',(0.,0.,1.));
#1838=DIRECTION('ref_axis',(0.707106781186547,-0.707106781186548,0.));
#1839=DIRECTION('center_axis',(0.,0.,1.));
#1840=DIRECTION('ref_axis',(0.707106781186547,-0.707106781186548,0.));
#1841=DIRECTION('center_axis',(0.,0.,1.));
#1842=DIRECTION('ref_axis',(0.707106781186547,-0.707106781186548,0.));
#1843=DIRECTION('',(0.,0.,1.));
#1844=DIRECTION('center_axis',(0.822192177665625,-0.569209999020975,0.));
#1845=DIRECTION('ref_axis',(0.569209999020975,0.822192177665624,0.));
#1846=DIRECTION('',(-0.569209999020975,-0.822192177665624,0.));
#1847=DIRECTION('',(0.569209999020975,0.822192177665624,0.));
#1848=DIRECTION('',(0.,0.,1.));
#1849=DIRECTION('center_axis',(0.814894892205413,0.57960875999033,0.));
#1850=DIRECTION('ref_axis',(-0.57960875999033,0.814894892205413,0.));
#1851=DIRECTION('',(0.57960875999033,-0.814894892205413,0.));
#1852=DIRECTION('',(-0.57960875999033,0.814894892205413,0.));
#1853=DIRECTION('',(0.,0.,1.));
#1854=DIRECTION('center_axis',(0.,0.,1.));
#1855=DIRECTION('ref_axis',(-0.707106781186548,-0.707106781186547,0.));
#1856=DIRECTION('center_axis',(0.,0.,1.));
#1857=DIRECTION('ref_axis',(-0.707106781186548,-0.707106781186547,0.));
#1858=DIRECTION('center_axis',(0.,0.,1.));
#1859=DIRECTION('ref_axis',(-0.707106781186548,-0.707106781186547,0.));
#1860=DIRECTION('',(0.,0.,1.));
#1861=DIRECTION('center_axis',(-0.569209999020974,-0.822192177665625,0.));
#1862=DIRECTION('ref_axis',(0.822192177665625,-0.569209999020974,0.));
#1863=DIRECTION('',(-0.822192177665625,0.569209999020974,0.));
#1864=DIRECTION('',(0.822192177665625,-0.569209999020974,0.));
#1865=DIRECTION('',(0.,0.,1.));
#1866=DIRECTION('center_axis',(0.982071561132014,-0.188508484731399,0.));
#1867=DIRECTION('ref_axis',(0.188508484731399,0.982071561132014,0.));
#1868=DIRECTION('',(-0.188508484731399,-0.982071561132014,0.));
#1869=DIRECTION('',(0.188508484731399,0.982071561132014,0.));
#1870=DIRECTION('',(0.,0.,1.));
#1871=DIRECTION('center_axis',(0.,0.,1.));
#1872=DIRECTION('ref_axis',(-1.,0.,0.));
#1873=DIRECTION('center_axis',(0.,0.,1.));
#1874=DIRECTION('ref_axis',(-1.,0.,0.));
#1875=DIRECTION('center_axis',(0.,0.,1.));
#1876=DIRECTION('ref_axis',(-1.,0.,0.));
#1877=DIRECTION('',(0.,0.,1.));
#1878=DIRECTION('center_axis',(-0.983758067032545,-0.179499486206483,0.));
#1879=DIRECTION('ref_axis',(0.179499486206483,-0.983758067032545,0.));
#1880=DIRECTION('',(-0.179499486206483,0.983758067032545,0.));
#1881=DIRECTION('',(0.179499486206483,-0.983758067032545,0.));
#1882=DIRECTION('',(0.,0.,1.));
#1883=DIRECTION('center_axis',(0.569209977458127,-0.82219219259375,0.));
#1884=DIRECTION('ref_axis',(0.82219219259375,0.569209977458127,0.));
#1885=DIRECTION('',(-0.82219219259375,-0.569209977458127,0.));
#1886=DIRECTION('',(0.82219219259375,0.569209977458127,0.));
#1887=DIRECTION('',(0.,0.,1.));
#1888=DIRECTION('center_axis',(0.,0.,1.));
#1889=DIRECTION('ref_axis',(-0.707106781186547,0.707106781186548,0.));
#1890=DIRECTION('center_axis',(0.,0.,1.));
#1891=DIRECTION('ref_axis',(-0.707106781186547,0.707106781186548,0.));
#1892=DIRECTION('center_axis',(0.,0.,1.));
#1893=DIRECTION('ref_axis',(-0.707106781186547,0.707106781186548,0.));
#1894=DIRECTION('',(0.,0.,1.));
#1895=DIRECTION('center_axis',(-0.822192177665624,0.569209999020975,0.));
#1896=DIRECTION('ref_axis',(-0.569209999020975,-0.822192177665624,0.));
#1897=DIRECTION('',(0.569209999020975,0.822192177665624,0.));
#1898=DIRECTION('',(-0.569209999020975,-0.822192177665624,0.));
#1899=DIRECTION('',(0.,0.,1.));
#1900=DIRECTION('center_axis',(-0.814894892205413,-0.57960875999033,0.));
#1901=DIRECTION('ref_axis',(0.57960875999033,-0.814894892205413,0.));
#1902=DIRECTION('',(-0.57960875999033,0.814894892205413,0.));
#1903=DIRECTION('',(0.57960875999033,-0.814894892205413,0.));
#1904=DIRECTION('',(0.,0.,1.));
#1905=DIRECTION('center_axis',(0.,0.,1.));
#1906=DIRECTION('ref_axis',(0.707106781186547,0.707106781186548,0.));
#1907=DIRECTION('center_axis',(0.,0.,1.));
#1908=DIRECTION('ref_axis',(0.707106781186547,0.707106781186548,0.));
#1909=DIRECTION('center_axis',(0.,0.,1.));
#1910=DIRECTION('ref_axis',(0.707106781186547,0.707106781186548,0.));
#1911=DIRECTION('center_axis',(0.,0.,1.));
#1912=DIRECTION('ref_axis',(1.,0.,0.));
#1913=DIRECTION('center_axis',(0.,0.,1.));
#1914=DIRECTION('ref_axis',(1.,0.,0.));
#1915=DIRECTION('center_axis',(-1.,0.,0.));
#1916=DIRECTION('ref_axis',(0.,1.,0.));
#1917=DIRECTION('center_axis',(-1.,0.,0.));
#1918=DIRECTION('ref_axis',(0.,1.,0.));
#1919=DIRECTION('',(-1.,0.,0.));
#1920=DIRECTION('center_axis',(1.,0.,0.));
#1921=DIRECTION('ref_axis',(0.,1.,0.));
#1922=DIRECTION('center_axis',(-1.,0.,0.));
#1923=DIRECTION('ref_axis',(0.,1.,0.));
#1924=DIRECTION('center_axis',(-1.,0.,0.));
#1925=DIRECTION('ref_axis',(0.,1.,0.));
#1926=DIRECTION('',(-1.,0.,0.));
#1927=DIRECTION('center_axis',(1.,0.,0.));
#1928=DIRECTION('ref_axis',(0.,1.,0.));
#1929=DIRECTION('center_axis',(-1.,0.,0.));
#1930=DIRECTION('ref_axis',(0.,1.,0.));
#1931=DIRECTION('center_axis',(-1.,0.,0.));
#1932=DIRECTION('ref_axis',(0.,1.,0.));
#1933=DIRECTION('',(-1.,0.,0.));
#1934=DIRECTION('center_axis',(1.,0.,0.));
#1935=DIRECTION('ref_axis',(0.,1.,0.));
#1936=DIRECTION('center_axis',(-1.,0.,0.));
#1937=DIRECTION('ref_axis',(0.,1.,0.));
#1938=DIRECTION('center_axis',(-1.,0.,0.));
#1939=DIRECTION('ref_axis',(0.,1.,0.));
#1940=DIRECTION('',(-1.,0.,0.));
#1941=DIRECTION('center_axis',(1.,0.,0.));
#1942=DIRECTION('ref_axis',(0.,1.,0.));
#1943=DIRECTION('center_axis',(4.65790658673091E-17,-0.629320391049837,
-0.777145961456971));
#1944=DIRECTION('ref_axis',(-3.49342994004818E-17,-0.777145961456971,0.629320391049837));
#1945=DIRECTION('',(0.,-0.777145961456971,0.629320391049837));
#1946=DIRECTION('',(-1.,-7.40148683083438E-17,0.));
#1947=DIRECTION('',(0.,0.777145961456971,-0.629320391049837));
#1948=DIRECTION('',(-1.,-7.40148683083438E-17,0.));
#1949=DIRECTION('center_axis',(5.75203559935989E-17,-0.777145961456971,
0.629320391049837));
#1950=DIRECTION('ref_axis',(-4.31402669951992E-17,0.629320391049837,0.777145961456971));
#1951=DIRECTION('',(0.,0.629320391049837,0.777145961456971));
#1952=DIRECTION('',(0.,-0.629320391049837,-0.777145961456971));
#1953=DIRECTION('',(-1.,-7.40148683083438E-17,0.));
#1954=DIRECTION('center_axis',(-4.65790658673091E-17,0.629320391049837,
0.777145961456971));
#1955=DIRECTION('ref_axis',(3.49342994004818E-17,0.777145961456971,-0.629320391049837));
#1956=DIRECTION('',(0.,0.777145961456971,-0.629320391049837));
#1957=DIRECTION('',(0.,-0.777145961456971,0.629320391049837));
#1958=DIRECTION('',(-1.,-7.40148683083438E-17,0.));
#1959=DIRECTION('center_axis',(-5.75203559935989E-17,0.777145961456971,
-0.629320391049837));
#1960=DIRECTION('ref_axis',(4.31402669951992E-17,-0.629320391049837,-0.777145961456971));
#1961=DIRECTION('',(0.,-0.629320391049837,-0.777145961456971));
#1962=DIRECTION('',(0.,0.629320391049837,0.777145961456971));
#1963=DIRECTION('center_axis',(0.,-0.795431720032496,0.606043215262859));
#1964=DIRECTION('ref_axis',(0.,-0.606043215262859,-0.795431720032496));
#1965=DIRECTION('',(0.,0.606043215262859,0.795431720032496));
#1966=DIRECTION('',(1.,0.,0.));
#1967=DIRECTION('',(0.,-0.606043215262859,-0.795431720032496));
#1968=DIRECTION('',(1.,0.,0.));
#1969=DIRECTION('center_axis',(1.,0.,0.));
#1970=DIRECTION('ref_axis',(0.,0.636181582749284,0.771539366312967));
#1971=DIRECTION('center_axis',(-1.,0.,0.));
#1972=DIRECTION('ref_axis',(0.,0.636181582749284,0.771539366312967));
#1973=DIRECTION('center_axis',(1.,0.,0.));
#1974=DIRECTION('ref_axis',(0.,0.636181582749284,0.771539366312967));
#1975=DIRECTION('',(1.,0.,0.));
#1976=DIRECTION('center_axis',(0.,0.636181582749287,0.771539366312965));
#1977=DIRECTION('ref_axis',(0.,-0.771539366312965,0.636181582749287));
#1978=DIRECTION('',(0.,0.771539366312965,-0.636181582749287));
#1979=DIRECTION('',(0.,-0.771539366312965,0.636181582749287));
#1980=DIRECTION('',(1.,0.,0.));
#1981=DIRECTION('center_axis',(1.,0.,0.));
#1982=DIRECTION('ref_axis',(0.,1.,1.97372982155583E-15));
#1983=DIRECTION('center_axis',(-1.,0.,0.));
#1984=DIRECTION('ref_axis',(0.,1.,1.97372982155583E-15));
#1985=DIRECTION('center_axis',(1.,0.,0.));
#1986=DIRECTION('ref_axis',(0.,1.,1.97372982155583E-15));
#1987=DIRECTION('',(1.,0.,0.));
#1988=DIRECTION('center_axis',(0.,0.,-1.));
#1989=DIRECTION('ref_axis',(0.,1.,0.));
#1990=DIRECTION('',(0.,-1.,0.));
#1991=DIRECTION('',(0.,-1.,0.));
#1992=DIRECTION('',(1.,0.,0.));
#1993=DIRECTION('center_axis',(0.,-1.,1.52448704442472E-15));
#1994=DIRECTION('ref_axis',(0.,-1.52448704442472E-15,-1.));
#1995=DIRECTION('',(0.,1.52448704442472E-15,1.));
#1996=DIRECTION('',(0.,1.52448704442472E-15,1.));
#1997=DIRECTION('',(1.,0.,0.));
#1998=DIRECTION('center_axis',(1.,0.,0.));
#1999=DIRECTION('ref_axis',(0.,1.,0.));
#2000=DIRECTION('center_axis',(1.,0.,0.));
#2001=DIRECTION('ref_axis',(0.,1.,0.));
#2002=DIRECTION('center_axis',(1.,0.,0.));
#2003=DIRECTION('ref_axis',(0.,1.,0.));
#2004=DIRECTION('',(1.,0.,0.));
#2005=DIRECTION('center_axis',(0.,-0.464006994670559,-0.885831535280155));
#2006=DIRECTION('ref_axis',(0.,0.885831535280155,-0.464006994670559));
#2007=DIRECTION('',(0.,-0.885831535280155,0.464006994670559));
#2008=DIRECTION('',(0.,0.885831535280155,-0.464006994670559));
#2009=DIRECTION('',(1.,0.,0.));
#2010=DIRECTION('center_axis',(1.,0.,0.));
#2011=DIRECTION('ref_axis',(0.,-0.795431720032498,0.606043215262858));
#2012=DIRECTION('center_axis',(-1.,0.,0.));
#2013=DIRECTION('ref_axis',(0.,-0.795431720032498,0.606043215262858));
#2014=DIRECTION('center_axis',(1.,0.,0.));
#2015=DIRECTION('ref_axis',(0.,-0.795431720032498,0.606043215262858));
#2016=DIRECTION('center_axis',(1.,0.,0.));
#2017=DIRECTION('ref_axis',(0.,1.,0.));
#2018=DIRECTION('center_axis',(0.,-1.,1.26679759019671E-14));
#2019=DIRECTION('ref_axis',(0.,-1.26679759019671E-14,-1.));
#2020=DIRECTION('',(0.,-1.26679759019671E-14,-1.));
#2021=DIRECTION('',(1.,0.,0.));
#2022=DIRECTION('',(0.,-1.26679759019671E-14,-1.));
#2023=DIRECTION('',(1.,0.,0.));
#2024=DIRECTION('center_axis',(1.,0.,0.));
#2025=DIRECTION('ref_axis',(0.,1.,0.));
#2026=DIRECTION('center_axis',(1.,0.,0.));
#2027=DIRECTION('ref_axis',(0.,1.,0.));
#2028=DIRECTION('center_axis',(-1.,0.,0.));
#2029=DIRECTION('ref_axis',(0.,1.,0.));
#2030=DIRECTION('',(1.,0.,0.));
#2031=DIRECTION('center_axis',(0.,-0.478852144737112,-0.877895565247181));
#2032=DIRECTION('ref_axis',(0.,0.877895565247181,-0.478852144737112));
#2033=DIRECTION('',(0.,0.877895565247181,-0.478852144737112));
#2034=DIRECTION('',(0.,0.877895565247181,-0.478852144737112));
#2035=DIRECTION('',(1.,0.,0.));
#2036=DIRECTION('center_axis',(1.,0.,0.));
#2037=DIRECTION('ref_axis',(0.,-0.768221287963978,0.640184389624557));
#2038=DIRECTION('center_axis',(1.,0.,0.));
#2039=DIRECTION('ref_axis',(0.,-0.768221287963978,0.640184389624557));
#2040=DIRECTION('center_axis',(1.,0.,0.));
#2041=DIRECTION('ref_axis',(0.,-0.768221287963978,0.640184389624557));
#2042=DIRECTION('',(1.,0.,0.));
#2043=DIRECTION('center_axis',(0.,-0.768221287963978,0.640184389624557));
#2044=DIRECTION('ref_axis',(0.,-0.640184389624557,-0.768221287963978));
#2045=DIRECTION('',(0.,-0.640184389624557,-0.768221287963978));
#2046=DIRECTION('',(0.,-0.640184389624557,-0.768221287963978));
#2047=DIRECTION('',(1.,0.,0.));
#2048=DIRECTION('center_axis',(1.,0.,0.));
#2049=DIRECTION('ref_axis',(0.,0.64018438962456,0.768221287963975));
#2050=DIRECTION('center_axis',(1.,0.,0.));
#2051=DIRECTION('ref_axis',(0.,0.64018438962456,0.768221287963975));
#2052=DIRECTION('center_axis',(1.,0.,0.));
#2053=DIRECTION('ref_axis',(0.,0.64018438962456,0.768221287963975));
#2054=DIRECTION('',(1.,0.,0.));
#2055=DIRECTION('center_axis',(0.,0.640184389624557,0.768221287963979));
#2056=DIRECTION('ref_axis',(0.,-0.768221287963979,0.640184389624557));
#2057=DIRECTION('',(0.,-0.768221287963978,0.640184389624556));
#2058=DIRECTION('',(0.,-0.768221287963978,0.640184389624556));
#2059=DIRECTION('',(1.,0.,0.));
#2060=DIRECTION('center_axis',(1.,0.,0.));
#2061=DIRECTION('ref_axis',(0.,1.,-1.77635683940026E-15));
#2062=DIRECTION('center_axis',(1.,0.,0.));
#2063=DIRECTION('ref_axis',(0.,1.,-1.77635683940026E-15));
#2064=DIRECTION('center_axis',(1.,0.,0.));
#2065=DIRECTION('ref_axis',(0.,1.,-1.77635683940026E-15));
#2066=DIRECTION('',(1.,0.,0.));
#2067=DIRECTION('center_axis',(0.,1.,0.));
#2068=DIRECTION('ref_axis',(0.,0.,1.));
#2069=DIRECTION('',(0.,0.,1.));
#2070=DIRECTION('',(0.,0.,1.));
#2071=DIRECTION('',(1.,0.,0.));
#2072=DIRECTION('center_axis',(0.,0.,-1.));
#2073=DIRECTION('ref_axis',(0.,1.,0.));
#2074=DIRECTION('',(0.,1.,0.));
#2075=DIRECTION('',(0.,1.,0.));
#2076=DIRECTION('center_axis',(1.,0.,0.));
#2077=DIRECTION('ref_axis',(0.,1.,0.));
#2078=DIRECTION('center_axis',(1.,0.,0.));
#2079=DIRECTION('ref_axis',(0.,1.,0.));
#2080=CARTESIAN_POINT('',(0.,0.,0.));
#2081=CARTESIAN_POINT('Origin',(0.,0.,51.));
#2082=CARTESIAN_POINT('',(-34.,-4.163799117101E-15,43.));
#2083=CARTESIAN_POINT('Origin',(0.,0.,43.));
#2084=CARTESIAN_POINT('',(-34.,-4.163799117101E-15,51.));
#2085=CARTESIAN_POINT('',(-34.,4.163799117101E-15,51.));
#2086=CARTESIAN_POINT('Origin',(0.,0.,51.));
#2087=CARTESIAN_POINT('Origin',(0.,0.,51.));
#2088=CARTESIAN_POINT('',(-37.,-4.53119315684521E-15,43.));
#2089=CARTESIAN_POINT('Origin',(0.,0.,43.));
#2090=CARTESIAN_POINT('',(-37.,-4.53119315684521E-15,51.));
#2091=CARTESIAN_POINT('',(-37.,4.53119315684521E-15,51.));
#2092=CARTESIAN_POINT('Origin',(0.,0.,51.));
#2093=CARTESIAN_POINT('Origin',(0.,0.,43.));
#2094=CARTESIAN_POINT('Origin',(0.,0.,51.));
#2095=CARTESIAN_POINT('',(-39.5,-4.83735485663204E-15,51.));
#2096=CARTESIAN_POINT('Origin',(0.,0.,51.));
#2097=CARTESIAN_POINT('Origin',(0.,0.,51.));
#2098=CARTESIAN_POINT('',(-39.5,-4.83735485663204E-15,47.));
#2099=CARTESIAN_POINT('Origin',(0.,0.,47.));
#2100=CARTESIAN_POINT('',(-39.5,4.83735485663204E-15,51.));
#2101=CARTESIAN_POINT('Origin',(0.,0.,51.));
#2102=CARTESIAN_POINT('',(-41.5,-5.08228421646152E-15,47.));
#2103=CARTESIAN_POINT('Origin',(0.,0.,47.));
#2104=CARTESIAN_POINT('',(-41.5,-5.08228421646152E-15,51.));
#2105=CARTESIAN_POINT('',(-41.5,5.08228421646152E-15,51.));
#2106=CARTESIAN_POINT('Origin',(0.,0.,51.));
#2107=CARTESIAN_POINT('Origin',(0.,0.,47.));
#2108=CARTESIAN_POINT('Origin',(0.,0.,51.));
#2109=CARTESIAN_POINT('',(-43.,-5.26598123633362E-15,51.));
#2110=CARTESIAN_POINT('Origin',(0.,0.,51.));
#2111=CARTESIAN_POINT('Origin',(0.,0.,51.));
#2112=CARTESIAN_POINT('',(-43.,-5.26598123633362E-15,49.));
#2113=CARTESIAN_POINT('Origin',(0.,0.,49.));
#2114=CARTESIAN_POINT('',(-43.,5.26598123633362E-15,51.));
#2115=CARTESIAN_POINT('Origin',(0.,0.,49.));
#2116=CARTESIAN_POINT('',(-45.,-5.51091059616309E-15,49.));
#2117=CARTESIAN_POINT('Origin',(0.,0.,49.));
#2118=CARTESIAN_POINT('Origin',(0.,0.,51.));
#2119=CARTESIAN_POINT('',(-45.,-5.51091059616309E-15,56.));
#2120=CARTESIAN_POINT('Origin',(0.,0.,56.));
#2121=CARTESIAN_POINT('',(-45.,-5.51091059616309E-15,51.));
#2122=CARTESIAN_POINT('Origin',(0.,0.,56.));
#2123=CARTESIAN_POINT('Origin',(0.,0.,51.));
#2124=CARTESIAN_POINT('Origin',(-3.06636905468149,4.19454366082685,46.));
#2125=CARTESIAN_POINT('',(-3.06636905468149,4.19454366082685,46.));
#2126=CARTESIAN_POINT('',(-7.66256319561433,7.37652438690056,46.));
#2127=CARTESIAN_POINT('',(-1.04256316695009,2.79344720349383,46.));
#2128=CARTESIAN_POINT('',(-3.06636905468149,4.19454366082685,51.));
#2129=CARTESIAN_POINT('',(-3.06636905468149,4.19454366082685,46.));
#2130=CARTESIAN_POINT('',(-7.66256319561433,7.37652438690056,51.));
#2131=CARTESIAN_POINT('',(-1.04256316695009,2.79344720349383,51.));
#2132=CARTESIAN_POINT('',(-7.66256319561433,7.37652438690056,46.));
#2133=CARTESIAN_POINT('Origin',(-2.00000002980232,9.7500001937151,46.));
#2134=CARTESIAN_POINT('',(-2.00000002980232,9.7500001937151,46.));
#2135=CARTESIAN_POINT('',(-2.86928170490934,5.22130848547602,46.));
#2136=CARTESIAN_POINT('',(-2.00000002980232,9.7500001937151,51.));
#2137=CARTESIAN_POINT('',(-2.00000002980232,9.7500001937151,46.));
#2138=CARTESIAN_POINT('',(-2.86928170490934,5.22130848547602,51.));
#2139=CARTESIAN_POINT('Origin',(0.,9.7500001937151,46.));
#2140=CARTESIAN_POINT('',(2.00000002980232,9.7500001937151,46.));
#2141=CARTESIAN_POINT('Origin',(0.,9.7500001937151,46.));
#2142=CARTESIAN_POINT('',(2.00000002980232,9.7500001937151,51.));
#2143=CARTESIAN_POINT('',(2.00000002980232,9.7500001937151,46.));
#2144=CARTESIAN_POINT('Origin',(0.,9.7500001937151,51.));
#2145=CARTESIAN_POINT('Origin',(3.00190282469596,4.25900978650426,46.));
#2146=CARTESIAN_POINT('',(3.00190282469596,4.25900978650426,46.));
#2147=CARTESIAN_POINT('',(3.33178599643054,2.45106460387092,46.));
#2148=CARTESIAN_POINT('',(3.00190282469596,4.25900978650426,51.));
#2149=CARTESIAN_POINT('',(3.00190282469596,4.25900978650426,46.));
#2150=CARTESIAN_POINT('',(3.33178599643054,2.45106460387092,51.));
#2151=CARTESIAN_POINT('Origin',(7.59809707099591,7.44099040721084,46.));
#2152=CARTESIAN_POINT('',(7.59809707099591,7.44099040721084,46.));
#2153=CARTESIAN_POINT('',(3.28289850851796,4.45354525922576,46.));
#2154=CARTESIAN_POINT('',(7.59809707099591,7.44099040721084,51.));
#2155=CARTESIAN_POINT('',(7.59809707099591,7.44099040721084,46.));
#2156=CARTESIAN_POINT('',(3.28289850851796,4.45354525922576,51.));
#2157=CARTESIAN_POINT('Origin',(9.01231065444243,6.02677682376432,46.));
#2158=CARTESIAN_POINT('',(10.426524237889,4.6125632403178,46.));
#2159=CARTESIAN_POINT('Origin',(9.01231065444243,6.02677682376432,46.));
#2160=CARTESIAN_POINT('',(10.426524237889,4.6125632403178,51.));
#2161=CARTESIAN_POINT('',(10.426524237889,4.6125632403178,46.));
#2162=CARTESIAN_POINT('Origin',(9.01231065444243,6.02677682376432,51.));
#2163=CARTESIAN_POINT('Origin',(7.24454351181525,0.0163690993849702,46.));
#2164=CARTESIAN_POINT('',(7.24454351181525,0.0163690993849702,46.));
#2165=CARTESIAN_POINT('',(6.06124702868714,-1.69283684211383,46.));
#2166=CARTESIAN_POINT('',(7.24454351181525,0.0163690993849697,51.));
#2167=CARTESIAN_POINT('',(7.24454351181525,0.0163690993849702,46.));
#2168=CARTESIAN_POINT('',(6.06124702868714,-1.69283684211383,51.));
#2169=CARTESIAN_POINT('Origin',(10.4913801749518,-4.54848705057966,46.));
#2170=CARTESIAN_POINT('',(10.4913801749518,-4.54848705057966,46.));
#2171=CARTESIAN_POINT('',(7.66084268619347,-0.568922383848999,46.));
#2172=CARTESIAN_POINT('',(10.4913801749518,-4.54848705057966,51.));
#2173=CARTESIAN_POINT('',(10.4913801749518,-4.54848705057966,46.));
#2174=CARTESIAN_POINT('',(7.66084268619347,-0.568922383848999,51.));
#2175=CARTESIAN_POINT('Origin',(9.07677667475271,-5.96231060973895,46.));
#2176=CARTESIAN_POINT('',(7.6625630913062,-7.37652419318547,46.));
#2177=CARTESIAN_POINT('Origin',(9.07677667475271,-5.96231060973895,46.));
#2178=CARTESIAN_POINT('',(7.66256309130619,-7.37652419318547,51.));
#2179=CARTESIAN_POINT('',(7.6625630913062,-7.37652419318547,46.));
#2180=CARTESIAN_POINT('Origin',(9.07677667475271,-5.96231060973895,51.));
#2181=CARTESIAN_POINT('Origin',(3.06636895037336,-4.19454346711176,46.));
#2182=CARTESIAN_POINT('',(3.06636895037336,-4.19454346711176,46.));
#2183=CARTESIAN_POINT('',(1.05426303868242,-2.80154699361638,46.));
#2184=CARTESIAN_POINT('',(3.06636895037336,-4.19454346711176,51.));
#2185=CARTESIAN_POINT('',(3.06636895037336,-4.19454346711176,46.));
#2186=CARTESIAN_POINT('',(1.05426303868242,-2.80154699361638,51.));
#2187=CARTESIAN_POINT('Origin',(1.99999992549419,-9.75,46.));
#2188=CARTESIAN_POINT('',(1.99999992549419,-9.75,46.));
#2189=CARTESIAN_POINT('',(2.86465338487738,-5.2454198804124,46.));
#2190=CARTESIAN_POINT('',(1.99999992549419,-9.75,51.));
#2191=CARTESIAN_POINT('',(1.99999992549419,-9.75,46.));
#2192=CARTESIAN_POINT('',(2.86465338487738,-5.2454198804124,51.));
#2193=CARTESIAN_POINT('Origin',(-1.04308131021469E-7,-9.75,46.));
#2194=CARTESIAN_POINT('',(-2.00000013411045,-9.75,46.));
#2195=CARTESIAN_POINT('Origin',(-1.04308131021469E-7,-9.75,46.));
#2196=CARTESIAN_POINT('',(-2.00000013411045,-9.75,51.));
#2197=CARTESIAN_POINT('',(-2.00000013411045,-9.75,46.));
#2198=CARTESIAN_POINT('Origin',(-1.04308131021469E-7,-9.75,51.));
#2199=CARTESIAN_POINT('Origin',(-3.00190292900409,-4.25900959278916,46.));
#2200=CARTESIAN_POINT('',(-3.00190292900409,-4.25900959278916,46.));
#2201=CARTESIAN_POINT('',(-3.32737150468424,-2.4752588776332,46.));
#2202=CARTESIAN_POINT('',(-3.00190292900409,-4.25900959278916,51.));
#2203=CARTESIAN_POINT('',(-3.00190292900409,-4.25900959278916,46.));
#2204=CARTESIAN_POINT('',(-3.32737150468424,-2.4752588776332,51.));
#2205=CARTESIAN_POINT('Origin',(-7.59809717530404,-7.44099021349575,46.));
#2206=CARTESIAN_POINT('',(-7.59809717530404,-7.44099021349575,46.));
#2207=CARTESIAN_POINT('',(-3.29459860978945,-4.46164506337949,46.));
#2208=CARTESIAN_POINT('',(-7.59809717530404,-7.44099021349575,51.));
#2209=CARTESIAN_POINT('',(-7.59809717530404,-7.44099021349575,46.));
#2210=CARTESIAN_POINT('',(-3.29459860978945,-4.46164506337949,51.));
#2211=CARTESIAN_POINT('Origin',(-9.01231075875056,-6.02677663004923,46.));
#2212=CARTESIAN_POINT('',(-10.4265243421971,-4.61256304660271,46.));
#2213=CARTESIAN_POINT('Origin',(-9.01231075875056,-6.02677663004923,46.));
#2214=CARTESIAN_POINT('',(-10.4265243421971,-4.6125630466027,51.));
#2215=CARTESIAN_POINT('',(-10.4265243421971,-4.61256304660271,46.));
#2216=CARTESIAN_POINT('Origin',(-9.01231075875056,-6.02677663004923,51.));
#2217=CARTESIAN_POINT('Origin',(-7.24454361612338,-0.0163689056698757,46.));
#2218=CARTESIAN_POINT('',(-7.24454361612338,-0.0163689056698757,46.));
#2219=CARTESIAN_POINT('',(-6.07294712468195,1.67593704872384,46.));
#2220=CARTESIAN_POINT('',(-7.24454361612338,-0.0163689056698757,51.));
#2221=CARTESIAN_POINT('',(-7.24454361612338,-0.0163689056698757,46.));
#2222=CARTESIAN_POINT('',(-6.07294712468195,1.67593704872384,51.));
#2223=CARTESIAN_POINT('Origin',(-10.4913802792599,4.54848724429475,46.));
#2224=CARTESIAN_POINT('',(-10.4913802792599,4.54848724429475,46.));
#2225=CARTESIAN_POINT('',(-7.64903480403238,0.55232126211614,46.));
#2226=CARTESIAN_POINT('',(-10.4913802792599,4.54848724429475,51.));
#2227=CARTESIAN_POINT('',(-10.4913802792599,4.54848724429475,46.));
#2228=CARTESIAN_POINT('',(-7.64903480403238,0.55232126211614,51.));
#2229=CARTESIAN_POINT('Origin',(-9.07677677906084,5.96231080345404,46.));
#2230=CARTESIAN_POINT('Origin',(-9.07677677906084,5.96231080345404,46.));
#2231=CARTESIAN_POINT('Origin',(-9.07677677906084,5.96231080345404,51.));
#2232=CARTESIAN_POINT('Origin',(-3.98627977108594,5.42790675907491,46.));
#2233=CARTESIAN_POINT('',(-9.96133215429862,9.56448170297073,46.));
#2234=CARTESIAN_POINT('',(-3.98627977108594,5.42790675907491,46.));
#2235=CARTESIAN_POINT('',(-9.96133215429862,9.56448170297073,46.));
#2236=CARTESIAN_POINT('',(-9.96133215429862,9.56448170297073,51.));
#2237=CARTESIAN_POINT('',(-9.96133215429862,9.56448170297073,46.));
#2238=CARTESIAN_POINT('',(-3.98627977108594,5.42790675907491,51.));
#2239=CARTESIAN_POINT('',(-9.96133215429862,9.56448170297073,51.));
#2240=CARTESIAN_POINT('',(-3.98627977108594,5.42790675907491,46.));
#2241=CARTESIAN_POINT('Origin',(-2.60000003874302,12.6500002518296,46.));
#2242=CARTESIAN_POINT('',(-2.60000003874302,12.6500002518296,46.));
#2243=CARTESIAN_POINT('',(-3.98627977108594,5.42790675907491,46.));
#2244=CARTESIAN_POINT('',(-2.60000003874302,12.6500002518296,51.));
#2245=CARTESIAN_POINT('',(-3.98627977108594,5.42790675907491,51.));
#2246=CARTESIAN_POINT('',(-2.60000003874302,12.6500002518296,46.));
#2247=CARTESIAN_POINT('Origin',(0.,12.6500002518296,46.));
#2248=CARTESIAN_POINT('',(2.60000003874302,12.6500002518296,46.));
#2249=CARTESIAN_POINT('Origin',(0.,12.6500002518296,46.));
#2250=CARTESIAN_POINT('',(2.60000003874302,12.6500002518296,51.));
#2251=CARTESIAN_POINT('Origin',(0.,12.6500002518296,51.));
#2252=CARTESIAN_POINT('',(2.60000003874302,12.6500002518296,46.));
#2253=CARTESIAN_POINT('Origin',(3.90247367210475,5.51171272245553,46.));
#2254=CARTESIAN_POINT('',(3.90247367210475,5.51171272245553,46.));
#2255=CARTESIAN_POINT('',(2.60000003874302,12.6500002518296,46.));
#2256=CARTESIAN_POINT('',(3.90247367210475,5.51171272245553,51.));
#2257=CARTESIAN_POINT('',(2.60000003874302,12.6500002518296,51.));
#2258=CARTESIAN_POINT('',(3.90247367210475,5.51171272245553,46.));
#2259=CARTESIAN_POINT('Origin',(9.87752619229468,9.64828752937409,46.));
#2260=CARTESIAN_POINT('',(9.87752619229469,9.64828752937409,46.));
#2261=CARTESIAN_POINT('',(3.90247367210475,5.51171272245553,46.));
#2262=CARTESIAN_POINT('',(9.87752619229469,9.64828752937409,51.));
#2263=CARTESIAN_POINT('',(3.90247367210475,5.51171272245553,51.));
#2264=CARTESIAN_POINT('',(9.87752619229469,9.64828752937409,46.));
#2265=CARTESIAN_POINT('Origin',(11.7160038507752,7.80980987089362,46.));
#2266=CARTESIAN_POINT('',(13.5544815092556,5.97133221241314,46.));
#2267=CARTESIAN_POINT('Origin',(11.7160038507752,7.80980987089362,46.));
#2268=CARTESIAN_POINT('',(13.5544815092556,5.97133221241314,51.));
#2269=CARTESIAN_POINT('Origin',(11.7160038507752,7.80980987089362,51.));
#2270=CARTESIAN_POINT('',(13.5544815092556,5.97133221241314,46.));
#2271=CARTESIAN_POINT('Origin',(9.41790656535982,-0.00372017079953935,46.));
#2272=CARTESIAN_POINT('',(9.41790656535982,-0.00372017079953879,46.));
#2273=CARTESIAN_POINT('',(13.5544815092556,5.97133221241314,46.));
#2274=CARTESIAN_POINT('',(9.41790656535982,-0.00372017079953935,51.));
#2275=CARTESIAN_POINT('',(13.5544815092556,5.97133221241314,51.));
#2276=CARTESIAN_POINT('',(9.41790656535982,-0.00372017079953879,46.));
#2277=CARTESIAN_POINT('Origin',(13.6387942274373,-5.93803316575355,46.));
#2278=CARTESIAN_POINT('',(13.6387942274373,-5.93803316575355,46.));
#2279=CARTESIAN_POINT('',(9.41790656535982,-0.00372017079953824,46.));
#2280=CARTESIAN_POINT('',(13.6387942274373,-5.93803316575356,51.));
#2281=CARTESIAN_POINT('',(9.41790656535982,-0.00372017079953824,51.));
#2282=CARTESIAN_POINT('',(13.6387942274373,-5.93803316575355,46.));
#2283=CARTESIAN_POINT('Origin',(11.7998096771785,-7.77600379266063,46.));
#2284=CARTESIAN_POINT('',(9.96133201869805,-9.61448145114111,46.));
#2285=CARTESIAN_POINT('Origin',(11.7998096771785,-7.77600379266063,46.));
#2286=CARTESIAN_POINT('',(9.96133201869805,-9.61448145114111,51.));
#2287=CARTESIAN_POINT('Origin',(11.7998096771785,-7.77600379266063,51.));
#2288=CARTESIAN_POINT('',(9.96133201869805,-9.61448145114111,46.));
#2289=CARTESIAN_POINT('Origin',(3.98627963548537,-5.47790650724529,46.));
#2290=CARTESIAN_POINT('',(3.98627963548537,-5.47790650724529,46.));
#2291=CARTESIAN_POINT('',(9.96133201869805,-9.61448145114111,46.));
#2292=CARTESIAN_POINT('',(3.98627963548537,-5.47790650724529,51.));
#2293=CARTESIAN_POINT('',(9.96133201869805,-9.61448145114111,51.));
#2294=CARTESIAN_POINT('',(3.98627963548537,-5.47790650724529,46.));
#2295=CARTESIAN_POINT('Origin',(2.59999990314245,-12.7,46.));
#2296=CARTESIAN_POINT('',(2.59999990314245,-12.7,46.));
#2297=CARTESIAN_POINT('',(3.98627963548537,-5.47790650724529,46.));
#2298=CARTESIAN_POINT('',(2.59999990314245,-12.7,51.));
#2299=CARTESIAN_POINT('',(3.98627963548537,-5.47790650724529,51.));
#2300=CARTESIAN_POINT('',(2.59999990314245,-12.7,46.));
#2301=CARTESIAN_POINT('Origin',(-1.3560057032791E-7,-12.7,46.));
#2302=CARTESIAN_POINT('',(-2.60000017434359,-12.7,46.));
#2303=CARTESIAN_POINT('Origin',(-1.3560057032791E-7,-12.7,46.));
#2304=CARTESIAN_POINT('',(-2.60000017434359,-12.7,51.));
#2305=CARTESIAN_POINT('Origin',(-1.3560057032791E-7,-12.7,51.));
#2306=CARTESIAN_POINT('',(-2.60000017434359,-12.7,46.));
#2307=CARTESIAN_POINT('Origin',(-3.90247380770532,-5.56171247062591,46.));
#2308=CARTESIAN_POINT('',(-3.90247380770532,-5.56171247062591,46.));
#2309=CARTESIAN_POINT('',(-2.60000017434359,-12.7,46.));
#2310=CARTESIAN_POINT('',(-3.90247380770532,-5.56171247062591,51.));
#2311=CARTESIAN_POINT('',(-2.60000017434359,-12.7,51.));
#2312=CARTESIAN_POINT('',(-3.90247380770532,-5.56171247062591,46.));
#2313=CARTESIAN_POINT('Origin',(-9.87752632789526,-9.69828727754447,46.));
#2314=CARTESIAN_POINT('',(-9.87752632789526,-9.69828727754447,46.));
#2315=CARTESIAN_POINT('',(-3.90247380770532,-5.56171247062591,46.));
#2316=CARTESIAN_POINT('',(-9.87752632789526,-9.69828727754447,51.));
#2317=CARTESIAN_POINT('',(-3.90247380770532,-5.56171247062591,51.));
#2318=CARTESIAN_POINT('',(-9.87752632789526,-9.69828727754447,46.));
#2319=CARTESIAN_POINT('Origin',(-11.7160039863757,-7.85980961906399,46.));
#2320=CARTESIAN_POINT('',(-13.5544816448562,-6.02133196058352,46.));
#2321=CARTESIAN_POINT('Origin',(-11.7160039863757,-7.85980961906399,46.));
#2322=CARTESIAN_POINT('',(-13.5544816448562,-6.02133196058352,51.));
#2323=CARTESIAN_POINT('Origin',(-11.7160039863757,-7.85980961906399,51.));
#2324=CARTESIAN_POINT('',(-13.5544816448562,-6.02133196058352,46.));
#2325=CARTESIAN_POINT('Origin',(-9.41790670096039,-0.046279577370838,46.));
#2326=CARTESIAN_POINT('',(-9.41790670096039,-0.0462795773708385,46.));
#2327=CARTESIAN_POINT('',(-13.5544816448562,-6.02133196058352,46.));
#2328=CARTESIAN_POINT('',(-9.41790670096039,-0.046279577370838,51.));
#2329=CARTESIAN_POINT('',(-13.5544816448562,-6.02133196058352,51.));
#2330=CARTESIAN_POINT('',(-9.41790670096039,-0.0462795773708385,46.));
#2331=CARTESIAN_POINT('Origin',(-13.6387943630379,5.88803341758318,46.));
#2332=CARTESIAN_POINT('',(-13.6387943630379,5.88803341758318,46.));
#2333=CARTESIAN_POINT('',(-9.41790670096039,-0.046279577370838,46.));
#2334=CARTESIAN_POINT('',(-13.6387943630379,5.88803341758318,51.));
#2335=CARTESIAN_POINT('',(-9.41790670096039,-0.046279577370838,51.));
#2336=CARTESIAN_POINT('',(-13.6387943630379,5.88803341758318,46.));
#2337=CARTESIAN_POINT('Origin',(-11.7998098127791,7.72600404449025,46.));
#2338=CARTESIAN_POINT('Origin',(-11.7998098127791,7.72600404449025,46.));
#2339=CARTESIAN_POINT('Origin',(-11.7998098127791,7.72600404449025,51.));
#2340=CARTESIAN_POINT('Origin',(-6.78002853859994E-8,-0.0249998740851892,
51.));
#2341=CARTESIAN_POINT('Origin',(-6.78002853859994E-8,-0.0249998740851892,
46.));
#2342=CARTESIAN_POINT('Origin',(0.,-20.0000002980232,95.0000014156103));
#2343=CARTESIAN_POINT('',(0.,-21.7500002980232,95.0000014156103));
#2344=CARTESIAN_POINT('Origin',(0.,-20.0000002980232,95.0000014156103));
#2345=CARTESIAN_POINT('',(-5.,-21.7500002980232,95.0000014156103));
#2346=CARTESIAN_POINT('',(0.,-21.7500002980232,95.0000014156103));
#2347=CARTESIAN_POINT('Origin',(-5.,-20.0000002980232,95.0000014156103));
#2348=CARTESIAN_POINT('Origin',(0.,4.00000005960464,67.0000009983778));
#2349=CARTESIAN_POINT('',(0.,2.25000005960464,67.0000009983778));
#2350=CARTESIAN_POINT('Origin',(0.,4.00000005960464,67.0000009983778));
#2351=CARTESIAN_POINT('',(-5.,2.25000005960464,67.0000009983778));
#2352=CARTESIAN_POINT('',(0.,2.25000005960464,67.0000009983778));
#2353=CARTESIAN_POINT('Origin',(-5.,4.00000005960464,67.0000009983778));
#2354=CARTESIAN_POINT('Origin',(0.,9.00000013411045,72.0000010728836));
#2355=CARTESIAN_POINT('',(0.,7.25000013411045,72.0000010728836));
#2356=CARTESIAN_POINT('Origin',(0.,9.00000013411045,72.0000010728836));
#2357=CARTESIAN_POINT('',(-5.,7.25000013411045,72.0000010728836));
#2358=CARTESIAN_POINT('',(0.,7.25000013411045,72.0000010728836));
#2359=CARTESIAN_POINT('Origin',(-5.,9.00000013411045,72.0000010728836));
#2360=CARTESIAN_POINT('Origin',(0.,-27.0000004023314,86.0000012814999));
#2361=CARTESIAN_POINT('',(0.,-28.7500004023314,86.0000012814999));
#2362=CARTESIAN_POINT('Origin',(0.,-27.0000004023314,86.0000012814999));
#2363=CARTESIAN_POINT('',(-5.,-28.7500004023314,86.0000012814999));
#2364=CARTESIAN_POINT('',(0.,-28.7500004023314,86.0000012814999));
#2365=CARTESIAN_POINT('Origin',(-5.,-27.0000004023314,86.0000012814999));
#2366=CARTESIAN_POINT('Origin',(3.14660195524918,-2.52524902808197,66.4606233066801));
#2367=CARTESIAN_POINT('',(0.,-2.52524902808197,66.4606233066801));
#2368=CARTESIAN_POINT('',(0.,-14.1824384499365,75.9004291724277));
#2369=CARTESIAN_POINT('',(0.,-5.89553433162182,69.1898265327985));
#2370=CARTESIAN_POINT('',(-5.,-2.52524902808197,66.4606233066801));
#2371=CARTESIAN_POINT('',(3.14660195524918,-2.52524902808197,66.4606233066801));
#2372=CARTESIAN_POINT('',(-5.,-14.1824384499365,75.9004291724277));
#2373=CARTESIAN_POINT('',(-5.,-6.54737714094368,69.7176784319403));
#2374=CARTESIAN_POINT('',(3.14660195524918,-14.1824384499365,75.9004291724277));
#2375=CARTESIAN_POINT('Origin',(3.14660195524918,-14.1824384499365,75.9004291724277));
#2376=CARTESIAN_POINT('',(0.,-4.74263258418898,87.5576185942823));
#2377=CARTESIAN_POINT('',(0.,-10.7220398371181,80.1736655798751));
#2378=CARTESIAN_POINT('',(-5.,-4.74263258418898,87.5576185942823));
#2379=CARTESIAN_POINT('',(-5.,-10.7847287276048,80.0962512472667));
#2380=CARTESIAN_POINT('',(3.14660195524917,-4.74263258418898,87.5576185942823));
#2381=CARTESIAN_POINT('Origin',(3.14660195524917,-4.74263258418898,87.5576185942823));
#2382=CARTESIAN_POINT('',(0.,6.91455683766558,78.1178127285347));
#2383=CARTESIAN_POINT('',(0.,-2.28432317680154,85.5669188875268));
#2384=CARTESIAN_POINT('',(-5.,6.91455683766558,78.1178127285347));
#2385=CARTESIAN_POINT('',(-5.,-2.9361659861234,86.0947707866687));
#2386=CARTESIAN_POINT('',(3.14660195524918,6.91455683766558,78.1178127285347));
#2387=CARTESIAN_POINT('Origin',(3.14660195524918,6.91455683766558,78.1178127285347));
#2388=CARTESIAN_POINT('',(0.,5.65505251761027,76.5624544250548));
#2389=CARTESIAN_POINT('',(-5.,5.59236362712353,76.4850400924464));
#2390=CARTESIAN_POINT('Origin',(0.,-26.8341592188507,102.280168074168));
#2391=CARTESIAN_POINT('',(5.,-36.769488050934,89.2400489820589));
#2392=CARTESIAN_POINT('',(5.,-26.8341592188507,102.280168074168));
#2393=CARTESIAN_POINT('',(5.,-27.6402243340041,101.222207610529));
#2394=CARTESIAN_POINT('',(0.,-36.769488050934,89.2400489820589));
#2395=CARTESIAN_POINT('',(0.,-36.769488050934,89.2400489820589));
#2396=CARTESIAN_POINT('',(0.,-26.8341592188507,102.280168074168));
#2397=CARTESIAN_POINT('',(0.,-26.8341592188507,102.280168074168));
#2398=CARTESIAN_POINT('',(0.,-26.8341592188507,102.280168074168));
#2399=CARTESIAN_POINT('Origin',(0.,-23.2547164787044,99.5529736054853));
#2400=CARTESIAN_POINT('',(5.,-20.3918993563326,103.024900753894));
#2401=CARTESIAN_POINT('Origin',(5.,-23.2547164787044,99.5529736054853));
#2402=CARTESIAN_POINT('',(0.,-20.3918993563326,103.024900753894));
#2403=CARTESIAN_POINT('Origin',(0.,-23.2547164787044,99.5529736054853));
#2404=CARTESIAN_POINT('',(0.,-20.3918993563326,103.024900753894));
#2405=CARTESIAN_POINT('Origin',(0.,31.3628176141101,60.3499586905462));
#2406=CARTESIAN_POINT('',(5.,31.3628176141101,60.3499586905462));
#2407=CARTESIAN_POINT('',(5.,15.7469523001764,73.2261985108073));
#2408=CARTESIAN_POINT('',(0.,31.3628176141101,60.3499586905462));
#2409=CARTESIAN_POINT('',(0.,31.3628176141101,60.3499586905462));
#2410=CARTESIAN_POINT('',(0.,31.3628176141101,60.3499586905462));
#2411=CARTESIAN_POINT('Origin',(0.,28.5000004917383,56.8780315421378));
#2412=CARTESIAN_POINT('',(5.,32.9983472422784,57.0000008493662));
#2413=CARTESIAN_POINT('Origin',(5.,28.5000004917383,56.8780315421378));
#2414=CARTESIAN_POINT('',(0.,32.9983472422784,57.0000008493662));
#2415=CARTESIAN_POINT('Origin',(0.,28.5000004917383,56.8780315421378));
#2416=CARTESIAN_POINT('',(0.,32.9983472422784,57.0000008493662));
#2417=CARTESIAN_POINT('Origin',(0.,2.00000002980232,57.0000008493662));
#2418=CARTESIAN_POINT('',(5.,2.00000002980232,57.0000008493662));
#2419=CARTESIAN_POINT('',(5.,-0.887042889669805,57.0000008493662));
#2420=CARTESIAN_POINT('',(0.,2.00000002980232,57.0000008493662));
#2421=CARTESIAN_POINT('',(0.,33.0000004917383,57.0000008493662));
#2422=CARTESIAN_POINT('',(0.,2.00000002980232,57.0000008493662));
#2423=CARTESIAN_POINT('Origin',(0.,2.00000002980233,60.2771711140033));
#2424=CARTESIAN_POINT('',(5.,2.00000002980233,60.2771711140033));
#2425=CARTESIAN_POINT('',(5.,2.00000002980234,70.8217744104408));
#2426=CARTESIAN_POINT('',(0.,2.00000002980233,60.2771711140033));
#2427=CARTESIAN_POINT('',(0.,2.00000002980232,57.0000008493662));
#2428=CARTESIAN_POINT('',(0.,2.00000002980233,60.2771711140033));
#2429=CARTESIAN_POINT('Origin',(0.,-2.49999997019766,60.2771711140033));
#2430=CARTESIAN_POINT('',(5.,-0.411968494180165,64.263413022764));
#2431=CARTESIAN_POINT('Origin',(5.,-2.49999997019766,60.2771711140033));
#2432=CARTESIAN_POINT('',(0.,-0.411968494180165,64.263413022764));
#2433=CARTESIAN_POINT('Origin',(0.,-2.49999997019766,60.2771711140033));
#2434=CARTESIAN_POINT('',(0.,-0.411968494180165,64.263413022764));
#2435=CARTESIAN_POINT('Origin',(0.,-35.2780767868053,82.5266126046153));
#2436=CARTESIAN_POINT('',(5.,-35.2780767868053,82.5266126046153));
#2437=CARTESIAN_POINT('',(5.,-22.6790783148064,75.9271372145206));
#2438=CARTESIAN_POINT('',(0.,-35.2780767868053,82.5266126046153));
#2439=CARTESIAN_POINT('',(0.,-35.2780767868053,82.5266126046153));
#2440=CARTESIAN_POINT('',(0.,-35.2780767868053,82.5266126046153));
#2441=CARTESIAN_POINT('Origin',(0.,-33.1900453107878,86.512854513376));
#2442=CARTESIAN_POINT('Origin',(5.,-33.1900453107878,86.512854513376));
#2443=CARTESIAN_POINT('Origin',(0.,-33.1900453107878,86.512854513376));
#2444=CARTESIAN_POINT('Origin',(0.,-2.34502240952474,80.4655025738116));
#2445=CARTESIAN_POINT('Origin',(-5.,5.55111512312578E-15,56.4382014725215));
#2446=CARTESIAN_POINT('',(-5.,5.55111512312578E-15,56.4382014725215));
#2447=CARTESIAN_POINT('',(-5.,0.,56.000000834465));
#2448=CARTESIAN_POINT('',(-5.,5.55111512312578E-15,56.4382014725215));
#2449=CARTESIAN_POINT('',(5.,0.,56.000000834465));
#2450=CARTESIAN_POINT('',(-5.,0.,56.000000834465));
#2451=CARTESIAN_POINT('',(5.,5.55111512312578E-15,56.4382014725215));
#2452=CARTESIAN_POINT('',(5.,5.55111512312578E-15,56.4382014725215));
#2453=CARTESIAN_POINT('',(-5.,5.55111512312578E-15,56.4382014725215));
#2454=CARTESIAN_POINT('Origin',(-5.,-6.,56.4382014725215));
#2455=CARTESIAN_POINT('',(-5.,-3.12688713157732,61.7055748640046));
#2456=CARTESIAN_POINT('Origin',(-5.,-6.,56.4382014725215));
#2457=CARTESIAN_POINT('',(5.,-3.12688713157732,61.7055748640046));
#2458=CARTESIAN_POINT('Origin',(5.,-6.,56.4382014725215));
#2459=CARTESIAN_POINT('',(-5.,-3.12688713157732,61.7055748640046));
#2460=CARTESIAN_POINT('Origin',(-5.,-39.4212850082472,81.5025199144013));
#2461=CARTESIAN_POINT('',(-5.,-39.4212850082472,81.5025199144013));
#2462=CARTESIAN_POINT('',(-5.,-39.4212850082472,81.5025199144013));
#2463=CARTESIAN_POINT('',(5.,-39.4212850082472,81.5025199144013));
#2464=CARTESIAN_POINT('',(5.,-39.4212850082472,81.5025199144013));
#2465=CARTESIAN_POINT('',(-5.,-39.4212850082472,81.5025199144013));
#2466=CARTESIAN_POINT('Origin',(-5.,-36.5481721398245,86.7698933058844));
#2467=CARTESIAN_POINT('',(-5.,-41.1574998676084,90.6109996436317));
#2468=CARTESIAN_POINT('Origin',(-5.,-36.5481721398245,86.7698933058844));
#2469=CARTESIAN_POINT('',(5.,-41.1574998676084,90.6109996436317));
#2470=CARTESIAN_POINT('Origin',(5.,-36.5481721398245,86.7698933058844));
#2471=CARTESIAN_POINT('',(-5.,-41.1574998676084,90.6109996436317));
#2472=CARTESIAN_POINT('Origin',(-5.,-30.1214751169965,103.854229696288));
#2473=CARTESIAN_POINT('',(-5.,-30.1214751169964,103.854229696288));
#2474=CARTESIAN_POINT('',(-5.,-30.1214751169965,103.854229696288));
#2475=CARTESIAN_POINT('',(5.,-30.1214751169964,103.854229696288));
#2476=CARTESIAN_POINT('',(5.,-30.1214751169965,103.854229696288));
#2477=CARTESIAN_POINT('',(-5.,-30.1214751169964,103.854229696288));
#2478=CARTESIAN_POINT('Origin',(-5.,-23.9757048132846,98.7327545792918));
#2479=CARTESIAN_POINT('',(-5.,-18.8542296962882,104.878524883004));
#2480=CARTESIAN_POINT('Origin',(-5.,-23.9757048132846,98.7327545792918));
#2481=CARTESIAN_POINT('',(5.,-18.8542296962882,104.878524883004));
#2482=CARTESIAN_POINT('Origin',(5.,-23.9757048132846,98.7327545792918));
#2483=CARTESIAN_POINT('',(-5.,-18.8542296962882,104.878524883004));
#2484=CARTESIAN_POINT('Origin',(-5.,33.2009224696634,61.4992325641272));
#2485=CARTESIAN_POINT('',(-5.,33.2009224696634,61.4992325641272));
#2486=CARTESIAN_POINT('',(-5.,33.2009224696634,61.4992325641272));
#2487=CARTESIAN_POINT('',(5.,33.2009224696634,61.4992325641272));
#2488=CARTESIAN_POINT('',(5.,33.2009224696634,61.4992325641272));
#2489=CARTESIAN_POINT('',(-5.,33.2009224696634,61.4992325641272));
#2490=CARTESIAN_POINT('Origin',(-5.,30.0000005215407,57.6581261243073));
#2491=CARTESIAN_POINT('',(-5.,35.0000005215406,57.6581261243073));
#2492=CARTESIAN_POINT('Origin',(-5.,30.0000005215407,57.6581261243073));
#2493=CARTESIAN_POINT('',(5.,35.0000005215406,57.6581261243073));
#2494=CARTESIAN_POINT('Origin',(5.,30.0000005215407,57.6581261243073));
#2495=CARTESIAN_POINT('',(-5.,35.0000005215406,57.6581261243073));
#2496=CARTESIAN_POINT('Origin',(-5.,35.0000005215406,56.000000834465));
#2497=CARTESIAN_POINT('',(-5.,35.0000005215406,56.000000834465));
#2498=CARTESIAN_POINT('',(-5.,35.0000005215406,56.000000834465));
#2499=CARTESIAN_POINT('',(5.,35.0000005215406,56.000000834465));
#2500=CARTESIAN_POINT('',(5.,35.0000005215406,56.000000834465));
#2501=CARTESIAN_POINT('',(-5.,35.0000005215406,56.000000834465));
#2502=CARTESIAN_POINT('Origin',(-5.,0.,56.000000834465));
#2503=CARTESIAN_POINT('',(-5.,0.,56.000000834465));
#2504=CARTESIAN_POINT('',(5.,0.,56.000000834465));
#2505=CARTESIAN_POINT('Origin',(5.,-3.77408580914193,81.3663777068784));
#2506=CARTESIAN_POINT('Origin',(-5.,-3.77408580914193,81.3663777068784));
#2507=UNCERTAINTY_MEASURE_WITH_UNIT(LENGTH_MEASURE(0.01),#2511,
'DISTANCE_ACCURACY_VALUE',
'Maximum model space distance between geometric entities at asserted c
onnectivities');
#2508=UNCERTAINTY_MEASURE_WITH_UNIT(LENGTH_MEASURE(0.01),#2511,
'DISTANCE_ACCURACY_VALUE',
'Maximum model space distance between geometric entities at asserted c
onnectivities');
#2509=(
GEOMETRIC_REPRESENTATION_CONTEXT(3)
GLOBAL_UNCERTAINTY_ASSIGNED_CONTEXT((#2507))
GLOBAL_UNIT_ASSIGNED_CONTEXT((#2511,#2513,#2514))
REPRESENTATION_CONTEXT('','3D')
);
#2510=(
GEOMETRIC_REPRESENTATION_CONTEXT(3)
GLOBAL_UNCERTAINTY_ASSIGNED_CONTEXT((#2508))
GLOBAL_UNIT_ASSIGNED_CONTEXT((#2511,#2513,#2514))
REPRESENTATION_CONTEXT('','3D')
);
#2511=(
LENGTH_UNIT()
NAMED_UNIT(*)
SI_UNIT(.MILLI.,.METRE.)
);
#2512=(
LENGTH_UNIT()
NAMED_UNIT(*)
SI_UNIT($,.METRE.)
);
#2513=(
NAMED_UNIT(*)
PLANE_ANGLE_UNIT()
SI_UNIT($,.RADIAN.)
);
#2514=(
NAMED_UNIT(*)
SI_UNIT($,.STERADIAN.)
SOLID_ANGLE_UNIT()
);
#2515=SHAPE_DEFINITION_REPRESENTATION(#2516,#2517);
#2516=PRODUCT_DEFINITION_SHAPE('',$,#2519);
#2517=SHAPE_REPRESENTATION('',(#1507),#2509);
#2518=PRODUCT_DEFINITION_CONTEXT('part definition',#2523,'design');
#2519=PRODUCT_DEFINITION('base_mount','base_mount',#2520,#2518);
#2520=PRODUCT_DEFINITION_FORMATION('',$,#2525);
#2521=PRODUCT_RELATED_PRODUCT_CATEGORY('base_mount','base_mount',(#2525));
#2522=APPLICATION_PROTOCOL_DEFINITION('international standard',
'automotive_design',2009,#2523);
#2523=APPLICATION_CONTEXT(
'Core Data for Automotive Mechanical Design Process');
#2524=PRODUCT_CONTEXT('part definition',#2523,'mechanical');
#2525=PRODUCT('base_mount','base_mount',$,(#2524));
#2526=PRESENTATION_STYLE_ASSIGNMENT((#2527));
#2527=SURFACE_STYLE_USAGE(.BOTH.,#2528);
#2528=SURFACE_SIDE_STYLE('',(#2529));
#2529=SURFACE_STYLE_FILL_AREA(#2530);
#2530=FILL_AREA_STYLE('Steel - Satin',(#2531));
#2531=FILL_AREA_STYLE_COLOUR('Steel - Satin',#2532);
#2532=COLOUR_RGB('Steel - Satin',0.627450980392157,0.627450980392157,0.627450980392157);
ENDSEC;
END-ISO-10303-21;
