ISO-10303-21;
HEADER;
/* Generated by software containing ST-Developer
 * from STEP Tools, Inc. (www.steptools.com) 
 */

FILE_DESCRIPTION(
/* description */ (''),
/* implementation_level */ '2;1');

FILE_NAME(
/* name */ 'gripper_servo_gear.step',
/* time_stamp */ '2026-08-31T17:09:51+05:30',
/* author */ (''),
/* organization */ (''),
/* preprocessor_version */ 'ST-DEVELOPER v20.1',
/* originating_system */ 'Autodesk Translation Framework v15.8.0.0',
/* authorisation */ '');

FILE_SCHEMA (('AUTOMOTIVE_DESIGN { 1 0 10303 214 3 1 1 }'));
ENDSEC;

DATA;
#10=MECHANICAL_DESIGN_GEOMETRIC_PRESENTATION_REPRESENTATION('',(#13),#10247);
#11=SHAPE_REPRESENTATION_RELATIONSHIP('SRR','None',#10254,#12);
#12=ADVANCED_BREP_SHAPE_REPRESENTATION('',(#14),#10246);
#13=STYLED_ITEM('',(#10263),#14);
#14=MANIFOLD_SOLID_BREP('Body1',#2148);
#15=(
BOUNDED_CURVE()
B_SPLINE_CURVE(5,(#4712,#4713,#4714,#4715,#4716,#4717,#4718,#4719,#4720,
#4721,#4722,#4723,#4724,#4725,#4726,#4727,#4728,#4729,#4730,#4731,#4732,
#4733,#4734,#4735,#4736,#4737,#4738,#4739),.UNSPECIFIED.,.F.,.F.)
B_SPLINE_CURVE_WITH_KNOTS((6,1,1,1,1,1,1,1,1,1,1,1,1,1,1,1,1,1,1,1,1,1,
1,6),(0.68354952817971,0.685714285714285,0.699999999999999,0.714285714285714,
0.728571428571428,0.742857142857142,0.757142857142856,0.771428571428571,
0.785714285714285,0.799999999999999,0.814285714285713,0.828571428571428,
0.842857142857142,0.857142857142856,0.87142857142857,0.885714285714284,
0.899999999999999,0.914285714285713,0.928571428571427,0.942857142857141,
0.957142857142856,0.97142857142857,0.985714285714284,1.),.UNSPECIFIED.)
CURVE()
GEOMETRIC_REPRESENTATION_ITEM()
RATIONAL_B_SPLINE_CURVE((1.,1.,1.,1.,1.,1.,1.,1.,1.,1.,1.,1.,1.,1.,1.,1.,
1.,1.,1.,1.,1.,1.,1.,1.,1.,1.,1.,1.))
REPRESENTATION_ITEM('')
);
#16=(
BOUNDED_CURVE()
B_SPLINE_CURVE(5,(#4896,#4897,#4898,#4899,#4900,#4901,#4902,#4903,#4904,
#4905,#4906,#4907,#4908,#4909,#4910,#4911,#4912,#4913,#4914,#4915,#4916,
#4917,#4918,#4919,#4920,#4921,#4922,#4923,#4924,#4925,#4926,#4927,#4928,
#4929,#4930,#4931,#4932,#4933,#4934,#4935,#4936,#4937,#4938,#4939,#4940,
#4941,#4942,#4943,#4944,#4945,#4946,#4947,#4948,#4949,#4950,#4951,#4952,
#4953,#4954,#4955,#4956,#4957,#4958,#4959,#4960,#4961,#4962,#4963,#4964,
#4965,#4966,#4967,#4968,#4969,#4970),.UNSPECIFIED.,.F.,.F.)
B_SPLINE_CURVE_WITH_KNOTS((6,1,1,1,1,1,1,1,1,1,1,1,1,1,1,1,1,1,1,1,1,1,
1,1,1,1,1,1,1,1,1,1,1,1,1,1,1,1,1,1,1,1,1,1,1,1,1,1,1,1,1,1,1,1,1,1,1,1,
1,1,1,1,1,1,1,1,1,1,1,1,6),(-1.,-0.985714285714284,-0.97142857142857,-0.957142857142856,
-0.942857142857141,-0.928571428571427,-0.914285714285713,-0.899999999999999,
-0.885714285714284,-0.87142857142857,-0.857142857142856,-0.842857142857142,
-0.828571428571428,-0.814285714285713,-0.799999999999999,-0.785714285714285,
-0.771428571428571,-0.757142857142856,-0.742857142857142,-0.728571428571428,
-0.714285714285714,-0.699999999999999,-0.685714285714285,-0.671428571428571,
-0.657142857142857,-0.642857142857142,-0.628571428571428,-0.614285714285714,
-0.6,-0.585714285714286,-0.571428571428571,-0.557142857142857,-0.542857142857143,
-0.528571428571429,-0.514285714285714,-0.5,-0.485714285714286,-0.471428571428572,
-0.457142857142857,-0.442857142857143,-0.428571428571429,-0.414285714285714,
-0.4,-0.385714285714286,-0.371428571428571,-0.357142857142857,-0.342857142857143,
-0.328571428571429,-0.314285714285714,-0.3,-0.285714285714286,-0.271428571428571,
-0.257142857142857,-0.242857142857143,-0.228571428571429,-0.214285714285714,
-0.2,-0.185714285714286,-0.171428571428571,-0.157142857142857,-0.142857142857143,
-0.128571428571429,-0.114285714285714,-0.1,-0.0857142857142857,-0.0714285714285714,
-0.0571428571428571,-0.0428571428571429,-0.0285714285714286,-0.0142857142857143,
0.),.UNSPECIFIED.)
CURVE()
GEOMETRIC_REPRESENTATION_ITEM()
RATIONAL_B_SPLINE_CURVE((1.,1.,1.,1.,1.,1.,1.,1.,1.,1.,1.,1.,1.,1.,1.,1.,
1.,1.,1.,1.,1.,1.,1.,1.,1.,1.,1.,1.,1.,1.,1.,1.,1.,1.,1.,1.,1.,1.,1.,1.,
1.,1.,1.,1.,1.,1.,1.,1.,1.,1.,1.,1.,1.,1.,1.,1.,1.,1.,1.,1.,1.,1.,1.,1.,
1.,1.,1.,1.,1.,1.,1.,1.,1.,1.,1.))
REPRESENTATION_ITEM('')
);
#17=(
BOUNDED_CURVE()
B_SPLINE_CURVE(5,(#5143,#5144,#5145,#5146,#5147,#5148,#5149,#5150,#5151,
#5152,#5153,#5154,#5155,#5156,#5157,#5158,#5159,#5160,#5161,#5162,#5163,
#5164,#5165,#5166,#5167,#5168,#5169,#5170,#5171,#5172,#5173,#5174,#5175,
#5176,#5177,#5178,#5179,#5180,#5181,#5182,#5183,#5184,#5185,#5186,#5187,
#5188,#5189,#5190,#5191,#5192,#5193,#5194,#5195,#5196,#5197,#5198,#5199,
#5200,#5201,#5202,#5203,#5204,#5205,#5206,#5207,#5208,#5209,#5210,#5211,
#5212,#5213,#5214,#5215,#5216,#5217),.UNSPECIFIED.,.F.,.F.)
B_SPLINE_CURVE_WITH_KNOTS((6,1,1,1,1,1,1,1,1,1,1,1,1,1,1,1,1,1,1,1,1,1,
1,1,1,1,1,1,1,1,1,1,1,1,1,1,1,1,1,1,1,1,1,1,1,1,1,1,1,1,1,1,1,1,1,1,1,1,
1,1,1,1,1,1,1,1,1,1,1,1,6),(0.,0.0142857142857143,0.0285714285714286,0.0428571428571429,
0.0571428571428571,0.0714285714285714,0.0857142857142857,0.1,0.114285714285714,
0.128571428571429,0.142857142857143,0.157142857142857,0.171428571428571,
0.185714285714286,0.2,0.214285714285714,0.228571428571429,0.242857142857143,
0.257142857142857,0.271428571428571,0.285714285714286,0.3,0.314285714285714,
0.328571428571429,0.342857142857143,0.357142857142857,0.371428571428571,
0.385714285714286,0.4,0.414285714285714,0.428571428571429,0.442857142857143,
0.457142857142857,0.471428571428572,0.485714285714286,0.5,0.514285714285714,
0.528571428571429,0.542857142857143,0.557142857142857,0.571428571428571,
0.585714285714286,0.6,0.614285714285714,0.628571428571428,0.642857142857142,
0.657142857142857,0.671428571428571,0.685714285714285,0.699999999999999,
0.714285714285714,0.728571428571428,0.742857142857142,0.757142857142856,
0.771428571428571,0.785714285714285,0.799999999999999,0.814285714285713,
0.828571428571428,0.842857142857142,0.857142857142856,0.87142857142857,
0.885714285714284,0.899999999999999,0.914285714285713,0.928571428571427,
0.942857142857141,0.957142857142856,0.97142857142857,0.985714285714284,
1.),.UNSPECIFIED.)
CURVE()
GEOMETRIC_REPRESENTATION_ITEM()
RATIONAL_B_SPLINE_CURVE((1.,1.,1.,1.,1.,1.,1.,1.,1.,1.,1.,1.,1.,1.,1.,1.,
1.,1.,1.,1.,1.,1.,1.,1.,1.,1.,1.,1.,1.,1.,1.,1.,1.,1.,1.,1.,1.,1.,1.,1.,
1.,1.,1.,1.,1.,1.,1.,1.,1.,1.,1.,1.,1.,1.,1.,1.,1.,1.,1.,1.,1.,1.,1.,1.,
1.,1.,1.,1.,1.,1.,1.,1.,1.,1.,1.))
REPRESENTATION_ITEM('')
);
#18=(
BOUNDED_CURVE()
B_SPLINE_CURVE(5,(#5374,#5375,#5376,#5377,#5378,#5379,#5380,#5381,#5382,
#5383,#5384,#5385,#5386,#5387,#5388,#5389,#5390,#5391,#5392,#5393,#5394,
#5395,#5396,#5397,#5398,#5399,#5400,#5401,#5402,#5403,#5404,#5405,#5406,
#5407,#5408,#5409,#5410,#5411,#5412,#5413,#5414,#5415,#5416,#5417,#5418,
#5419,#5420,#5421,#5422,#5423,#5424,#5425,#5426,#5427,#5428,#5429,#5430,
#5431,#5432,#5433,#5434,#5435,#5436,#5437,#5438,#5439,#5440,#5441,#5442,
#5443,#5444,#5445,#5446,#5447,#5448),.UNSPECIFIED.,.F.,.F.)
B_SPLINE_CURVE_WITH_KNOTS((6,1,1,1,1,1,1,1,1,1,1,1,1,1,1,1,1,1,1,1,1,1,
1,1,1,1,1,1,1,1,1,1,1,1,1,1,1,1,1,1,1,1,1,1,1,1,1,1,1,1,1,1,1,1,1,1,1,1,
1,1,1,1,1,1,1,1,1,1,1,1,6),(-1.,-0.985714285714284,-0.97142857142857,-0.957142857142856,
-0.942857142857141,-0.928571428571427,-0.914285714285713,-0.899999999999999,
-0.885714285714284,-0.87142857142857,-0.857142857142856,-0.842857142857142,
-0.828571428571428,-0.814285714285713,-0.799999999999999,-0.785714285714285,
-0.771428571428571,-0.757142857142856,-0.742857142857142,-0.728571428571428,
-0.714285714285714,-0.699999999999999,-0.685714285714285,-0.671428571428571,
-0.657142857142857,-0.642857142857142,-0.628571428571428,-0.614285714285714,
-0.6,-0.585714285714286,-0.571428571428571,-0.557142857142857,-0.542857142857143,
-0.528571428571429,-0.514285714285714,-0.5,-0.485714285714286,-0.471428571428572,
-0.457142857142857,-0.442857142857143,-0.428571428571429,-0.414285714285714,
-0.4,-0.385714285714286,-0.371428571428571,-0.357142857142857,-0.342857142857143,
-0.328571428571429,-0.314285714285714,-0.3,-0.285714285714286,-0.271428571428571,
-0.257142857142857,-0.242857142857143,-0.228571428571429,-0.214285714285714,
-0.2,-0.185714285714286,-0.171428571428571,-0.157142857142857,-0.142857142857143,
-0.128571428571429,-0.114285714285714,-0.1,-0.0857142857142857,-0.0714285714285714,
-0.0571428571428571,-0.0428571428571429,-0.0285714285714286,-0.0142857142857143,
0.),.UNSPECIFIED.)
CURVE()
GEOMETRIC_REPRESENTATION_ITEM()
RATIONAL_B_SPLINE_CURVE((1.,1.,1.,1.,1.,1.,1.,1.,1.,1.,1.,1.,1.,1.,1.,1.,
1.,1.,1.,1.,1.,1.,1.,1.,1.,1.,1.,1.,1.,1.,1.,1.,1.,1.,1.,1.,1.,1.,1.,1.,
1.,1.,1.,1.,1.,1.,1.,1.,1.,1.,1.,1.,1.,1.,1.,1.,1.,1.,1.,1.,1.,1.,1.,1.,
1.,1.,1.,1.,1.,1.,1.,1.,1.,1.,1.))
REPRESENTATION_ITEM('')
);
#19=(
BOUNDED_CURVE()
B_SPLINE_CURVE(5,(#5621,#5622,#5623,#5624,#5625,#5626,#5627,#5628,#5629,
#5630,#5631,#5632,#5633,#5634,#5635,#5636,#5637,#5638,#5639,#5640,#5641,
#5642,#5643,#5644,#5645,#5646,#5647,#5648,#5649,#5650,#5651,#5652,#5653,
#5654,#5655,#5656,#5657,#5658,#5659,#5660,#5661,#5662,#5663,#5664,#5665,
#5666,#5667,#5668,#5669,#5670,#5671,#5672,#5673,#5674,#5675,#5676,#5677,
#5678,#5679,#5680,#5681,#5682,#5683,#5684,#5685,#5686,#5687,#5688,#5689,
#5690,#5691,#5692,#5693,#5694,#5695),.UNSPECIFIED.,.F.,.F.)
B_SPLINE_CURVE_WITH_KNOTS((6,1,1,1,1,1,1,1,1,1,1,1,1,1,1,1,1,1,1,1,1,1,
1,1,1,1,1,1,1,1,1,1,1,1,1,1,1,1,1,1,1,1,1,1,1,1,1,1,1,1,1,1,1,1,1,1,1,1,
1,1,1,1,1,1,1,1,1,1,1,1,6),(0.,0.0142857142857143,0.0285714285714286,0.0428571428571429,
0.0571428571428571,0.0714285714285714,0.0857142857142857,0.1,0.114285714285714,
0.128571428571429,0.142857142857143,0.157142857142857,0.171428571428571,
0.185714285714286,0.2,0.214285714285714,0.228571428571429,0.242857142857143,
0.257142857142857,0.271428571428571,0.285714285714286,0.3,0.314285714285714,
0.328571428571429,0.342857142857143,0.357142857142857,0.371428571428571,
0.385714285714286,0.4,0.414285714285714,0.428571428571429,0.442857142857143,
0.457142857142857,0.471428571428572,0.485714285714286,0.5,0.514285714285714,
0.528571428571429,0.542857142857143,0.557142857142857,0.571428571428571,
0.585714285714286,0.6,0.614285714285714,0.628571428571428,0.642857142857142,
0.657142857142857,0.671428571428571,0.685714285714285,0.699999999999999,
0.714285714285714,0.728571428571428,0.742857142857142,0.757142857142856,
0.771428571428571,0.785714285714285,0.799999999999999,0.814285714285713,
0.828571428571428,0.842857142857142,0.857142857142856,0.87142857142857,
0.885714285714284,0.899999999999999,0.914285714285713,0.928571428571427,
0.942857142857141,0.957142857142856,0.97142857142857,0.985714285714284,
1.),.UNSPECIFIED.)
CURVE()
GEOMETRIC_REPRESENTATION_ITEM()
RATIONAL_B_SPLINE_CURVE((1.,1.,1.,1.,1.,1.,1.,1.,1.,1.,1.,1.,1.,1.,1.,1.,
1.,1.,1.,1.,1.,1.,1.,1.,1.,1.,1.,1.,1.,1.,1.,1.,1.,1.,1.,1.,1.,1.,1.,1.,
1.,1.,1.,1.,1.,1.,1.,1.,1.,1.,1.,1.,1.,1.,1.,1.,1.,1.,1.,1.,1.,1.,1.,1.,
1.,1.,1.,1.,1.,1.,1.,1.,1.,1.,1.))
REPRESENTATION_ITEM('')
);
#20=(
BOUNDED_CURVE()
B_SPLINE_CURVE(5,(#5852,#5853,#5854,#5855,#5856,#5857,#5858,#5859,#5860,
#5861,#5862,#5863,#5864,#5865,#5866,#5867,#5868,#5869,#5870,#5871,#5872,
#5873,#5874,#5875,#5876,#5877,#5878,#5879,#5880,#5881,#5882,#5883,#5884,
#5885,#5886,#5887,#5888,#5889,#5890,#5891,#5892,#5893,#5894,#5895,#5896,
#5897,#5898,#5899,#5900,#5901,#5902,#5903,#5904,#5905,#5906,#5907,#5908,
#5909,#5910,#5911,#5912,#5913,#5914,#5915,#5916,#5917,#5918,#5919,#5920,
#5921,#5922,#5923,#5924,#5925,#5926),.UNSPECIFIED.,.F.,.F.)
B_SPLINE_CURVE_WITH_KNOTS((6,1,1,1,1,1,1,1,1,1,1,1,1,1,1,1,1,1,1,1,1,1,
1,1,1,1,1,1,1,1,1,1,1,1,1,1,1,1,1,1,1,1,1,1,1,1,1,1,1,1,1,1,1,1,1,1,1,1,
1,1,1,1,1,1,1,1,1,1,1,1,6),(-1.,-0.985714285714284,-0.97142857142857,-0.957142857142856,
-0.942857142857141,-0.928571428571427,-0.914285714285713,-0.899999999999999,
-0.885714285714284,-0.87142857142857,-0.857142857142856,-0.842857142857142,
-0.828571428571428,-0.814285714285713,-0.799999999999999,-0.785714285714285,
-0.771428571428571,-0.757142857142856,-0.742857142857142,-0.728571428571428,
-0.714285714285714,-0.699999999999999,-0.685714285714285,-0.671428571428571,
-0.657142857142857,-0.642857142857142,-0.628571428571428,-0.614285714285714,
-0.6,-0.585714285714286,-0.571428571428571,-0.557142857142857,-0.542857142857143,
-0.528571428571429,-0.514285714285714,-0.5,-0.485714285714286,-0.471428571428572,
-0.457142857142857,-0.442857142857143,-0.428571428571429,-0.414285714285714,
-0.4,-0.385714285714286,-0.371428571428571,-0.357142857142857,-0.342857142857143,
-0.328571428571429,-0.314285714285714,-0.3,-0.285714285714286,-0.271428571428571,
-0.257142857142857,-0.242857142857143,-0.228571428571429,-0.214285714285714,
-0.2,-0.185714285714286,-0.171428571428571,-0.157142857142857,-0.142857142857143,
-0.128571428571429,-0.114285714285714,-0.1,-0.0857142857142857,-0.0714285714285714,
-0.0571428571428571,-0.0428571428571429,-0.0285714285714286,-0.0142857142857143,
0.),.UNSPECIFIED.)
CURVE()
GEOMETRIC_REPRESENTATION_ITEM()
RATIONAL_B_SPLINE_CURVE((1.,1.,1.,1.,1.,1.,1.,1.,1.,1.,1.,1.,1.,1.,1.,1.,
1.,1.,1.,1.,1.,1.,1.,1.,1.,1.,1.,1.,1.,1.,1.,1.,1.,1.,1.,1.,1.,1.,1.,1.,
1.,1.,1.,1.,1.,1.,1.,1.,1.,1.,1.,1.,1.,1.,1.,1.,1.,1.,1.,1.,1.,1.,1.,1.,
1.,1.,1.,1.,1.,1.,1.,1.,1.,1.,1.))
REPRESENTATION_ITEM('')
);
#21=(
BOUNDED_CURVE()
B_SPLINE_CURVE(5,(#6099,#6100,#6101,#6102,#6103,#6104,#6105,#6106,#6107,
#6108,#6109,#6110,#6111,#6112,#6113,#6114,#6115,#6116,#6117,#6118,#6119,
#6120,#6121,#6122,#6123,#6124,#6125,#6126,#6127,#6128,#6129,#6130,#6131,
#6132,#6133,#6134,#6135,#6136,#6137,#6138,#6139,#6140,#6141,#6142,#6143,
#6144,#6145,#6146,#6147,#6148,#6149,#6150,#6151,#6152,#6153,#6154,#6155,
#6156,#6157,#6158,#6159,#6160,#6161,#6162,#6163,#6164,#6165,#6166,#6167,
#6168,#6169,#6170,#6171,#6172,#6173),.UNSPECIFIED.,.F.,.F.)
B_SPLINE_CURVE_WITH_KNOTS((6,1,1,1,1,1,1,1,1,1,1,1,1,1,1,1,1,1,1,1,1,1,
1,1,1,1,1,1,1,1,1,1,1,1,1,1,1,1,1,1,1,1,1,1,1,1,1,1,1,1,1,1,1,1,1,1,1,1,
1,1,1,1,1,1,1,1,1,1,1,1,6),(0.,0.0142857142857143,0.0285714285714286,0.0428571428571429,
0.0571428571428571,0.0714285714285714,0.0857142857142857,0.1,0.114285714285714,
0.128571428571429,0.142857142857143,0.157142857142857,0.171428571428571,
0.185714285714286,0.2,0.214285714285714,0.228571428571429,0.242857142857143,
0.257142857142857,0.271428571428571,0.285714285714286,0.3,0.314285714285714,
0.328571428571429,0.342857142857143,0.357142857142857,0.371428571428571,
0.385714285714286,0.4,0.414285714285714,0.428571428571429,0.442857142857143,
0.457142857142857,0.471428571428572,0.485714285714286,0.5,0.514285714285714,
0.528571428571429,0.542857142857143,0.557142857142857,0.571428571428571,
0.585714285714286,0.6,0.614285714285714,0.628571428571428,0.642857142857142,
0.657142857142857,0.671428571428571,0.685714285714285,0.699999999999999,
0.714285714285714,0.728571428571428,0.742857142857142,0.757142857142856,
0.771428571428571,0.785714285714285,0.799999999999999,0.814285714285713,
0.828571428571428,0.842857142857142,0.857142857142856,0.87142857142857,
0.885714285714284,0.899999999999999,0.914285714285713,0.928571428571427,
0.942857142857141,0.957142857142856,0.97142857142857,0.985714285714284,
1.),.UNSPECIFIED.)
CURVE()
GEOMETRIC_REPRESENTATION_ITEM()
RATIONAL_B_SPLINE_CURVE((1.,1.,1.,1.,1.,1.,1.,1.,1.,1.,1.,1.,1.,1.,1.,1.,
1.,1.,1.,1.,1.,1.,1.,1.,1.,1.,1.,1.,1.,1.,1.,1.,1.,1.,1.,1.,1.,1.,1.,1.,
1.,1.,1.,1.,1.,1.,1.,1.,1.,1.,1.,1.,1.,1.,1.,1.,1.,1.,1.,1.,1.,1.,1.,1.,
1.,1.,1.,1.,1.,1.,1.,1.,1.,1.,1.))
REPRESENTATION_ITEM('')
);
#22=(
BOUNDED_CURVE()
B_SPLINE_CURVE(5,(#6330,#6331,#6332,#6333,#6334,#6335,#6336,#6337,#6338,
#6339,#6340,#6341,#6342,#6343,#6344,#6345,#6346,#6347,#6348,#6349,#6350,
#6351,#6352,#6353,#6354,#6355,#6356,#6357,#6358,#6359,#6360,#6361,#6362,
#6363,#6364,#6365,#6366,#6367,#6368,#6369,#6370,#6371,#6372,#6373,#6374,
#6375,#6376,#6377,#6378,#6379,#6380,#6381,#6382,#6383,#6384,#6385,#6386,
#6387,#6388,#6389,#6390,#6391,#6392,#6393,#6394,#6395,#6396,#6397,#6398,
#6399,#6400,#6401,#6402,#6403,#6404),.UNSPECIFIED.,.F.,.F.)
B_SPLINE_CURVE_WITH_KNOTS((6,1,1,1,1,1,1,1,1,1,1,1,1,1,1,1,1,1,1,1,1,1,
1,1,1,1,1,1,1,1,1,1,1,1,1,1,1,1,1,1,1,1,1,1,1,1,1,1,1,1,1,1,1,1,1,1,1,1,
1,1,1,1,1,1,1,1,1,1,1,1,6),(-1.,-0.985714285714284,-0.97142857142857,-0.957142857142856,
-0.942857142857141,-0.928571428571427,-0.914285714285713,-0.899999999999999,
-0.885714285714284,-0.87142857142857,-0.857142857142856,-0.842857142857142,
-0.828571428571428,-0.814285714285713,-0.799999999999999,-0.785714285714285,
-0.771428571428571,-0.757142857142856,-0.742857142857142,-0.728571428571428,
-0.714285714285714,-0.699999999999999,-0.685714285714285,-0.671428571428571,
-0.657142857142857,-0.642857142857142,-0.628571428571428,-0.614285714285714,
-0.6,-0.585714285714286,-0.571428571428571,-0.557142857142857,-0.542857142857143,
-0.528571428571429,-0.514285714285714,-0.5,-0.485714285714286,-0.471428571428572,
-0.457142857142857,-0.442857142857143,-0.428571428571429,-0.414285714285714,
-0.4,-0.385714285714286,-0.371428571428571,-0.357142857142857,-0.342857142857143,
-0.328571428571429,-0.314285714285714,-0.3,-0.285714285714286,-0.271428571428571,
-0.257142857142857,-0.242857142857143,-0.228571428571429,-0.214285714285714,
-0.2,-0.185714285714286,-0.171428571428571,-0.157142857142857,-0.142857142857143,
-0.128571428571429,-0.114285714285714,-0.1,-0.0857142857142857,-0.0714285714285714,
-0.0571428571428571,-0.0428571428571429,-0.0285714285714286,-0.0142857142857143,
0.),.UNSPECIFIED.)
CURVE()
GEOMETRIC_REPRESENTATION_ITEM()
RATIONAL_B_SPLINE_CURVE((1.,1.,1.,1.,1.,1.,1.,1.,1.,1.,1.,1.,1.,1.,1.,1.,
1.,1.,1.,1.,1.,1.,1.,1.,1.,1.,1.,1.,1.,1.,1.,1.,1.,1.,1.,1.,1.,1.,1.,1.,
1.,1.,1.,1.,1.,1.,1.,1.,1.,1.,1.,1.,1.,1.,1.,1.,1.,1.,1.,1.,1.,1.,1.,1.,
1.,1.,1.,1.,1.,1.,1.,1.,1.,1.,1.))
REPRESENTATION_ITEM('')
);
#23=(
BOUNDED_CURVE()
B_SPLINE_CURVE(5,(#6577,#6578,#6579,#6580,#6581,#6582,#6583,#6584,#6585,
#6586,#6587,#6588,#6589,#6590,#6591,#6592,#6593,#6594,#6595,#6596,#6597,
#6598,#6599,#6600,#6601,#6602,#6603,#6604,#6605,#6606,#6607,#6608,#6609,
#6610,#6611,#6612,#6613,#6614,#6615,#6616,#6617,#6618,#6619,#6620,#6621,
#6622,#6623,#6624,#6625,#6626,#6627,#6628,#6629,#6630,#6631,#6632,#6633,
#6634,#6635,#6636,#6637,#6638,#6639,#6640,#6641,#6642,#6643,#6644,#6645,
#6646,#6647,#6648,#6649,#6650,#6651),.UNSPECIFIED.,.F.,.F.)
B_SPLINE_CURVE_WITH_KNOTS((6,1,1,1,1,1,1,1,1,1,1,1,1,1,1,1,1,1,1,1,1,1,
1,1,1,1,1,1,1,1,1,1,1,1,1,1,1,1,1,1,1,1,1,1,1,1,1,1,1,1,1,1,1,1,1,1,1,1,
1,1,1,1,1,1,1,1,1,1,1,1,6),(0.,0.0142857142857143,0.0285714285714286,0.0428571428571429,
0.0571428571428571,0.0714285714285714,0.0857142857142857,0.1,0.114285714285714,
0.128571428571429,0.142857142857143,0.157142857142857,0.171428571428571,
0.185714285714286,0.2,0.214285714285714,0.228571428571429,0.242857142857143,
0.257142857142857,0.271428571428571,0.285714285714286,0.3,0.314285714285714,
0.328571428571429,0.342857142857143,0.357142857142857,0.371428571428571,
0.385714285714286,0.4,0.414285714285714,0.428571428571429,0.442857142857143,
0.457142857142857,0.471428571428572,0.485714285714286,0.5,0.514285714285714,
0.528571428571429,0.542857142857143,0.557142857142857,0.571428571428571,
0.585714285714286,0.6,0.614285714285714,0.628571428571428,0.642857142857142,
0.657142857142857,0.671428571428571,0.685714285714285,0.699999999999999,
0.714285714285714,0.728571428571428,0.742857142857142,0.757142857142856,
0.771428571428571,0.785714285714285,0.799999999999999,0.814285714285713,
0.828571428571428,0.842857142857142,0.857142857142856,0.87142857142857,
0.885714285714284,0.899999999999999,0.914285714285713,0.928571428571427,
0.942857142857141,0.957142857142856,0.97142857142857,0.985714285714284,
1.),.UNSPECIFIED.)
CURVE()
GEOMETRIC_REPRESENTATION_ITEM()
RATIONAL_B_SPLINE_CURVE((1.,1.,1.,1.,1.,1.,1.,1.,1.,1.,1.,1.,1.,1.,1.,1.,
1.,1.,1.,1.,1.,1.,1.,1.,1.,1.,1.,1.,1.,1.,1.,1.,1.,1.,1.,1.,1.,1.,1.,1.,
1.,1.,1.,1.,1.,1.,1.,1.,1.,1.,1.,1.,1.,1.,1.,1.,1.,1.,1.,1.,1.,1.,1.,1.,
1.,1.,1.,1.,1.,1.,1.,1.,1.,1.,1.))
REPRESENTATION_ITEM('')
);
#24=(
BOUNDED_CURVE()
B_SPLINE_CURVE(5,(#6808,#6809,#6810,#6811,#6812,#6813,#6814,#6815,#6816,
#6817,#6818,#6819,#6820,#6821,#6822,#6823,#6824,#6825,#6826,#6827,#6828,
#6829,#6830,#6831,#6832,#6833,#6834,#6835,#6836,#6837,#6838,#6839,#6840,
#6841,#6842,#6843,#6844,#6845,#6846,#6847,#6848,#6849,#6850,#6851,#6852,
#6853,#6854,#6855,#6856,#6857,#6858,#6859,#6860,#6861,#6862,#6863,#6864,
#6865,#6866,#6867,#6868,#6869,#6870,#6871,#6872,#6873,#6874,#6875,#6876,
#6877,#6878,#6879,#6880,#6881,#6882),.UNSPECIFIED.,.F.,.F.)
B_SPLINE_CURVE_WITH_KNOTS((6,1,1,1,1,1,1,1,1,1,1,1,1,1,1,1,1,1,1,1,1,1,
1,1,1,1,1,1,1,1,1,1,1,1,1,1,1,1,1,1,1,1,1,1,1,1,1,1,1,1,1,1,1,1,1,1,1,1,
1,1,1,1,1,1,1,1,1,1,1,1,6),(-1.,-0.985714285714284,-0.97142857142857,-0.957142857142856,
-0.942857142857141,-0.928571428571427,-0.914285714285713,-0.899999999999999,
-0.885714285714284,-0.87142857142857,-0.857142857142856,-0.842857142857142,
-0.828571428571428,-0.814285714285713,-0.799999999999999,-0.785714285714285,
-0.771428571428571,-0.757142857142856,-0.742857142857142,-0.728571428571428,
-0.714285714285714,-0.699999999999999,-0.685714285714285,-0.671428571428571,
-0.657142857142857,-0.642857142857142,-0.628571428571428,-0.614285714285714,
-0.6,-0.585714285714286,-0.571428571428571,-0.557142857142857,-0.542857142857143,
-0.528571428571429,-0.514285714285714,-0.5,-0.485714285714286,-0.471428571428572,
-0.457142857142857,-0.442857142857143,-0.428571428571429,-0.414285714285714,
-0.4,-0.385714285714286,-0.371428571428571,-0.357142857142857,-0.342857142857143,
-0.328571428571429,-0.314285714285714,-0.3,-0.285714285714286,-0.271428571428571,
-0.257142857142857,-0.242857142857143,-0.228571428571429,-0.214285714285714,
-0.2,-0.185714285714286,-0.171428571428571,-0.157142857142857,-0.142857142857143,
-0.128571428571429,-0.114285714285714,-0.1,-0.0857142857142857,-0.0714285714285714,
-0.0571428571428571,-0.0428571428571429,-0.0285714285714286,-0.0142857142857143,
0.),.UNSPECIFIED.)
CURVE()
GEOMETRIC_REPRESENTATION_ITEM()
RATIONAL_B_SPLINE_CURVE((1.,1.,1.,1.,1.,1.,1.,1.,1.,1.,1.,1.,1.,1.,1.,1.,
1.,1.,1.,1.,1.,1.,1.,1.,1.,1.,1.,1.,1.,1.,1.,1.,1.,1.,1.,1.,1.,1.,1.,1.,
1.,1.,1.,1.,1.,1.,1.,1.,1.,1.,1.,1.,1.,1.,1.,1.,1.,1.,1.,1.,1.,1.,1.,1.,
1.,1.,1.,1.,1.,1.,1.,1.,1.,1.,1.))
REPRESENTATION_ITEM('')
);
#25=(
BOUNDED_CURVE()
B_SPLINE_CURVE(5,(#6901,#6902,#6903,#6904,#6905,#6906,#6907,#6908,#6909,
#6910,#6911,#6912,#6913,#6914,#6915,#6916,#6917,#6918,#6919,#6920,#6921,
#6922,#6923,#6924,#6925,#6926,#6927,#6928,#6929,#6930,#6931,#6932,#6933,
#6934,#6935,#6936,#6937,#6938,#6939,#6940,#6941,#6942,#6943,#6944,#6945,
#6946,#6947,#6948,#6949,#6950,#6951,#6952,#6953,#6954,#6955,#6956,#6957,
#6958,#6959,#6960,#6961,#6962,#6963,#6964,#6965,#6966,#6967,#6968,#6969,
#6970,#6971,#6972,#6973,#6974,#6975),.UNSPECIFIED.,.F.,.F.)
B_SPLINE_CURVE_WITH_KNOTS((6,1,1,1,1,1,1,1,1,1,1,1,1,1,1,1,1,1,1,1,1,1,
1,1,1,1,1,1,1,1,1,1,1,1,1,1,1,1,1,1,1,1,1,1,1,1,1,1,1,1,1,1,1,1,1,1,1,1,
1,1,1,1,1,1,1,1,1,1,1,1,6),(0.,0.0142857142857143,0.0285714285714286,0.0428571428571429,
0.0571428571428571,0.0714285714285714,0.0857142857142857,0.1,0.114285714285714,
0.128571428571429,0.142857142857143,0.157142857142857,0.171428571428571,
0.185714285714286,0.2,0.214285714285714,0.228571428571429,0.242857142857143,
0.257142857142857,0.271428571428571,0.285714285714286,0.3,0.314285714285714,
0.328571428571429,0.342857142857143,0.357142857142857,0.371428571428571,
0.385714285714286,0.4,0.414285714285714,0.428571428571429,0.442857142857143,
0.457142857142857,0.471428571428572,0.485714285714286,0.5,0.514285714285714,
0.528571428571429,0.542857142857143,0.557142857142857,0.571428571428571,
0.585714285714286,0.6,0.614285714285714,0.628571428571428,0.642857142857142,
0.657142857142857,0.671428571428571,0.685714285714285,0.699999999999999,
0.714285714285714,0.728571428571428,0.742857142857142,0.757142857142856,
0.771428571428571,0.785714285714285,0.799999999999999,0.814285714285713,
0.828571428571428,0.842857142857142,0.857142857142856,0.87142857142857,
0.885714285714284,0.899999999999999,0.914285714285713,0.928571428571427,
0.942857142857141,0.957142857142856,0.97142857142857,0.985714285714284,
1.),.UNSPECIFIED.)
CURVE()
GEOMETRIC_REPRESENTATION_ITEM()
RATIONAL_B_SPLINE_CURVE((1.,1.,1.,1.,1.,1.,1.,1.,1.,1.,1.,1.,1.,1.,1.,1.,
1.,1.,1.,1.,1.,1.,1.,1.,1.,1.,1.,1.,1.,1.,1.,1.,1.,1.,1.,1.,1.,1.,1.,1.,
1.,1.,1.,1.,1.,1.,1.,1.,1.,1.,1.,1.,1.,1.,1.,1.,1.,1.,1.,1.,1.,1.,1.,1.,
1.,1.,1.,1.,1.,1.,1.,1.,1.,1.,1.))
REPRESENTATION_ITEM('')
);
#26=(
BOUNDED_CURVE()
B_SPLINE_CURVE(5,(#6979,#6980,#6981,#6982,#6983,#6984,#6985,#6986,#6987,
#6988,#6989,#6990,#6991,#6992,#6993,#6994,#6995,#6996,#6997,#6998,#6999,
#7000,#7001,#7002,#7003,#7004,#7005,#7006,#7007,#7008,#7009,#7010,#7011,
#7012,#7013,#7014,#7015,#7016,#7017,#7018,#7019,#7020,#7021,#7022,#7023,
#7024,#7025,#7026,#7027,#7028,#7029,#7030,#7031,#7032,#7033,#7034,#7035,
#7036,#7037,#7038,#7039,#7040,#7041,#7042,#7043,#7044,#7045,#7046,#7047,
#7048,#7049,#7050,#7051,#7052,#7053),.UNSPECIFIED.,.F.,.F.)
B_SPLINE_CURVE_WITH_KNOTS((6,1,1,1,1,1,1,1,1,1,1,1,1,1,1,1,1,1,1,1,1,1,
1,1,1,1,1,1,1,1,1,1,1,1,1,1,1,1,1,1,1,1,1,1,1,1,1,1,1,1,1,1,1,1,1,1,1,1,
1,1,1,1,1,1,1,1,1,1,1,1,6),(-1.,-0.985714285714284,-0.97142857142857,-0.957142857142856,
-0.942857142857141,-0.928571428571427,-0.914285714285713,-0.899999999999999,
-0.885714285714284,-0.87142857142857,-0.857142857142856,-0.842857142857142,
-0.828571428571428,-0.814285714285713,-0.799999999999999,-0.785714285714285,
-0.771428571428571,-0.757142857142856,-0.742857142857142,-0.728571428571428,
-0.714285714285714,-0.699999999999999,-0.685714285714285,-0.671428571428571,
-0.657142857142857,-0.642857142857142,-0.628571428571428,-0.614285714285714,
-0.6,-0.585714285714286,-0.571428571428571,-0.557142857142857,-0.542857142857143,
-0.528571428571429,-0.514285714285714,-0.5,-0.485714285714286,-0.471428571428572,
-0.457142857142857,-0.442857142857143,-0.428571428571429,-0.414285714285714,
-0.4,-0.385714285714286,-0.371428571428571,-0.357142857142857,-0.342857142857143,
-0.328571428571429,-0.314285714285714,-0.3,-0.285714285714286,-0.271428571428571,
-0.257142857142857,-0.242857142857143,-0.228571428571429,-0.214285714285714,
-0.2,-0.185714285714286,-0.171428571428571,-0.157142857142857,-0.142857142857143,
-0.128571428571429,-0.114285714285714,-0.1,-0.0857142857142857,-0.0714285714285714,
-0.0571428571428571,-0.0428571428571429,-0.0285714285714286,-0.0142857142857143,
0.),.UNSPECIFIED.)
CURVE()
GEOMETRIC_REPRESENTATION_ITEM()
RATIONAL_B_SPLINE_CURVE((1.,1.,1.,1.,1.,1.,1.,1.,1.,1.,1.,1.,1.,1.,1.,1.,
1.,1.,1.,1.,1.,1.,1.,1.,1.,1.,1.,1.,1.,1.,1.,1.,1.,1.,1.,1.,1.,1.,1.,1.,
1.,1.,1.,1.,1.,1.,1.,1.,1.,1.,1.,1.,1.,1.,1.,1.,1.,1.,1.,1.,1.,1.,1.,1.,
1.,1.,1.,1.,1.,1.,1.,1.,1.,1.,1.))
REPRESENTATION_ITEM('')
);
#27=(
BOUNDED_CURVE()
B_SPLINE_CURVE(5,(#7065,#7066,#7067,#7068,#7069,#7070,#7071,#7072,#7073,
#7074,#7075,#7076,#7077,#7078,#7079,#7080,#7081,#7082,#7083,#7084,#7085,
#7086,#7087,#7088,#7089,#7090,#7091,#7092,#7093,#7094,#7095,#7096,#7097,
#7098,#7099,#7100,#7101,#7102,#7103,#7104,#7105,#7106,#7107,#7108,#7109,
#7110,#7111,#7112,#7113,#7114,#7115,#7116,#7117,#7118,#7119,#7120,#7121,
#7122,#7123,#7124,#7125,#7126,#7127,#7128,#7129,#7130,#7131,#7132,#7133,
#7134,#7135,#7136,#7137,#7138,#7139),.UNSPECIFIED.,.F.,.F.)
B_SPLINE_CURVE_WITH_KNOTS((6,1,1,1,1,1,1,1,1,1,1,1,1,1,1,1,1,1,1,1,1,1,
1,1,1,1,1,1,1,1,1,1,1,1,1,1,1,1,1,1,1,1,1,1,1,1,1,1,1,1,1,1,1,1,1,1,1,1,
1,1,1,1,1,1,1,1,1,1,1,1,6),(0.,0.0142857142857143,0.0285714285714286,0.0428571428571429,
0.0571428571428571,0.0714285714285714,0.0857142857142857,0.1,0.114285714285714,
0.128571428571429,0.142857142857143,0.157142857142857,0.171428571428571,
0.185714285714286,0.2,0.214285714285714,0.228571428571429,0.242857142857143,
0.257142857142857,0.271428571428571,0.285714285714286,0.3,0.314285714285714,
0.328571428571429,0.342857142857143,0.357142857142857,0.371428571428571,
0.385714285714286,0.4,0.414285714285714,0.428571428571429,0.442857142857143,
0.457142857142857,0.471428571428572,0.485714285714286,0.5,0.514285714285714,
0.528571428571429,0.542857142857143,0.557142857142857,0.571428571428571,
0.585714285714286,0.6,0.614285714285714,0.628571428571428,0.642857142857142,
0.657142857142857,0.671428571428571,0.685714285714285,0.699999999999999,
0.714285714285714,0.728571428571428,0.742857142857142,0.757142857142856,
0.771428571428571,0.785714285714285,0.799999999999999,0.814285714285713,
0.828571428571428,0.842857142857142,0.857142857142856,0.87142857142857,
0.885714285714284,0.899999999999999,0.914285714285713,0.928571428571427,
0.942857142857141,0.957142857142856,0.97142857142857,0.985714285714284,
1.),.UNSPECIFIED.)
CURVE()
GEOMETRIC_REPRESENTATION_ITEM()
RATIONAL_B_SPLINE_CURVE((1.,1.,1.,1.,1.,1.,1.,1.,1.,1.,1.,1.,1.,1.,1.,1.,
1.,1.,1.,1.,1.,1.,1.,1.,1.,1.,1.,1.,1.,1.,1.,1.,1.,1.,1.,1.,1.,1.,1.,1.,
1.,1.,1.,1.,1.,1.,1.,1.,1.,1.,1.,1.,1.,1.,1.,1.,1.,1.,1.,1.,1.,1.,1.,1.,
1.,1.,1.,1.,1.,1.,1.,1.,1.,1.,1.))
REPRESENTATION_ITEM('')
);
#28=(
BOUNDED_CURVE()
B_SPLINE_CURVE(5,(#7143,#7144,#7145,#7146,#7147,#7148,#7149,#7150,#7151,
#7152,#7153,#7154,#7155,#7156,#7157,#7158,#7159,#7160,#7161,#7162,#7163,
#7164,#7165,#7166,#7167,#7168,#7169,#7170,#7171,#7172,#7173,#7174,#7175,
#7176,#7177,#7178,#7179,#7180,#7181,#7182,#7183,#7184,#7185,#7186,#7187,
#7188,#7189,#7190,#7191,#7192,#7193,#7194,#7195,#7196,#7197,#7198,#7199,
#7200,#7201,#7202,#7203,#7204,#7205,#7206,#7207,#7208,#7209,#7210,#7211,
#7212,#7213,#7214,#7215,#7216,#7217),.UNSPECIFIED.,.F.,.F.)
B_SPLINE_CURVE_WITH_KNOTS((6,1,1,1,1,1,1,1,1,1,1,1,1,1,1,1,1,1,1,1,1,1,
1,1,1,1,1,1,1,1,1,1,1,1,1,1,1,1,1,1,1,1,1,1,1,1,1,1,1,1,1,1,1,1,1,1,1,1,
1,1,1,1,1,1,1,1,1,1,1,1,6),(-1.,-0.985714285714284,-0.97142857142857,-0.957142857142856,
-0.942857142857141,-0.928571428571427,-0.914285714285713,-0.899999999999999,
-0.885714285714284,-0.87142857142857,-0.857142857142856,-0.842857142857142,
-0.828571428571428,-0.814285714285713,-0.799999999999999,-0.785714285714285,
-0.771428571428571,-0.757142857142856,-0.742857142857142,-0.728571428571428,
-0.714285714285714,-0.699999999999999,-0.685714285714285,-0.671428571428571,
-0.657142857142857,-0.642857142857142,-0.628571428571428,-0.614285714285714,
-0.6,-0.585714285714286,-0.571428571428571,-0.557142857142857,-0.542857142857143,
-0.528571428571429,-0.514285714285714,-0.5,-0.485714285714286,-0.471428571428572,
-0.457142857142857,-0.442857142857143,-0.428571428571429,-0.414285714285714,
-0.4,-0.385714285714286,-0.371428571428571,-0.357142857142857,-0.342857142857143,
-0.328571428571429,-0.314285714285714,-0.3,-0.285714285714286,-0.271428571428571,
-0.257142857142857,-0.242857142857143,-0.228571428571429,-0.214285714285714,
-0.2,-0.185714285714286,-0.171428571428571,-0.157142857142857,-0.142857142857143,
-0.128571428571429,-0.114285714285714,-0.1,-0.0857142857142857,-0.0714285714285714,
-0.0571428571428571,-0.0428571428571429,-0.0285714285714286,-0.0142857142857143,
0.),.UNSPECIFIED.)
CURVE()
GEOMETRIC_REPRESENTATION_ITEM()
RATIONAL_B_SPLINE_CURVE((1.,1.,1.,1.,1.,1.,1.,1.,1.,1.,1.,1.,1.,1.,1.,1.,
1.,1.,1.,1.,1.,1.,1.,1.,1.,1.,1.,1.,1.,1.,1.,1.,1.,1.,1.,1.,1.,1.,1.,1.,
1.,1.,1.,1.,1.,1.,1.,1.,1.,1.,1.,1.,1.,1.,1.,1.,1.,1.,1.,1.,1.,1.,1.,1.,
1.,1.,1.,1.,1.,1.,1.,1.,1.,1.,1.))
REPRESENTATION_ITEM('')
);
#29=(
BOUNDED_CURVE()
B_SPLINE_CURVE(5,(#7229,#7230,#7231,#7232,#7233,#7234,#7235,#7236,#7237,
#7238,#7239,#7240,#7241,#7242,#7243,#7244,#7245,#7246,#7247,#7248,#7249,
#7250,#7251,#7252,#7253,#7254,#7255,#7256,#7257,#7258,#7259,#7260,#7261,
#7262,#7263,#7264,#7265,#7266,#7267,#7268,#7269,#7270,#7271,#7272,#7273,
#7274,#7275,#7276,#7277,#7278,#7279,#7280,#7281,#7282,#7283,#7284,#7285,
#7286,#7287,#7288,#7289,#7290,#7291,#7292,#7293,#7294,#7295,#7296,#7297,
#7298,#7299,#7300,#7301,#7302,#7303),.UNSPECIFIED.,.F.,.F.)
B_SPLINE_CURVE_WITH_KNOTS((6,1,1,1,1,1,1,1,1,1,1,1,1,1,1,1,1,1,1,1,1,1,
1,1,1,1,1,1,1,1,1,1,1,1,1,1,1,1,1,1,1,1,1,1,1,1,1,1,1,1,1,1,1,1,1,1,1,1,
1,1,1,1,1,1,1,1,1,1,1,1,6),(0.,0.0142857142857143,0.0285714285714286,0.0428571428571429,
0.0571428571428571,0.0714285714285714,0.0857142857142857,0.1,0.114285714285714,
0.128571428571429,0.142857142857143,0.157142857142857,0.171428571428571,
0.185714285714286,0.2,0.214285714285714,0.228571428571429,0.242857142857143,
0.257142857142857,0.271428571428571,0.285714285714286,0.3,0.314285714285714,
0.328571428571429,0.342857142857143,0.357142857142857,0.371428571428571,
0.385714285714286,0.4,0.414285714285714,0.428571428571429,0.442857142857143,
0.457142857142857,0.471428571428572,0.485714285714286,0.5,0.514285714285714,
0.528571428571429,0.542857142857143,0.557142857142857,0.571428571428571,
0.585714285714286,0.6,0.614285714285714,0.628571428571428,0.642857142857142,
0.657142857142857,0.671428571428571,0.685714285714285,0.699999999999999,
0.714285714285714,0.728571428571428,0.742857142857142,0.757142857142856,
0.771428571428571,0.785714285714285,0.799999999999999,0.814285714285713,
0.828571428571428,0.842857142857142,0.857142857142856,0.87142857142857,
0.885714285714284,0.899999999999999,0.914285714285713,0.928571428571427,
0.942857142857141,0.957142857142856,0.97142857142857,0.985714285714284,
1.),.UNSPECIFIED.)
CURVE()
GEOMETRIC_REPRESENTATION_ITEM()
RATIONAL_B_SPLINE_CURVE((1.,1.,1.,1.,1.,1.,1.,1.,1.,1.,1.,1.,1.,1.,1.,1.,
1.,1.,1.,1.,1.,1.,1.,1.,1.,1.,1.,1.,1.,1.,1.,1.,1.,1.,1.,1.,1.,1.,1.,1.,
1.,1.,1.,1.,1.,1.,1.,1.,1.,1.,1.,1.,1.,1.,1.,1.,1.,1.,1.,1.,1.,1.,1.,1.,
1.,1.,1.,1.,1.,1.,1.,1.,1.,1.,1.))
REPRESENTATION_ITEM('')
);
#30=(
BOUNDED_CURVE()
B_SPLINE_CURVE(5,(#7307,#7308,#7309,#7310,#7311,#7312,#7313,#7314,#7315,
#7316,#7317,#7318,#7319,#7320,#7321,#7322,#7323,#7324,#7325,#7326,#7327,
#7328,#7329,#7330,#7331,#7332,#7333,#7334,#7335,#7336,#7337,#7338,#7339,
#7340,#7341,#7342,#7343,#7344,#7345,#7346,#7347,#7348,#7349,#7350,#7351,
#7352,#7353,#7354,#7355,#7356,#7357,#7358,#7359,#7360,#7361,#7362,#7363,
#7364,#7365,#7366,#7367,#7368,#7369,#7370,#7371,#7372,#7373,#7374,#7375,
#7376,#7377,#7378,#7379,#7380,#7381),.UNSPECIFIED.,.F.,.F.)
B_SPLINE_CURVE_WITH_KNOTS((6,1,1,1,1,1,1,1,1,1,1,1,1,1,1,1,1,1,1,1,1,1,
1,1,1,1,1,1,1,1,1,1,1,1,1,1,1,1,1,1,1,1,1,1,1,1,1,1,1,1,1,1,1,1,1,1,1,1,
1,1,1,1,1,1,1,1,1,1,1,1,6),(-1.,-0.985714285714284,-0.97142857142857,-0.957142857142856,
-0.942857142857141,-0.928571428571427,-0.914285714285713,-0.899999999999999,
-0.885714285714284,-0.87142857142857,-0.857142857142856,-0.842857142857142,
-0.828571428571428,-0.814285714285713,-0.799999999999999,-0.785714285714285,
-0.771428571428571,-0.757142857142856,-0.742857142857142,-0.728571428571428,
-0.714285714285714,-0.699999999999999,-0.685714285714285,-0.671428571428571,
-0.657142857142857,-0.642857142857142,-0.628571428571428,-0.614285714285714,
-0.6,-0.585714285714286,-0.571428571428571,-0.557142857142857,-0.542857142857143,
-0.528571428571429,-0.514285714285714,-0.5,-0.485714285714286,-0.471428571428572,
-0.457142857142857,-0.442857142857143,-0.428571428571429,-0.414285714285714,
-0.4,-0.385714285714286,-0.371428571428571,-0.357142857142857,-0.342857142857143,
-0.328571428571429,-0.314285714285714,-0.3,-0.285714285714286,-0.271428571428571,
-0.257142857142857,-0.242857142857143,-0.228571428571429,-0.214285714285714,
-0.2,-0.185714285714286,-0.171428571428571,-0.157142857142857,-0.142857142857143,
-0.128571428571429,-0.114285714285714,-0.1,-0.0857142857142857,-0.0714285714285714,
-0.0571428571428571,-0.0428571428571429,-0.0285714285714286,-0.0142857142857143,
0.),.UNSPECIFIED.)
CURVE()
GEOMETRIC_REPRESENTATION_ITEM()
RATIONAL_B_SPLINE_CURVE((1.,1.,1.,1.,1.,1.,1.,1.,1.,1.,1.,1.,1.,1.,1.,1.,
1.,1.,1.,1.,1.,1.,1.,1.,1.,1.,1.,1.,1.,1.,1.,1.,1.,1.,1.,1.,1.,1.,1.,1.,
1.,1.,1.,1.,1.,1.,1.,1.,1.,1.,1.,1.,1.,1.,1.,1.,1.,1.,1.,1.,1.,1.,1.,1.,
1.,1.,1.,1.,1.,1.,1.,1.,1.,1.,1.))
REPRESENTATION_ITEM('')
);
#31=(
BOUNDED_CURVE()
B_SPLINE_CURVE(5,(#7393,#7394,#7395,#7396,#7397,#7398,#7399,#7400,#7401,
#7402,#7403,#7404,#7405,#7406,#7407,#7408,#7409,#7410,#7411,#7412,#7413,
#7414,#7415,#7416,#7417,#7418,#7419,#7420,#7421,#7422,#7423,#7424,#7425,
#7426,#7427,#7428,#7429,#7430,#7431,#7432,#7433,#7434,#7435,#7436,#7437,
#7438,#7439,#7440,#7441,#7442,#7443,#7444,#7445,#7446,#7447,#7448,#7449,
#7450,#7451,#7452,#7453,#7454,#7455,#7456,#7457,#7458,#7459,#7460,#7461,
#7462,#7463,#7464,#7465,#7466,#7467),.UNSPECIFIED.,.F.,.F.)
B_SPLINE_CURVE_WITH_KNOTS((6,1,1,1,1,1,1,1,1,1,1,1,1,1,1,1,1,1,1,1,1,1,
1,1,1,1,1,1,1,1,1,1,1,1,1,1,1,1,1,1,1,1,1,1,1,1,1,1,1,1,1,1,1,1,1,1,1,1,
1,1,1,1,1,1,1,1,1,1,1,1,6),(0.,0.0142857142857143,0.0285714285714286,0.0428571428571429,
0.0571428571428571,0.0714285714285714,0.0857142857142857,0.1,0.114285714285714,
0.128571428571429,0.142857142857143,0.157142857142857,0.171428571428571,
0.185714285714286,0.2,0.214285714285714,0.228571428571429,0.242857142857143,
0.257142857142857,0.271428571428571,0.285714285714286,0.3,0.314285714285714,
0.328571428571429,0.342857142857143,0.357142857142857,0.371428571428571,
0.385714285714286,0.4,0.414285714285714,0.428571428571429,0.442857142857143,
0.457142857142857,0.471428571428572,0.485714285714286,0.5,0.514285714285714,
0.528571428571429,0.542857142857143,0.557142857142857,0.571428571428571,
0.585714285714286,0.6,0.614285714285714,0.628571428571428,0.642857142857142,
0.657142857142857,0.671428571428571,0.685714285714285,0.699999999999999,
0.714285714285714,0.728571428571428,0.742857142857142,0.757142857142856,
0.771428571428571,0.785714285714285,0.799999999999999,0.814285714285713,
0.828571428571428,0.842857142857142,0.857142857142856,0.87142857142857,
0.885714285714284,0.899999999999999,0.914285714285713,0.928571428571427,
0.942857142857141,0.957142857142856,0.97142857142857,0.985714285714284,
1.),.UNSPECIFIED.)
CURVE()
GEOMETRIC_REPRESENTATION_ITEM()
RATIONAL_B_SPLINE_CURVE((1.,1.,1.,1.,1.,1.,1.,1.,1.,1.,1.,1.,1.,1.,1.,1.,
1.,1.,1.,1.,1.,1.,1.,1.,1.,1.,1.,1.,1.,1.,1.,1.,1.,1.,1.,1.,1.,1.,1.,1.,
1.,1.,1.,1.,1.,1.,1.,1.,1.,1.,1.,1.,1.,1.,1.,1.,1.,1.,1.,1.,1.,1.,1.,1.,
1.,1.,1.,1.,1.,1.,1.,1.,1.,1.,1.))
REPRESENTATION_ITEM('')
);
#32=(
BOUNDED_CURVE()
B_SPLINE_CURVE(5,(#7471,#7472,#7473,#7474,#7475,#7476,#7477,#7478,#7479,
#7480,#7481,#7482,#7483,#7484,#7485,#7486,#7487,#7488,#7489,#7490,#7491,
#7492,#7493,#7494,#7495,#7496,#7497,#7498,#7499,#7500,#7501,#7502,#7503,
#7504,#7505,#7506,#7507,#7508,#7509,#7510,#7511,#7512,#7513,#7514,#7515,
#7516,#7517,#7518,#7519,#7520,#7521,#7522,#7523,#7524,#7525,#7526,#7527,
#7528,#7529,#7530,#7531,#7532,#7533,#7534,#7535,#7536,#7537,#7538,#7539,
#7540,#7541,#7542,#7543,#7544,#7545),.UNSPECIFIED.,.F.,.F.)
B_SPLINE_CURVE_WITH_KNOTS((6,1,1,1,1,1,1,1,1,1,1,1,1,1,1,1,1,1,1,1,1,1,
1,1,1,1,1,1,1,1,1,1,1,1,1,1,1,1,1,1,1,1,1,1,1,1,1,1,1,1,1,1,1,1,1,1,1,1,
1,1,1,1,1,1,1,1,1,1,1,1,6),(-1.,-0.985714285714284,-0.97142857142857,-0.957142857142856,
-0.942857142857141,-0.928571428571427,-0.914285714285713,-0.899999999999999,
-0.885714285714284,-0.87142857142857,-0.857142857142856,-0.842857142857142,
-0.828571428571428,-0.814285714285713,-0.799999999999999,-0.785714285714285,
-0.771428571428571,-0.757142857142856,-0.742857142857142,-0.728571428571428,
-0.714285714285714,-0.699999999999999,-0.685714285714285,-0.671428571428571,
-0.657142857142857,-0.642857142857142,-0.628571428571428,-0.614285714285714,
-0.6,-0.585714285714286,-0.571428571428571,-0.557142857142857,-0.542857142857143,
-0.528571428571429,-0.514285714285714,-0.5,-0.485714285714286,-0.471428571428572,
-0.457142857142857,-0.442857142857143,-0.428571428571429,-0.414285714285714,
-0.4,-0.385714285714286,-0.371428571428571,-0.357142857142857,-0.342857142857143,
-0.328571428571429,-0.314285714285714,-0.3,-0.285714285714286,-0.271428571428571,
-0.257142857142857,-0.242857142857143,-0.228571428571429,-0.214285714285714,
-0.2,-0.185714285714286,-0.171428571428571,-0.157142857142857,-0.142857142857143,
-0.128571428571429,-0.114285714285714,-0.1,-0.0857142857142857,-0.0714285714285714,
-0.0571428571428571,-0.0428571428571429,-0.0285714285714286,-0.0142857142857143,
0.),.UNSPECIFIED.)
CURVE()
GEOMETRIC_REPRESENTATION_ITEM()
RATIONAL_B_SPLINE_CURVE((1.,1.,1.,1.,1.,1.,1.,1.,1.,1.,1.,1.,1.,1.,1.,1.,
1.,1.,1.,1.,1.,1.,1.,1.,1.,1.,1.,1.,1.,1.,1.,1.,1.,1.,1.,1.,1.,1.,1.,1.,
1.,1.,1.,1.,1.,1.,1.,1.,1.,1.,1.,1.,1.,1.,1.,1.,1.,1.,1.,1.,1.,1.,1.,1.,
1.,1.,1.,1.,1.,1.,1.,1.,1.,1.,1.))
REPRESENTATION_ITEM('')
);
#33=(
BOUNDED_CURVE()
B_SPLINE_CURVE(5,(#7557,#7558,#7559,#7560,#7561,#7562,#7563,#7564,#7565,
#7566,#7567,#7568,#7569,#7570,#7571,#7572,#7573,#7574,#7575,#7576,#7577,
#7578,#7579,#7580,#7581,#7582,#7583,#7584,#7585,#7586,#7587,#7588,#7589,
#7590,#7591,#7592,#7593,#7594,#7595,#7596,#7597,#7598,#7599,#7600,#7601,
#7602,#7603,#7604,#7605,#7606,#7607,#7608,#7609,#7610,#7611,#7612,#7613,
#7614,#7615,#7616,#7617,#7618,#7619,#7620,#7621,#7622,#7623,#7624,#7625,
#7626,#7627,#7628,#7629,#7630,#7631),.UNSPECIFIED.,.F.,.F.)
B_SPLINE_CURVE_WITH_KNOTS((6,1,1,1,1,1,1,1,1,1,1,1,1,1,1,1,1,1,1,1,1,1,
1,1,1,1,1,1,1,1,1,1,1,1,1,1,1,1,1,1,1,1,1,1,1,1,1,1,1,1,1,1,1,1,1,1,1,1,
1,1,1,1,1,1,1,1,1,1,1,1,6),(0.,0.0142857142857143,0.0285714285714286,0.0428571428571429,
0.0571428571428571,0.0714285714285714,0.0857142857142857,0.1,0.114285714285714,
0.128571428571429,0.142857142857143,0.157142857142857,0.171428571428571,
0.185714285714286,0.2,0.214285714285714,0.228571428571429,0.242857142857143,
0.257142857142857,0.271428571428571,0.285714285714286,0.3,0.314285714285714,
0.328571428571429,0.342857142857143,0.357142857142857,0.371428571428571,
0.385714285714286,0.4,0.414285714285714,0.428571428571429,0.442857142857143,
0.457142857142857,0.471428571428572,0.485714285714286,0.5,0.514285714285714,
0.528571428571429,0.542857142857143,0.557142857142857,0.571428571428571,
0.585714285714286,0.6,0.614285714285714,0.628571428571428,0.642857142857142,
0.657142857142857,0.671428571428571,0.685714285714285,0.699999999999999,
0.714285714285714,0.728571428571428,0.742857142857142,0.757142857142856,
0.771428571428571,0.785714285714285,0.799999999999999,0.814285714285713,
0.828571428571428,0.842857142857142,0.857142857142856,0.87142857142857,
0.885714285714284,0.899999999999999,0.914285714285713,0.928571428571427,
0.942857142857141,0.957142857142856,0.97142857142857,0.985714285714284,
1.),.UNSPECIFIED.)
CURVE()
GEOMETRIC_REPRESENTATION_ITEM()
RATIONAL_B_SPLINE_CURVE((1.,1.,1.,1.,1.,1.,1.,1.,1.,1.,1.,1.,1.,1.,1.,1.,
1.,1.,1.,1.,1.,1.,1.,1.,1.,1.,1.,1.,1.,1.,1.,1.,1.,1.,1.,1.,1.,1.,1.,1.,
1.,1.,1.,1.,1.,1.,1.,1.,1.,1.,1.,1.,1.,1.,1.,1.,1.,1.,1.,1.,1.,1.,1.,1.,
1.,1.,1.,1.,1.,1.,1.,1.,1.,1.,1.))
REPRESENTATION_ITEM('')
);
#34=(
BOUNDED_CURVE()
B_SPLINE_CURVE(5,(#7635,#7636,#7637,#7638,#7639,#7640,#7641,#7642,#7643,
#7644,#7645,#7646,#7647,#7648,#7649,#7650,#7651,#7652,#7653,#7654,#7655,
#7656,#7657,#7658,#7659,#7660,#7661,#7662,#7663,#7664,#7665,#7666,#7667,
#7668,#7669,#7670,#7671,#7672,#7673,#7674,#7675,#7676,#7677,#7678,#7679,
#7680,#7681,#7682,#7683,#7684,#7685,#7686,#7687,#7688,#7689,#7690,#7691,
#7692,#7693,#7694,#7695,#7696,#7697,#7698,#7699,#7700,#7701,#7702,#7703,
#7704,#7705,#7706,#7707,#7708,#7709),.UNSPECIFIED.,.F.,.F.)
B_SPLINE_CURVE_WITH_KNOTS((6,1,1,1,1,1,1,1,1,1,1,1,1,1,1,1,1,1,1,1,1,1,
1,1,1,1,1,1,1,1,1,1,1,1,1,1,1,1,1,1,1,1,1,1,1,1,1,1,1,1,1,1,1,1,1,1,1,1,
1,1,1,1,1,1,1,1,1,1,1,1,6),(-1.,-0.985714285714284,-0.97142857142857,-0.957142857142856,
-0.942857142857141,-0.928571428571427,-0.914285714285713,-0.899999999999999,
-0.885714285714284,-0.87142857142857,-0.857142857142856,-0.842857142857142,
-0.828571428571428,-0.814285714285713,-0.799999999999999,-0.785714285714285,
-0.771428571428571,-0.757142857142856,-0.742857142857142,-0.728571428571428,
-0.714285714285714,-0.699999999999999,-0.685714285714285,-0.671428571428571,
-0.657142857142857,-0.642857142857142,-0.628571428571428,-0.614285714285714,
-0.6,-0.585714285714286,-0.571428571428571,-0.557142857142857,-0.542857142857143,
-0.528571428571429,-0.514285714285714,-0.5,-0.485714285714286,-0.471428571428572,
-0.457142857142857,-0.442857142857143,-0.428571428571429,-0.414285714285714,
-0.4,-0.385714285714286,-0.371428571428571,-0.357142857142857,-0.342857142857143,
-0.328571428571429,-0.314285714285714,-0.3,-0.285714285714286,-0.271428571428571,
-0.257142857142857,-0.242857142857143,-0.228571428571429,-0.214285714285714,
-0.2,-0.185714285714286,-0.171428571428571,-0.157142857142857,-0.142857142857143,
-0.128571428571429,-0.114285714285714,-0.1,-0.0857142857142857,-0.0714285714285714,
-0.0571428571428571,-0.0428571428571429,-0.0285714285714286,-0.0142857142857143,
0.),.UNSPECIFIED.)
CURVE()
GEOMETRIC_REPRESENTATION_ITEM()
RATIONAL_B_SPLINE_CURVE((1.,1.,1.,1.,1.,1.,1.,1.,1.,1.,1.,1.,1.,1.,1.,1.,
1.,1.,1.,1.,1.,1.,1.,1.,1.,1.,1.,1.,1.,1.,1.,1.,1.,1.,1.,1.,1.,1.,1.,1.,
1.,1.,1.,1.,1.,1.,1.,1.,1.,1.,1.,1.,1.,1.,1.,1.,1.,1.,1.,1.,1.,1.,1.,1.,
1.,1.,1.,1.,1.,1.,1.,1.,1.,1.,1.))
REPRESENTATION_ITEM('')
);
#35=(
BOUNDED_CURVE()
B_SPLINE_CURVE(5,(#7721,#7722,#7723,#7724,#7725,#7726,#7727,#7728,#7729,
#7730,#7731,#7732,#7733,#7734,#7735,#7736,#7737,#7738,#7739,#7740,#7741,
#7742,#7743,#7744,#7745,#7746,#7747,#7748,#7749,#7750,#7751,#7752,#7753,
#7754,#7755,#7756,#7757,#7758,#7759,#7760,#7761,#7762,#7763,#7764,#7765,
#7766,#7767,#7768,#7769,#7770,#7771,#7772,#7773,#7774,#7775,#7776,#7777,
#7778,#7779,#7780,#7781,#7782,#7783,#7784,#7785,#7786,#7787,#7788,#7789,
#7790,#7791,#7792,#7793,#7794,#7795),.UNSPECIFIED.,.F.,.F.)
B_SPLINE_CURVE_WITH_KNOTS((6,1,1,1,1,1,1,1,1,1,1,1,1,1,1,1,1,1,1,1,1,1,
1,1,1,1,1,1,1,1,1,1,1,1,1,1,1,1,1,1,1,1,1,1,1,1,1,1,1,1,1,1,1,1,1,1,1,1,
1,1,1,1,1,1,1,1,1,1,1,1,6),(0.,0.0142857142857143,0.0285714285714286,0.0428571428571429,
0.0571428571428571,0.0714285714285714,0.0857142857142857,0.1,0.114285714285714,
0.128571428571429,0.142857142857143,0.157142857142857,0.171428571428571,
0.185714285714286,0.2,0.214285714285714,0.228571428571429,0.242857142857143,
0.257142857142857,0.271428571428571,0.285714285714286,0.3,0.314285714285714,
0.328571428571429,0.342857142857143,0.357142857142857,0.371428571428571,
0.385714285714286,0.4,0.414285714285714,0.428571428571429,0.442857142857143,
0.457142857142857,0.471428571428572,0.485714285714286,0.5,0.514285714285714,
0.528571428571429,0.542857142857143,0.557142857142857,0.571428571428571,
0.585714285714286,0.6,0.614285714285714,0.628571428571428,0.642857142857142,
0.657142857142857,0.671428571428571,0.685714285714285,0.699999999999999,
0.714285714285714,0.728571428571428,0.742857142857142,0.757142857142856,
0.771428571428571,0.785714285714285,0.799999999999999,0.814285714285713,
0.828571428571428,0.842857142857142,0.857142857142856,0.87142857142857,
0.885714285714284,0.899999999999999,0.914285714285713,0.928571428571427,
0.942857142857141,0.957142857142856,0.97142857142857,0.985714285714284,
1.),.UNSPECIFIED.)
CURVE()
GEOMETRIC_REPRESENTATION_ITEM()
RATIONAL_B_SPLINE_CURVE((1.,1.,1.,1.,1.,1.,1.,1.,1.,1.,1.,1.,1.,1.,1.,1.,
1.,1.,1.,1.,1.,1.,1.,1.,1.,1.,1.,1.,1.,1.,1.,1.,1.,1.,1.,1.,1.,1.,1.,1.,
1.,1.,1.,1.,1.,1.,1.,1.,1.,1.,1.,1.,1.,1.,1.,1.,1.,1.,1.,1.,1.,1.,1.,1.,
1.,1.,1.,1.,1.,1.,1.,1.,1.,1.,1.))
REPRESENTATION_ITEM('')
);
#36=(
BOUNDED_CURVE()
B_SPLINE_CURVE(5,(#7799,#7800,#7801,#7802,#7803,#7804,#7805,#7806,#7807,
#7808,#7809,#7810,#7811,#7812,#7813,#7814,#7815,#7816,#7817,#7818,#7819,
#7820,#7821,#7822,#7823,#7824,#7825,#7826,#7827,#7828,#7829,#7830,#7831,
#7832,#7833,#7834,#7835,#7836,#7837,#7838,#7839,#7840,#7841,#7842,#7843,
#7844,#7845,#7846,#7847,#7848,#7849,#7850,#7851,#7852,#7853,#7854,#7855,
#7856,#7857,#7858,#7859,#7860,#7861,#7862,#7863,#7864,#7865,#7866,#7867,
#7868,#7869,#7870,#7871,#7872,#7873),.UNSPECIFIED.,.F.,.F.)
B_SPLINE_CURVE_WITH_KNOTS((6,1,1,1,1,1,1,1,1,1,1,1,1,1,1,1,1,1,1,1,1,1,
1,1,1,1,1,1,1,1,1,1,1,1,1,1,1,1,1,1,1,1,1,1,1,1,1,1,1,1,1,1,1,1,1,1,1,1,
1,1,1,1,1,1,1,1,1,1,1,1,6),(-1.,-0.985714285714284,-0.97142857142857,-0.957142857142856,
-0.942857142857141,-0.928571428571427,-0.914285714285713,-0.899999999999999,
-0.885714285714284,-0.87142857142857,-0.857142857142856,-0.842857142857142,
-0.828571428571428,-0.814285714285713,-0.799999999999999,-0.785714285714285,
-0.771428571428571,-0.757142857142856,-0.742857142857142,-0.728571428571428,
-0.714285714285714,-0.699999999999999,-0.685714285714285,-0.671428571428571,
-0.657142857142857,-0.642857142857142,-0.628571428571428,-0.614285714285714,
-0.6,-0.585714285714286,-0.571428571428571,-0.557142857142857,-0.542857142857143,
-0.528571428571429,-0.514285714285714,-0.5,-0.485714285714286,-0.471428571428572,
-0.457142857142857,-0.442857142857143,-0.428571428571429,-0.414285714285714,
-0.4,-0.385714285714286,-0.371428571428571,-0.357142857142857,-0.342857142857143,
-0.328571428571429,-0.314285714285714,-0.3,-0.285714285714286,-0.271428571428571,
-0.257142857142857,-0.242857142857143,-0.228571428571429,-0.214285714285714,
-0.2,-0.185714285714286,-0.171428571428571,-0.157142857142857,-0.142857142857143,
-0.128571428571429,-0.114285714285714,-0.1,-0.0857142857142857,-0.0714285714285714,
-0.0571428571428571,-0.0428571428571429,-0.0285714285714286,-0.0142857142857143,
0.),.UNSPECIFIED.)
CURVE()
GEOMETRIC_REPRESENTATION_ITEM()
RATIONAL_B_SPLINE_CURVE((1.,1.,1.,1.,1.,1.,1.,1.,1.,1.,1.,1.,1.,1.,1.,1.,
1.,1.,1.,1.,1.,1.,1.,1.,1.,1.,1.,1.,1.,1.,1.,1.,1.,1.,1.,1.,1.,1.,1.,1.,
1.,1.,1.,1.,1.,1.,1.,1.,1.,1.,1.,1.,1.,1.,1.,1.,1.,1.,1.,1.,1.,1.,1.,1.,
1.,1.,1.,1.,1.,1.,1.,1.,1.,1.,1.))
REPRESENTATION_ITEM('')
);
#37=(
BOUNDED_CURVE()
B_SPLINE_CURVE(5,(#7885,#7886,#7887,#7888,#7889,#7890,#7891,#7892,#7893,
#7894,#7895,#7896,#7897,#7898,#7899,#7900,#7901,#7902,#7903,#7904,#7905,
#7906,#7907,#7908,#7909,#7910,#7911,#7912,#7913,#7914,#7915,#7916,#7917,
#7918,#7919,#7920,#7921,#7922,#7923,#7924,#7925,#7926,#7927,#7928,#7929,
#7930,#7931,#7932,#7933,#7934,#7935,#7936,#7937,#7938,#7939,#7940,#7941,
#7942,#7943,#7944,#7945,#7946,#7947,#7948,#7949,#7950,#7951,#7952,#7953,
#7954,#7955,#7956,#7957,#7958,#7959),.UNSPECIFIED.,.F.,.F.)
B_SPLINE_CURVE_WITH_KNOTS((6,1,1,1,1,1,1,1,1,1,1,1,1,1,1,1,1,1,1,1,1,1,
1,1,1,1,1,1,1,1,1,1,1,1,1,1,1,1,1,1,1,1,1,1,1,1,1,1,1,1,1,1,1,1,1,1,1,1,
1,1,1,1,1,1,1,1,1,1,1,1,6),(0.,0.0142857142857143,0.0285714285714286,0.0428571428571429,
0.0571428571428571,0.0714285714285714,0.0857142857142857,0.1,0.114285714285714,
0.128571428571429,0.142857142857143,0.157142857142857,0.171428571428571,
0.185714285714286,0.2,0.214285714285714,0.228571428571429,0.242857142857143,
0.257142857142857,0.271428571428571,0.285714285714286,0.3,0.314285714285714,
0.328571428571429,0.342857142857143,0.357142857142857,0.371428571428571,
0.385714285714286,0.4,0.414285714285714,0.428571428571429,0.442857142857143,
0.457142857142857,0.471428571428572,0.485714285714286,0.5,0.514285714285714,
0.528571428571429,0.542857142857143,0.557142857142857,0.571428571428571,
0.585714285714286,0.6,0.614285714285714,0.628571428571428,0.642857142857142,
0.657142857142857,0.671428571428571,0.685714285714285,0.699999999999999,
0.714285714285714,0.728571428571428,0.742857142857142,0.757142857142856,
0.771428571428571,0.785714285714285,0.799999999999999,0.814285714285713,
0.828571428571428,0.842857142857142,0.857142857142856,0.87142857142857,
0.885714285714284,0.899999999999999,0.914285714285713,0.928571428571427,
0.942857142857141,0.957142857142856,0.97142857142857,0.985714285714284,
1.),.UNSPECIFIED.)
CURVE()
GEOMETRIC_REPRESENTATION_ITEM()
RATIONAL_B_SPLINE_CURVE((1.,1.,1.,1.,1.,1.,1.,1.,1.,1.,1.,1.,1.,1.,1.,1.,
1.,1.,1.,1.,1.,1.,1.,1.,1.,1.,1.,1.,1.,1.,1.,1.,1.,1.,1.,1.,1.,1.,1.,1.,
1.,1.,1.,1.,1.,1.,1.,1.,1.,1.,1.,1.,1.,1.,1.,1.,1.,1.,1.,1.,1.,1.,1.,1.,
1.,1.,1.,1.,1.,1.,1.,1.,1.,1.,1.))
REPRESENTATION_ITEM('')
);
#38=(
BOUNDED_CURVE()
B_SPLINE_CURVE(5,(#7963,#7964,#7965,#7966,#7967,#7968,#7969,#7970,#7971,
#7972,#7973,#7974,#7975,#7976,#7977,#7978,#7979,#7980,#7981,#7982,#7983,
#7984,#7985,#7986,#7987,#7988,#7989,#7990,#7991,#7992,#7993,#7994,#7995,
#7996,#7997,#7998,#7999,#8000,#8001,#8002,#8003,#8004,#8005,#8006,#8007,
#8008,#8009,#8010,#8011,#8012,#8013,#8014,#8015,#8016,#8017,#8018,#8019,
#8020,#8021,#8022,#8023,#8024,#8025,#8026,#8027,#8028,#8029,#8030,#8031,
#8032,#8033,#8034,#8035,#8036,#8037),.UNSPECIFIED.,.F.,.F.)
B_SPLINE_CURVE_WITH_KNOTS((6,1,1,1,1,1,1,1,1,1,1,1,1,1,1,1,1,1,1,1,1,1,
1,1,1,1,1,1,1,1,1,1,1,1,1,1,1,1,1,1,1,1,1,1,1,1,1,1,1,1,1,1,1,1,1,1,1,1,
1,1,1,1,1,1,1,1,1,1,1,1,6),(-1.,-0.985714285714284,-0.97142857142857,-0.957142857142856,
-0.942857142857141,-0.928571428571427,-0.914285714285713,-0.899999999999999,
-0.885714285714284,-0.87142857142857,-0.857142857142856,-0.842857142857142,
-0.828571428571428,-0.814285714285713,-0.799999999999999,-0.785714285714285,
-0.771428571428571,-0.757142857142856,-0.742857142857142,-0.728571428571428,
-0.714285714285714,-0.699999999999999,-0.685714285714285,-0.671428571428571,
-0.657142857142857,-0.642857142857142,-0.628571428571428,-0.614285714285714,
-0.6,-0.585714285714286,-0.571428571428571,-0.557142857142857,-0.542857142857143,
-0.528571428571429,-0.514285714285714,-0.5,-0.485714285714286,-0.471428571428572,
-0.457142857142857,-0.442857142857143,-0.428571428571429,-0.414285714285714,
-0.4,-0.385714285714286,-0.371428571428571,-0.357142857142857,-0.342857142857143,
-0.328571428571429,-0.314285714285714,-0.3,-0.285714285714286,-0.271428571428571,
-0.257142857142857,-0.242857142857143,-0.228571428571429,-0.214285714285714,
-0.2,-0.185714285714286,-0.171428571428571,-0.157142857142857,-0.142857142857143,
-0.128571428571429,-0.114285714285714,-0.1,-0.0857142857142857,-0.0714285714285714,
-0.0571428571428571,-0.0428571428571429,-0.0285714285714286,-0.0142857142857143,
0.),.UNSPECIFIED.)
CURVE()
GEOMETRIC_REPRESENTATION_ITEM()
RATIONAL_B_SPLINE_CURVE((1.,1.,1.,1.,1.,1.,1.,1.,1.,1.,1.,1.,1.,1.,1.,1.,
1.,1.,1.,1.,1.,1.,1.,1.,1.,1.,1.,1.,1.,1.,1.,1.,1.,1.,1.,1.,1.,1.,1.,1.,
1.,1.,1.,1.,1.,1.,1.,1.,1.,1.,1.,1.,1.,1.,1.,1.,1.,1.,1.,1.,1.,1.,1.,1.,
1.,1.,1.,1.,1.,1.,1.,1.,1.,1.,1.))
REPRESENTATION_ITEM('')
);
#39=(
BOUNDED_SURFACE()
B_SPLINE_SURFACE(5,1,((#4560,#4561),(#4562,#4563),(#4564,#4565),(#4566,
#4567),(#4568,#4569),(#4570,#4571),(#4572,#4573),(#4574,#4575),(#4576,#4577),
(#4578,#4579),(#4580,#4581),(#4582,#4583),(#4584,#4585),(#4586,#4587),(#4588,
#4589),(#4590,#4591),(#4592,#4593),(#4594,#4595),(#4596,#4597),(#4598,#4599),
(#4600,#4601),(#4602,#4603),(#4604,#4605),(#4606,#4607),(#4608,#4609),(#4610,
#4611),(#4612,#4613),(#4614,#4615),(#4616,#4617),(#4618,#4619),(#4620,#4621),
(#4622,#4623),(#4624,#4625),(#4626,#4627),(#4628,#4629),(#4630,#4631),(#4632,
#4633),(#4634,#4635),(#4636,#4637),(#4638,#4639),(#4640,#4641),(#4642,#4643),
(#4644,#4645),(#4646,#4647),(#4648,#4649),(#4650,#4651),(#4652,#4653),(#4654,
#4655),(#4656,#4657),(#4658,#4659),(#4660,#4661),(#4662,#4663),(#4664,#4665),
(#4666,#4667),(#4668,#4669),(#4670,#4671),(#4672,#4673),(#4674,#4675),(#4676,
#4677),(#4678,#4679),(#4680,#4681),(#4682,#4683),(#4684,#4685),(#4686,#4687),
(#4688,#4689),(#4690,#4691),(#4692,#4693),(#4694,#4695),(#4696,#4697),(#4698,
#4699),(#4700,#4701),(#4702,#4703),(#4704,#4705),(#4706,#4707),(#4708,#4709)),
 .UNSPECIFIED.,.F.,.F.,.F.)
B_SPLINE_SURFACE_WITH_KNOTS((6,1,1,1,1,1,1,1,1,1,1,1,1,1,1,1,1,1,1,1,1,
1,1,1,1,1,1,1,1,1,1,1,1,1,1,1,1,1,1,1,1,1,1,1,1,1,1,1,1,1,1,1,1,1,1,1,1,
1,1,1,1,1,1,1,1,1,1,1,1,1,6),(2,2),(0.,0.0142857142857143,0.0285714285714286,
0.0428571428571429,0.0571428571428571,0.0714285714285714,0.0857142857142857,
0.1,0.114285714285714,0.128571428571429,0.142857142857143,0.157142857142857,
0.171428571428571,0.185714285714286,0.2,0.214285714285714,0.228571428571429,
0.242857142857143,0.257142857142857,0.271428571428571,0.285714285714286,
0.3,0.314285714285714,0.328571428571429,0.342857142857143,0.357142857142857,
0.371428571428571,0.385714285714286,0.4,0.414285714285714,0.428571428571429,
0.442857142857143,0.457142857142857,0.471428571428572,0.485714285714286,
0.5,0.514285714285714,0.528571428571429,0.542857142857143,0.557142857142857,
0.571428571428571,0.585714285714286,0.6,0.614285714285714,0.628571428571428,
0.642857142857142,0.657142857142857,0.671428571428571,0.685714285714285,
0.699999999999999,0.714285714285714,0.728571428571428,0.742857142857142,
0.757142857142856,0.771428571428571,0.785714285714285,0.799999999999999,
0.814285714285713,0.828571428571428,0.842857142857142,0.857142857142856,
0.87142857142857,0.885714285714284,0.899999999999999,0.914285714285713,
0.928571428571427,0.942857142857141,0.957142857142856,0.97142857142857,
0.985714285714284,1.),(0.,0.5),.UNSPECIFIED.)
GEOMETRIC_REPRESENTATION_ITEM()
RATIONAL_B_SPLINE_SURFACE(((1.,1.),(1.,1.),(1.,1.),(1.,1.),(1.,1.),(1.,
1.),(1.,1.),(1.,1.),(1.,1.),(1.,1.),(1.,1.),(1.,1.),(1.,1.),(1.,1.),(1.,
1.),(1.,1.),(1.,1.),(1.,1.),(1.,1.),(1.,1.),(1.,1.),(1.,1.),(1.,1.),(1.,
1.),(1.,1.),(1.,1.),(1.,1.),(1.,1.),(1.,1.),(1.,1.),(1.,1.),(1.,1.),(1.,
1.),(1.,1.),(1.,1.),(1.,1.),(1.,1.),(1.,1.),(1.,1.),(1.,1.),(1.,1.),(1.,
1.),(1.,1.),(1.,1.),(1.,1.),(1.,1.),(1.,1.),(1.,1.),(1.,1.),(1.,1.),(1.,
1.),(1.,1.),(1.,1.),(1.,1.),(1.,1.),(1.,1.),(1.,1.),(1.,1.),(1.,1.),(1.,
1.),(1.,1.),(1.,1.),(1.,1.),(1.,1.),(1.,1.),(1.,1.),(1.,1.),(1.,1.),(1.,
1.),(1.,1.),(1.,1.),(1.,1.),(1.,1.),(1.,1.),(1.,1.)))
REPRESENTATION_ITEM('')
SURFACE()
);
#40=(
BOUNDED_SURFACE()
B_SPLINE_SURFACE(5,1,((#4744,#4745),(#4746,#4747),(#4748,#4749),(#4750,
#4751),(#4752,#4753),(#4754,#4755),(#4756,#4757),(#4758,#4759),(#4760,#4761),
(#4762,#4763),(#4764,#4765),(#4766,#4767),(#4768,#4769),(#4770,#4771),(#4772,
#4773),(#4774,#4775),(#4776,#4777),(#4778,#4779),(#4780,#4781),(#4782,#4783),
(#4784,#4785),(#4786,#4787),(#4788,#4789),(#4790,#4791),(#4792,#4793),(#4794,
#4795),(#4796,#4797),(#4798,#4799),(#4800,#4801),(#4802,#4803),(#4804,#4805),
(#4806,#4807),(#4808,#4809),(#4810,#4811),(#4812,#4813),(#4814,#4815),(#4816,
#4817),(#4818,#4819),(#4820,#4821),(#4822,#4823),(#4824,#4825),(#4826,#4827),
(#4828,#4829),(#4830,#4831),(#4832,#4833),(#4834,#4835),(#4836,#4837),(#4838,
#4839),(#4840,#4841),(#4842,#4843),(#4844,#4845),(#4846,#4847),(#4848,#4849),
(#4850,#4851),(#4852,#4853),(#4854,#4855),(#4856,#4857),(#4858,#4859),(#4860,
#4861),(#4862,#4863),(#4864,#4865),(#4866,#4867),(#4868,#4869),(#4870,#4871),
(#4872,#4873),(#4874,#4875),(#4876,#4877),(#4878,#4879),(#4880,#4881),(#4882,
#4883),(#4884,#4885),(#4886,#4887),(#4888,#4889),(#4890,#4891),(#4892,#4893)),
 .UNSPECIFIED.,.F.,.F.,.F.)
B_SPLINE_SURFACE_WITH_KNOTS((6,1,1,1,1,1,1,1,1,1,1,1,1,1,1,1,1,1,1,1,1,
1,1,1,1,1,1,1,1,1,1,1,1,1,1,1,1,1,1,1,1,1,1,1,1,1,1,1,1,1,1,1,1,1,1,1,1,
1,1,1,1,1,1,1,1,1,1,1,1,1,6),(2,2),(-1.,-0.985714285714284,-0.97142857142857,
-0.957142857142856,-0.942857142857141,-0.928571428571427,-0.914285714285713,
-0.899999999999999,-0.885714285714284,-0.87142857142857,-0.857142857142856,
-0.842857142857142,-0.828571428571428,-0.814285714285713,-0.799999999999999,
-0.785714285714285,-0.771428571428571,-0.757142857142856,-0.742857142857142,
-0.728571428571428,-0.714285714285714,-0.699999999999999,-0.685714285714285,
-0.671428571428571,-0.657142857142857,-0.642857142857142,-0.628571428571428,
-0.614285714285714,-0.6,-0.585714285714286,-0.571428571428571,-0.557142857142857,
-0.542857142857143,-0.528571428571429,-0.514285714285714,-0.5,-0.485714285714286,
-0.471428571428572,-0.457142857142857,-0.442857142857143,-0.428571428571429,
-0.414285714285714,-0.4,-0.385714285714286,-0.371428571428571,-0.357142857142857,
-0.342857142857143,-0.328571428571429,-0.314285714285714,-0.3,-0.285714285714286,
-0.271428571428571,-0.257142857142857,-0.242857142857143,-0.228571428571429,
-0.214285714285714,-0.2,-0.185714285714286,-0.171428571428571,-0.157142857142857,
-0.142857142857143,-0.128571428571429,-0.114285714285714,-0.1,-0.0857142857142857,
-0.0714285714285714,-0.0571428571428571,-0.0428571428571429,-0.0285714285714286,
-0.0142857142857143,0.),(0.,0.5),.UNSPECIFIED.)
GEOMETRIC_REPRESENTATION_ITEM()
RATIONAL_B_SPLINE_SURFACE(((1.,1.),(1.,1.),(1.,1.),(1.,1.),(1.,1.),(1.,
1.),(1.,1.),(1.,1.),(1.,1.),(1.,1.),(1.,1.),(1.,1.),(1.,1.),(1.,1.),(1.,
1.),(1.,1.),(1.,1.),(1.,1.),(1.,1.),(1.,1.),(1.,1.),(1.,1.),(1.,1.),(1.,
1.),(1.,1.),(1.,1.),(1.,1.),(1.,1.),(1.,1.),(1.,1.),(1.,1.),(1.,1.),(1.,
1.),(1.,1.),(1.,1.),(1.,1.),(1.,1.),(1.,1.),(1.,1.),(1.,1.),(1.,1.),(1.,
1.),(1.,1.),(1.,1.),(1.,1.),(1.,1.),(1.,1.),(1.,1.),(1.,1.),(1.,1.),(1.,
1.),(1.,1.),(1.,1.),(1.,1.),(1.,1.),(1.,1.),(1.,1.),(1.,1.),(1.,1.),(1.,
1.),(1.,1.),(1.,1.),(1.,1.),(1.,1.),(1.,1.),(1.,1.),(1.,1.),(1.,1.),(1.,
1.),(1.,1.),(1.,1.),(1.,1.),(1.,1.),(1.,1.),(1.,1.)))
REPRESENTATION_ITEM('')
SURFACE()
);
#41=(
BOUNDED_SURFACE()
B_SPLINE_SURFACE(5,1,((#4991,#4992),(#4993,#4994),(#4995,#4996),(#4997,
#4998),(#4999,#5000),(#5001,#5002),(#5003,#5004),(#5005,#5006),(#5007,#5008),
(#5009,#5010),(#5011,#5012),(#5013,#5014),(#5015,#5016),(#5017,#5018),(#5019,
#5020),(#5021,#5022),(#5023,#5024),(#5025,#5026),(#5027,#5028),(#5029,#5030),
(#5031,#5032),(#5033,#5034),(#5035,#5036),(#5037,#5038),(#5039,#5040),(#5041,
#5042),(#5043,#5044),(#5045,#5046),(#5047,#5048),(#5049,#5050),(#5051,#5052),
(#5053,#5054),(#5055,#5056),(#5057,#5058),(#5059,#5060),(#5061,#5062),(#5063,
#5064),(#5065,#5066),(#5067,#5068),(#5069,#5070),(#5071,#5072),(#5073,#5074),
(#5075,#5076),(#5077,#5078),(#5079,#5080),(#5081,#5082),(#5083,#5084),(#5085,
#5086),(#5087,#5088),(#5089,#5090),(#5091,#5092),(#5093,#5094),(#5095,#5096),
(#5097,#5098),(#5099,#5100),(#5101,#5102),(#5103,#5104),(#5105,#5106),(#5107,
#5108),(#5109,#5110),(#5111,#5112),(#5113,#5114),(#5115,#5116),(#5117,#5118),
(#5119,#5120),(#5121,#5122),(#5123,#5124),(#5125,#5126),(#5127,#5128),(#5129,
#5130),(#5131,#5132),(#5133,#5134),(#5135,#5136),(#5137,#5138),(#5139,#5140)),
 .UNSPECIFIED.,.F.,.F.,.F.)
B_SPLINE_SURFACE_WITH_KNOTS((6,1,1,1,1,1,1,1,1,1,1,1,1,1,1,1,1,1,1,1,1,
1,1,1,1,1,1,1,1,1,1,1,1,1,1,1,1,1,1,1,1,1,1,1,1,1,1,1,1,1,1,1,1,1,1,1,1,
1,1,1,1,1,1,1,1,1,1,1,1,1,6),(2,2),(0.,0.0142857142857143,0.0285714285714286,
0.0428571428571429,0.0571428571428571,0.0714285714285714,0.0857142857142857,
0.1,0.114285714285714,0.128571428571429,0.142857142857143,0.157142857142857,
0.171428571428571,0.185714285714286,0.2,0.214285714285714,0.228571428571429,
0.242857142857143,0.257142857142857,0.271428571428571,0.285714285714286,
0.3,0.314285714285714,0.328571428571429,0.342857142857143,0.357142857142857,
0.371428571428571,0.385714285714286,0.4,0.414285714285714,0.428571428571429,
0.442857142857143,0.457142857142857,0.471428571428572,0.485714285714286,
0.5,0.514285714285714,0.528571428571429,0.542857142857143,0.557142857142857,
0.571428571428571,0.585714285714286,0.6,0.614285714285714,0.628571428571428,
0.642857142857142,0.657142857142857,0.671428571428571,0.685714285714285,
0.699999999999999,0.714285714285714,0.728571428571428,0.742857142857142,
0.757142857142856,0.771428571428571,0.785714285714285,0.799999999999999,
0.814285714285713,0.828571428571428,0.842857142857142,0.857142857142856,
0.87142857142857,0.885714285714284,0.899999999999999,0.914285714285713,
0.928571428571427,0.942857142857141,0.957142857142856,0.97142857142857,
0.985714285714284,1.),(0.,0.5),.UNSPECIFIED.)
GEOMETRIC_REPRESENTATION_ITEM()
RATIONAL_B_SPLINE_SURFACE(((1.,1.),(1.,1.),(1.,1.),(1.,1.),(1.,1.),(1.,
1.),(1.,1.),(1.,1.),(1.,1.),(1.,1.),(1.,1.),(1.,1.),(1.,1.),(1.,1.),(1.,
1.),(1.,1.),(1.,1.),(1.,1.),(1.,1.),(1.,1.),(1.,1.),(1.,1.),(1.,1.),(1.,
1.),(1.,1.),(1.,1.),(1.,1.),(1.,1.),(1.,1.),(1.,1.),(1.,1.),(1.,1.),(1.,
1.),(1.,1.),(1.,1.),(1.,1.),(1.,1.),(1.,1.),(1.,1.),(1.,1.),(1.,1.),(1.,
1.),(1.,1.),(1.,1.),(1.,1.),(1.,1.),(1.,1.),(1.,1.),(1.,1.),(1.,1.),(1.,
1.),(1.,1.),(1.,1.),(1.,1.),(1.,1.),(1.,1.),(1.,1.),(1.,1.),(1.,1.),(1.,
1.),(1.,1.),(1.,1.),(1.,1.),(1.,1.),(1.,1.),(1.,1.),(1.,1.),(1.,1.),(1.,
1.),(1.,1.),(1.,1.),(1.,1.),(1.,1.),(1.,1.),(1.,1.)))
REPRESENTATION_ITEM('')
SURFACE()
);
#42=(
BOUNDED_SURFACE()
B_SPLINE_SURFACE(5,1,((#5222,#5223),(#5224,#5225),(#5226,#5227),(#5228,
#5229),(#5230,#5231),(#5232,#5233),(#5234,#5235),(#5236,#5237),(#5238,#5239),
(#5240,#5241),(#5242,#5243),(#5244,#5245),(#5246,#5247),(#5248,#5249),(#5250,
#5251),(#5252,#5253),(#5254,#5255),(#5256,#5257),(#5258,#5259),(#5260,#5261),
(#5262,#5263),(#5264,#5265),(#5266,#5267),(#5268,#5269),(#5270,#5271),(#5272,
#5273),(#5274,#5275),(#5276,#5277),(#5278,#5279),(#5280,#5281),(#5282,#5283),
(#5284,#5285),(#5286,#5287),(#5288,#5289),(#5290,#5291),(#5292,#5293),(#5294,
#5295),(#5296,#5297),(#5298,#5299),(#5300,#5301),(#5302,#5303),(#5304,#5305),
(#5306,#5307),(#5308,#5309),(#5310,#5311),(#5312,#5313),(#5314,#5315),(#5316,
#5317),(#5318,#5319),(#5320,#5321),(#5322,#5323),(#5324,#5325),(#5326,#5327),
(#5328,#5329),(#5330,#5331),(#5332,#5333),(#5334,#5335),(#5336,#5337),(#5338,
#5339),(#5340,#5341),(#5342,#5343),(#5344,#5345),(#5346,#5347),(#5348,#5349),
(#5350,#5351),(#5352,#5353),(#5354,#5355),(#5356,#5357),(#5358,#5359),(#5360,
#5361),(#5362,#5363),(#5364,#5365),(#5366,#5367),(#5368,#5369),(#5370,#5371)),
 .UNSPECIFIED.,.F.,.F.,.F.)
B_SPLINE_SURFACE_WITH_KNOTS((6,1,1,1,1,1,1,1,1,1,1,1,1,1,1,1,1,1,1,1,1,
1,1,1,1,1,1,1,1,1,1,1,1,1,1,1,1,1,1,1,1,1,1,1,1,1,1,1,1,1,1,1,1,1,1,1,1,
1,1,1,1,1,1,1,1,1,1,1,1,1,6),(2,2),(-1.,-0.985714285714284,-0.97142857142857,
-0.957142857142856,-0.942857142857141,-0.928571428571427,-0.914285714285713,
-0.899999999999999,-0.885714285714284,-0.87142857142857,-0.857142857142856,
-0.842857142857142,-0.828571428571428,-0.814285714285713,-0.799999999999999,
-0.785714285714285,-0.771428571428571,-0.757142857142856,-0.742857142857142,
-0.728571428571428,-0.714285714285714,-0.699999999999999,-0.685714285714285,
-0.671428571428571,-0.657142857142857,-0.642857142857142,-0.628571428571428,
-0.614285714285714,-0.6,-0.585714285714286,-0.571428571428571,-0.557142857142857,
-0.542857142857143,-0.528571428571429,-0.514285714285714,-0.5,-0.485714285714286,
-0.471428571428572,-0.457142857142857,-0.442857142857143,-0.428571428571429,
-0.414285714285714,-0.4,-0.385714285714286,-0.371428571428571,-0.357142857142857,
-0.342857142857143,-0.328571428571429,-0.314285714285714,-0.3,-0.285714285714286,
-0.271428571428571,-0.257142857142857,-0.242857142857143,-0.228571428571429,
-0.214285714285714,-0.2,-0.185714285714286,-0.171428571428571,-0.157142857142857,
-0.142857142857143,-0.128571428571429,-0.114285714285714,-0.1,-0.0857142857142857,
-0.0714285714285714,-0.0571428571428571,-0.0428571428571429,-0.0285714285714286,
-0.0142857142857143,0.),(0.,0.5),.UNSPECIFIED.)
GEOMETRIC_REPRESENTATION_ITEM()
RATIONAL_B_SPLINE_SURFACE(((1.,1.),(1.,1.),(1.,1.),(1.,1.),(1.,1.),(1.,
1.),(1.,1.),(1.,1.),(1.,1.),(1.,1.),(1.,1.),(1.,1.),(1.,1.),(1.,1.),(1.,
1.),(1.,1.),(1.,1.),(1.,1.),(1.,1.),(1.,1.),(1.,1.),(1.,1.),(1.,1.),(1.,
1.),(1.,1.),(1.,1.),(1.,1.),(1.,1.),(1.,1.),(1.,1.),(1.,1.),(1.,1.),(1.,
1.),(1.,1.),(1.,1.),(1.,1.),(1.,1.),(1.,1.),(1.,1.),(1.,1.),(1.,1.),(1.,
1.),(1.,1.),(1.,1.),(1.,1.),(1.,1.),(1.,1.),(1.,1.),(1.,1.),(1.,1.),(1.,
1.),(1.,1.),(1.,1.),(1.,1.),(1.,1.),(1.,1.),(1.,1.),(1.,1.),(1.,1.),(1.,
1.),(1.,1.),(1.,1.),(1.,1.),(1.,1.),(1.,1.),(1.,1.),(1.,1.),(1.,1.),(1.,
1.),(1.,1.),(1.,1.),(1.,1.),(1.,1.),(1.,1.),(1.,1.)))
REPRESENTATION_ITEM('')
SURFACE()
);
#43=(
BOUNDED_SURFACE()
B_SPLINE_SURFACE(5,1,((#5469,#5470),(#5471,#5472),(#5473,#5474),(#5475,
#5476),(#5477,#5478),(#5479,#5480),(#5481,#5482),(#5483,#5484),(#5485,#5486),
(#5487,#5488),(#5489,#5490),(#5491,#5492),(#5493,#5494),(#5495,#5496),(#5497,
#5498),(#5499,#5500),(#5501,#5502),(#5503,#5504),(#5505,#5506),(#5507,#5508),
(#5509,#5510),(#5511,#5512),(#5513,#5514),(#5515,#5516),(#5517,#5518),(#5519,
#5520),(#5521,#5522),(#5523,#5524),(#5525,#5526),(#5527,#5528),(#5529,#5530),
(#5531,#5532),(#5533,#5534),(#5535,#5536),(#5537,#5538),(#5539,#5540),(#5541,
#5542),(#5543,#5544),(#5545,#5546),(#5547,#5548),(#5549,#5550),(#5551,#5552),
(#5553,#5554),(#5555,#5556),(#5557,#5558),(#5559,#5560),(#5561,#5562),(#5563,
#5564),(#5565,#5566),(#5567,#5568),(#5569,#5570),(#5571,#5572),(#5573,#5574),
(#5575,#5576),(#5577,#5578),(#5579,#5580),(#5581,#5582),(#5583,#5584),(#5585,
#5586),(#5587,#5588),(#5589,#5590),(#5591,#5592),(#5593,#5594),(#5595,#5596),
(#5597,#5598),(#5599,#5600),(#5601,#5602),(#5603,#5604),(#5605,#5606),(#5607,
#5608),(#5609,#5610),(#5611,#5612),(#5613,#5614),(#5615,#5616),(#5617,#5618)),
 .UNSPECIFIED.,.F.,.F.,.F.)
B_SPLINE_SURFACE_WITH_KNOTS((6,1,1,1,1,1,1,1,1,1,1,1,1,1,1,1,1,1,1,1,1,
1,1,1,1,1,1,1,1,1,1,1,1,1,1,1,1,1,1,1,1,1,1,1,1,1,1,1,1,1,1,1,1,1,1,1,1,
1,1,1,1,1,1,1,1,1,1,1,1,1,6),(2,2),(0.,0.0142857142857143,0.0285714285714286,
0.0428571428571429,0.0571428571428571,0.0714285714285714,0.0857142857142857,
0.1,0.114285714285714,0.128571428571429,0.142857142857143,0.157142857142857,
0.171428571428571,0.185714285714286,0.2,0.214285714285714,0.228571428571429,
0.242857142857143,0.257142857142857,0.271428571428571,0.285714285714286,
0.3,0.314285714285714,0.328571428571429,0.342857142857143,0.357142857142857,
0.371428571428571,0.385714285714286,0.4,0.414285714285714,0.428571428571429,
0.442857142857143,0.457142857142857,0.471428571428572,0.485714285714286,
0.5,0.514285714285714,0.528571428571429,0.542857142857143,0.557142857142857,
0.571428571428571,0.585714285714286,0.6,0.614285714285714,0.628571428571428,
0.642857142857142,0.657142857142857,0.671428571428571,0.685714285714285,
0.699999999999999,0.714285714285714,0.728571428571428,0.742857142857142,
0.757142857142856,0.771428571428571,0.785714285714285,0.799999999999999,
0.814285714285713,0.828571428571428,0.842857142857142,0.857142857142856,
0.87142857142857,0.885714285714284,0.899999999999999,0.914285714285713,
0.928571428571427,0.942857142857141,0.957142857142856,0.97142857142857,
0.985714285714284,1.),(0.,0.5),.UNSPECIFIED.)
GEOMETRIC_REPRESENTATION_ITEM()
RATIONAL_B_SPLINE_SURFACE(((1.,1.),(1.,1.),(1.,1.),(1.,1.),(1.,1.),(1.,
1.),(1.,1.),(1.,1.),(1.,1.),(1.,1.),(1.,1.),(1.,1.),(1.,1.),(1.,1.),(1.,
1.),(1.,1.),(1.,1.),(1.,1.),(1.,1.),(1.,1.),(1.,1.),(1.,1.),(1.,1.),(1.,
1.),(1.,1.),(1.,1.),(1.,1.),(1.,1.),(1.,1.),(1.,1.),(1.,1.),(1.,1.),(1.,
1.),(1.,1.),(1.,1.),(1.,1.),(1.,1.),(1.,1.),(1.,1.),(1.,1.),(1.,1.),(1.,
1.),(1.,1.),(1.,1.),(1.,1.),(1.,1.),(1.,1.),(1.,1.),(1.,1.),(1.,1.),(1.,
1.),(1.,1.),(1.,1.),(1.,1.),(1.,1.),(1.,1.),(1.,1.),(1.,1.),(1.,1.),(1.,
1.),(1.,1.),(1.,1.),(1.,1.),(1.,1.),(1.,1.),(1.,1.),(1.,1.),(1.,1.),(1.,
1.),(1.,1.),(1.,1.),(1.,1.),(1.,1.),(1.,1.),(1.,1.)))
REPRESENTATION_ITEM('')
SURFACE()
);
#44=(
BOUNDED_SURFACE()
B_SPLINE_SURFACE(5,1,((#5700,#5701),(#5702,#5703),(#5704,#5705),(#5706,
#5707),(#5708,#5709),(#5710,#5711),(#5712,#5713),(#5714,#5715),(#5716,#5717),
(#5718,#5719),(#5720,#5721),(#5722,#5723),(#5724,#5725),(#5726,#5727),(#5728,
#5729),(#5730,#5731),(#5732,#5733),(#5734,#5735),(#5736,#5737),(#5738,#5739),
(#5740,#5741),(#5742,#5743),(#5744,#5745),(#5746,#5747),(#5748,#5749),(#5750,
#5751),(#5752,#5753),(#5754,#5755),(#5756,#5757),(#5758,#5759),(#5760,#5761),
(#5762,#5763),(#5764,#5765),(#5766,#5767),(#5768,#5769),(#5770,#5771),(#5772,
#5773),(#5774,#5775),(#5776,#5777),(#5778,#5779),(#5780,#5781),(#5782,#5783),
(#5784,#5785),(#5786,#5787),(#5788,#5789),(#5790,#5791),(#5792,#5793),(#5794,
#5795),(#5796,#5797),(#5798,#5799),(#5800,#5801),(#5802,#5803),(#5804,#5805),
(#5806,#5807),(#5808,#5809),(#5810,#5811),(#5812,#5813),(#5814,#5815),(#5816,
#5817),(#5818,#5819),(#5820,#5821),(#5822,#5823),(#5824,#5825),(#5826,#5827),
(#5828,#5829),(#5830,#5831),(#5832,#5833),(#5834,#5835),(#5836,#5837),(#5838,
#5839),(#5840,#5841),(#5842,#5843),(#5844,#5845),(#5846,#5847),(#5848,#5849)),
 .UNSPECIFIED.,.F.,.F.,.F.)
B_SPLINE_SURFACE_WITH_KNOTS((6,1,1,1,1,1,1,1,1,1,1,1,1,1,1,1,1,1,1,1,1,
1,1,1,1,1,1,1,1,1,1,1,1,1,1,1,1,1,1,1,1,1,1,1,1,1,1,1,1,1,1,1,1,1,1,1,1,
1,1,1,1,1,1,1,1,1,1,1,1,1,6),(2,2),(-1.,-0.985714285714284,-0.97142857142857,
-0.957142857142856,-0.942857142857141,-0.928571428571427,-0.914285714285713,
-0.899999999999999,-0.885714285714284,-0.87142857142857,-0.857142857142856,
-0.842857142857142,-0.828571428571428,-0.814285714285713,-0.799999999999999,
-0.785714285714285,-0.771428571428571,-0.757142857142856,-0.742857142857142,
-0.728571428571428,-0.714285714285714,-0.699999999999999,-0.685714285714285,
-0.671428571428571,-0.657142857142857,-0.642857142857142,-0.628571428571428,
-0.614285714285714,-0.6,-0.585714285714286,-0.571428571428571,-0.557142857142857,
-0.542857142857143,-0.528571428571429,-0.514285714285714,-0.5,-0.485714285714286,
-0.471428571428572,-0.457142857142857,-0.442857142857143,-0.428571428571429,
-0.414285714285714,-0.4,-0.385714285714286,-0.371428571428571,-0.357142857142857,
-0.342857142857143,-0.328571428571429,-0.314285714285714,-0.3,-0.285714285714286,
-0.271428571428571,-0.257142857142857,-0.242857142857143,-0.228571428571429,
-0.214285714285714,-0.2,-0.185714285714286,-0.171428571428571,-0.157142857142857,
-0.142857142857143,-0.128571428571429,-0.114285714285714,-0.1,-0.0857142857142857,
-0.0714285714285714,-0.0571428571428571,-0.0428571428571429,-0.0285714285714286,
-0.0142857142857143,0.),(0.,0.5),.UNSPECIFIED.)
GEOMETRIC_REPRESENTATION_ITEM()
RATIONAL_B_SPLINE_SURFACE(((1.,1.),(1.,1.),(1.,1.),(1.,1.),(1.,1.),(1.,
1.),(1.,1.),(1.,1.),(1.,1.),(1.,1.),(1.,1.),(1.,1.),(1.,1.),(1.,1.),(1.,
1.),(1.,1.),(1.,1.),(1.,1.),(1.,1.),(1.,1.),(1.,1.),(1.,1.),(1.,1.),(1.,
1.),(1.,1.),(1.,1.),(1.,1.),(1.,1.),(1.,1.),(1.,1.),(1.,1.),(1.,1.),(1.,
1.),(1.,1.),(1.,1.),(1.,1.),(1.,1.),(1.,1.),(1.,1.),(1.,1.),(1.,1.),(1.,
1.),(1.,1.),(1.,1.),(1.,1.),(1.,1.),(1.,1.),(1.,1.),(1.,1.),(1.,1.),(1.,
1.),(1.,1.),(1.,1.),(1.,1.),(1.,1.),(1.,1.),(1.,1.),(1.,1.),(1.,1.),(1.,
1.),(1.,1.),(1.,1.),(1.,1.),(1.,1.),(1.,1.),(1.,1.),(1.,1.),(1.,1.),(1.,
1.),(1.,1.),(1.,1.),(1.,1.),(1.,1.),(1.,1.),(1.,1.)))
REPRESENTATION_ITEM('')
SURFACE()
);
#45=(
BOUNDED_SURFACE()
B_SPLINE_SURFACE(5,1,((#5947,#5948),(#5949,#5950),(#5951,#5952),(#5953,
#5954),(#5955,#5956),(#5957,#5958),(#5959,#5960),(#5961,#5962),(#5963,#5964),
(#5965,#5966),(#5967,#5968),(#5969,#5970),(#5971,#5972),(#5973,#5974),(#5975,
#5976),(#5977,#5978),(#5979,#5980),(#5981,#5982),(#5983,#5984),(#5985,#5986),
(#5987,#5988),(#5989,#5990),(#5991,#5992),(#5993,#5994),(#5995,#5996),(#5997,
#5998),(#5999,#6000),(#6001,#6002),(#6003,#6004),(#6005,#6006),(#6007,#6008),
(#6009,#6010),(#6011,#6012),(#6013,#6014),(#6015,#6016),(#6017,#6018),(#6019,
#6020),(#6021,#6022),(#6023,#6024),(#6025,#6026),(#6027,#6028),(#6029,#6030),
(#6031,#6032),(#6033,#6034),(#6035,#6036),(#6037,#6038),(#6039,#6040),(#6041,
#6042),(#6043,#6044),(#6045,#6046),(#6047,#6048),(#6049,#6050),(#6051,#6052),
(#6053,#6054),(#6055,#6056),(#6057,#6058),(#6059,#6060),(#6061,#6062),(#6063,
#6064),(#6065,#6066),(#6067,#6068),(#6069,#6070),(#6071,#6072),(#6073,#6074),
(#6075,#6076),(#6077,#6078),(#6079,#6080),(#6081,#6082),(#6083,#6084),(#6085,
#6086),(#6087,#6088),(#6089,#6090),(#6091,#6092),(#6093,#6094),(#6095,#6096)),
 .UNSPECIFIED.,.F.,.F.,.F.)
B_SPLINE_SURFACE_WITH_KNOTS((6,1,1,1,1,1,1,1,1,1,1,1,1,1,1,1,1,1,1,1,1,
1,1,1,1,1,1,1,1,1,1,1,1,1,1,1,1,1,1,1,1,1,1,1,1,1,1,1,1,1,1,1,1,1,1,1,1,
1,1,1,1,1,1,1,1,1,1,1,1,1,6),(2,2),(0.,0.0142857142857143,0.0285714285714286,
0.0428571428571429,0.0571428571428571,0.0714285714285714,0.0857142857142857,
0.1,0.114285714285714,0.128571428571429,0.142857142857143,0.157142857142857,
0.171428571428571,0.185714285714286,0.2,0.214285714285714,0.228571428571429,
0.242857142857143,0.257142857142857,0.271428571428571,0.285714285714286,
0.3,0.314285714285714,0.328571428571429,0.342857142857143,0.357142857142857,
0.371428571428571,0.385714285714286,0.4,0.414285714285714,0.428571428571429,
0.442857142857143,0.457142857142857,0.471428571428572,0.485714285714286,
0.5,0.514285714285714,0.528571428571429,0.542857142857143,0.557142857142857,
0.571428571428571,0.585714285714286,0.6,0.614285714285714,0.628571428571428,
0.642857142857142,0.657142857142857,0.671428571428571,0.685714285714285,
0.699999999999999,0.714285714285714,0.728571428571428,0.742857142857142,
0.757142857142856,0.771428571428571,0.785714285714285,0.799999999999999,
0.814285714285713,0.828571428571428,0.842857142857142,0.857142857142856,
0.87142857142857,0.885714285714284,0.899999999999999,0.914285714285713,
0.928571428571427,0.942857142857141,0.957142857142856,0.97142857142857,
0.985714285714284,1.),(0.,0.5),.UNSPECIFIED.)
GEOMETRIC_REPRESENTATION_ITEM()
RATIONAL_B_SPLINE_SURFACE(((1.,1.),(1.,1.),(1.,1.),(1.,1.),(1.,1.),(1.,
1.),(1.,1.),(1.,1.),(1.,1.),(1.,1.),(1.,1.),(1.,1.),(1.,1.),(1.,1.),(1.,
1.),(1.,1.),(1.,1.),(1.,1.),(1.,1.),(1.,1.),(1.,1.),(1.,1.),(1.,1.),(1.,
1.),(1.,1.),(1.,1.),(1.,1.),(1.,1.),(1.,1.),(1.,1.),(1.,1.),(1.,1.),(1.,
1.),(1.,1.),(1.,1.),(1.,1.),(1.,1.),(1.,1.),(1.,1.),(1.,1.),(1.,1.),(1.,
1.),(1.,1.),(1.,1.),(1.,1.),(1.,1.),(1.,1.),(1.,1.),(1.,1.),(1.,1.),(1.,
1.),(1.,1.),(1.,1.),(1.,1.),(1.,1.),(1.,1.),(1.,1.),(1.,1.),(1.,1.),(1.,
1.),(1.,1.),(1.,1.),(1.,1.),(1.,1.),(1.,1.),(1.,1.),(1.,1.),(1.,1.),(1.,
1.),(1.,1.),(1.,1.),(1.,1.),(1.,1.),(1.,1.),(1.,1.)))
REPRESENTATION_ITEM('')
SURFACE()
);
#46=(
BOUNDED_SURFACE()
B_SPLINE_SURFACE(5,1,((#6178,#6179),(#6180,#6181),(#6182,#6183),(#6184,
#6185),(#6186,#6187),(#6188,#6189),(#6190,#6191),(#6192,#6193),(#6194,#6195),
(#6196,#6197),(#6198,#6199),(#6200,#6201),(#6202,#6203),(#6204,#6205),(#6206,
#6207),(#6208,#6209),(#6210,#6211),(#6212,#6213),(#6214,#6215),(#6216,#6217),
(#6218,#6219),(#6220,#6221),(#6222,#6223),(#6224,#6225),(#6226,#6227),(#6228,
#6229),(#6230,#6231),(#6232,#6233),(#6234,#6235),(#6236,#6237),(#6238,#6239),
(#6240,#6241),(#6242,#6243),(#6244,#6245),(#6246,#6247),(#6248,#6249),(#6250,
#6251),(#6252,#6253),(#6254,#6255),(#6256,#6257),(#6258,#6259),(#6260,#6261),
(#6262,#6263),(#6264,#6265),(#6266,#6267),(#6268,#6269),(#6270,#6271),(#6272,
#6273),(#6274,#6275),(#6276,#6277),(#6278,#6279),(#6280,#6281),(#6282,#6283),
(#6284,#6285),(#6286,#6287),(#6288,#6289),(#6290,#6291),(#6292,#6293),(#6294,
#6295),(#6296,#6297),(#6298,#6299),(#6300,#6301),(#6302,#6303),(#6304,#6305),
(#6306,#6307),(#6308,#6309),(#6310,#6311),(#6312,#6313),(#6314,#6315),(#6316,
#6317),(#6318,#6319),(#6320,#6321),(#6322,#6323),(#6324,#6325),(#6326,#6327)),
 .UNSPECIFIED.,.F.,.F.,.F.)
B_SPLINE_SURFACE_WITH_KNOTS((6,1,1,1,1,1,1,1,1,1,1,1,1,1,1,1,1,1,1,1,1,
1,1,1,1,1,1,1,1,1,1,1,1,1,1,1,1,1,1,1,1,1,1,1,1,1,1,1,1,1,1,1,1,1,1,1,1,
1,1,1,1,1,1,1,1,1,1,1,1,1,6),(2,2),(-1.,-0.985714285714284,-0.97142857142857,
-0.957142857142856,-0.942857142857141,-0.928571428571427,-0.914285714285713,
-0.899999999999999,-0.885714285714284,-0.87142857142857,-0.857142857142856,
-0.842857142857142,-0.828571428571428,-0.814285714285713,-0.799999999999999,
-0.785714285714285,-0.771428571428571,-0.757142857142856,-0.742857142857142,
-0.728571428571428,-0.714285714285714,-0.699999999999999,-0.685714285714285,
-0.671428571428571,-0.657142857142857,-0.642857142857142,-0.628571428571428,
-0.614285714285714,-0.6,-0.585714285714286,-0.571428571428571,-0.557142857142857,
-0.542857142857143,-0.528571428571429,-0.514285714285714,-0.5,-0.485714285714286,
-0.471428571428572,-0.457142857142857,-0.442857142857143,-0.428571428571429,
-0.414285714285714,-0.4,-0.385714285714286,-0.371428571428571,-0.357142857142857,
-0.342857142857143,-0.328571428571429,-0.314285714285714,-0.3,-0.285714285714286,
-0.271428571428571,-0.257142857142857,-0.242857142857143,-0.228571428571429,
-0.214285714285714,-0.2,-0.185714285714286,-0.171428571428571,-0.157142857142857,
-0.142857142857143,-0.128571428571429,-0.114285714285714,-0.1,-0.0857142857142857,
-0.0714285714285714,-0.0571428571428571,-0.0428571428571429,-0.0285714285714286,
-0.0142857142857143,0.),(0.,0.5),.UNSPECIFIED.)
GEOMETRIC_REPRESENTATION_ITEM()
RATIONAL_B_SPLINE_SURFACE(((1.,1.),(1.,1.),(1.,1.),(1.,1.),(1.,1.),(1.,
1.),(1.,1.),(1.,1.),(1.,1.),(1.,1.),(1.,1.),(1.,1.),(1.,1.),(1.,1.),(1.,
1.),(1.,1.),(1.,1.),(1.,1.),(1.,1.),(1.,1.),(1.,1.),(1.,1.),(1.,1.),(1.,
1.),(1.,1.),(1.,1.),(1.,1.),(1.,1.),(1.,1.),(1.,1.),(1.,1.),(1.,1.),(1.,
1.),(1.,1.),(1.,1.),(1.,1.),(1.,1.),(1.,1.),(1.,1.),(1.,1.),(1.,1.),(1.,
1.),(1.,1.),(1.,1.),(1.,1.),(1.,1.),(1.,1.),(1.,1.),(1.,1.),(1.,1.),(1.,
1.),(1.,1.),(1.,1.),(1.,1.),(1.,1.),(1.,1.),(1.,1.),(1.,1.),(1.,1.),(1.,
1.),(1.,1.),(1.,1.),(1.,1.),(1.,1.),(1.,1.),(1.,1.),(1.,1.),(1.,1.),(1.,
1.),(1.,1.),(1.,1.),(1.,1.),(1.,1.),(1.,1.),(1.,1.)))
REPRESENTATION_ITEM('')
SURFACE()
);
#47=(
BOUNDED_SURFACE()
B_SPLINE_SURFACE(5,1,((#6425,#6426),(#6427,#6428),(#6429,#6430),(#6431,
#6432),(#6433,#6434),(#6435,#6436),(#6437,#6438),(#6439,#6440),(#6441,#6442),
(#6443,#6444),(#6445,#6446),(#6447,#6448),(#6449,#6450),(#6451,#6452),(#6453,
#6454),(#6455,#6456),(#6457,#6458),(#6459,#6460),(#6461,#6462),(#6463,#6464),
(#6465,#6466),(#6467,#6468),(#6469,#6470),(#6471,#6472),(#6473,#6474),(#6475,
#6476),(#6477,#6478),(#6479,#6480),(#6481,#6482),(#6483,#6484),(#6485,#6486),
(#6487,#6488),(#6489,#6490),(#6491,#6492),(#6493,#6494),(#6495,#6496),(#6497,
#6498),(#6499,#6500),(#6501,#6502),(#6503,#6504),(#6505,#6506),(#6507,#6508),
(#6509,#6510),(#6511,#6512),(#6513,#6514),(#6515,#6516),(#6517,#6518),(#6519,
#6520),(#6521,#6522),(#6523,#6524),(#6525,#6526),(#6527,#6528),(#6529,#6530),
(#6531,#6532),(#6533,#6534),(#6535,#6536),(#6537,#6538),(#6539,#6540),(#6541,
#6542),(#6543,#6544),(#6545,#6546),(#6547,#6548),(#6549,#6550),(#6551,#6552),
(#6553,#6554),(#6555,#6556),(#6557,#6558),(#6559,#6560),(#6561,#6562),(#6563,
#6564),(#6565,#6566),(#6567,#6568),(#6569,#6570),(#6571,#6572),(#6573,#6574)),
 .UNSPECIFIED.,.F.,.F.,.F.)
B_SPLINE_SURFACE_WITH_KNOTS((6,1,1,1,1,1,1,1,1,1,1,1,1,1,1,1,1,1,1,1,1,
1,1,1,1,1,1,1,1,1,1,1,1,1,1,1,1,1,1,1,1,1,1,1,1,1,1,1,1,1,1,1,1,1,1,1,1,
1,1,1,1,1,1,1,1,1,1,1,1,1,6),(2,2),(0.,0.0142857142857143,0.0285714285714286,
0.0428571428571429,0.0571428571428571,0.0714285714285714,0.0857142857142857,
0.1,0.114285714285714,0.128571428571429,0.142857142857143,0.157142857142857,
0.171428571428571,0.185714285714286,0.2,0.214285714285714,0.228571428571429,
0.242857142857143,0.257142857142857,0.271428571428571,0.285714285714286,
0.3,0.314285714285714,0.328571428571429,0.342857142857143,0.357142857142857,
0.371428571428571,0.385714285714286,0.4,0.414285714285714,0.428571428571429,
0.442857142857143,0.457142857142857,0.471428571428572,0.485714285714286,
0.5,0.514285714285714,0.528571428571429,0.542857142857143,0.557142857142857,
0.571428571428571,0.585714285714286,0.6,0.614285714285714,0.628571428571428,
0.642857142857142,0.657142857142857,0.671428571428571,0.685714285714285,
0.699999999999999,0.714285714285714,0.728571428571428,0.742857142857142,
0.757142857142856,0.771428571428571,0.785714285714285,0.799999999999999,
0.814285714285713,0.828571428571428,0.842857142857142,0.857142857142856,
0.87142857142857,0.885714285714284,0.899999999999999,0.914285714285713,
0.928571428571427,0.942857142857141,0.957142857142856,0.97142857142857,
0.985714285714284,1.),(0.,0.5),.UNSPECIFIED.)
GEOMETRIC_REPRESENTATION_ITEM()
RATIONAL_B_SPLINE_SURFACE(((1.,1.),(1.,1.),(1.,1.),(1.,1.),(1.,1.),(1.,
1.),(1.,1.),(1.,1.),(1.,1.),(1.,1.),(1.,1.),(1.,1.),(1.,1.),(1.,1.),(1.,
1.),(1.,1.),(1.,1.),(1.,1.),(1.,1.),(1.,1.),(1.,1.),(1.,1.),(1.,1.),(1.,
1.),(1.,1.),(1.,1.),(1.,1.),(1.,1.),(1.,1.),(1.,1.),(1.,1.),(1.,1.),(1.,
1.),(1.,1.),(1.,1.),(1.,1.),(1.,1.),(1.,1.),(1.,1.),(1.,1.),(1.,1.),(1.,
1.),(1.,1.),(1.,1.),(1.,1.),(1.,1.),(1.,1.),(1.,1.),(1.,1.),(1.,1.),(1.,
1.),(1.,1.),(1.,1.),(1.,1.),(1.,1.),(1.,1.),(1.,1.),(1.,1.),(1.,1.),(1.,
1.),(1.,1.),(1.,1.),(1.,1.),(1.,1.),(1.,1.),(1.,1.),(1.,1.),(1.,1.),(1.,
1.),(1.,1.),(1.,1.),(1.,1.),(1.,1.),(1.,1.),(1.,1.)))
REPRESENTATION_ITEM('')
SURFACE()
);
#48=(
BOUNDED_SURFACE()
B_SPLINE_SURFACE(5,1,((#6656,#6657),(#6658,#6659),(#6660,#6661),(#6662,
#6663),(#6664,#6665),(#6666,#6667),(#6668,#6669),(#6670,#6671),(#6672,#6673),
(#6674,#6675),(#6676,#6677),(#6678,#6679),(#6680,#6681),(#6682,#6683),(#6684,
#6685),(#6686,#6687),(#6688,#6689),(#6690,#6691),(#6692,#6693),(#6694,#6695),
(#6696,#6697),(#6698,#6699),(#6700,#6701),(#6702,#6703),(#6704,#6705),(#6706,
#6707),(#6708,#6709),(#6710,#6711),(#6712,#6713),(#6714,#6715),(#6716,#6717),
(#6718,#6719),(#6720,#6721),(#6722,#6723),(#6724,#6725),(#6726,#6727),(#6728,
#6729),(#6730,#6731),(#6732,#6733),(#6734,#6735),(#6736,#6737),(#6738,#6739),
(#6740,#6741),(#6742,#6743),(#6744,#6745),(#6746,#6747),(#6748,#6749),(#6750,
#6751),(#6752,#6753),(#6754,#6755),(#6756,#6757),(#6758,#6759),(#6760,#6761),
(#6762,#6763),(#6764,#6765),(#6766,#6767),(#6768,#6769),(#6770,#6771),(#6772,
#6773),(#6774,#6775),(#6776,#6777),(#6778,#6779),(#6780,#6781),(#6782,#6783),
(#6784,#6785),(#6786,#6787),(#6788,#6789),(#6790,#6791),(#6792,#6793),(#6794,
#6795),(#6796,#6797),(#6798,#6799),(#6800,#6801),(#6802,#6803),(#6804,#6805)),
 .UNSPECIFIED.,.F.,.F.,.F.)
B_SPLINE_SURFACE_WITH_KNOTS((6,1,1,1,1,1,1,1,1,1,1,1,1,1,1,1,1,1,1,1,1,
1,1,1,1,1,1,1,1,1,1,1,1,1,1,1,1,1,1,1,1,1,1,1,1,1,1,1,1,1,1,1,1,1,1,1,1,
1,1,1,1,1,1,1,1,1,1,1,1,1,6),(2,2),(-1.,-0.985714285714284,-0.97142857142857,
-0.957142857142856,-0.942857142857141,-0.928571428571427,-0.914285714285713,
-0.899999999999999,-0.885714285714284,-0.87142857142857,-0.857142857142856,
-0.842857142857142,-0.828571428571428,-0.814285714285713,-0.799999999999999,
-0.785714285714285,-0.771428571428571,-0.757142857142856,-0.742857142857142,
-0.728571428571428,-0.714285714285714,-0.699999999999999,-0.685714285714285,
-0.671428571428571,-0.657142857142857,-0.642857142857142,-0.628571428571428,
-0.614285714285714,-0.6,-0.585714285714286,-0.571428571428571,-0.557142857142857,
-0.542857142857143,-0.528571428571429,-0.514285714285714,-0.5,-0.485714285714286,
-0.471428571428572,-0.457142857142857,-0.442857142857143,-0.428571428571429,
-0.414285714285714,-0.4,-0.385714285714286,-0.371428571428571,-0.357142857142857,
-0.342857142857143,-0.328571428571429,-0.314285714285714,-0.3,-0.285714285714286,
-0.271428571428571,-0.257142857142857,-0.242857142857143,-0.228571428571429,
-0.214285714285714,-0.2,-0.185714285714286,-0.171428571428571,-0.157142857142857,
-0.142857142857143,-0.128571428571429,-0.114285714285714,-0.1,-0.0857142857142857,
-0.0714285714285714,-0.0571428571428571,-0.0428571428571429,-0.0285714285714286,
-0.0142857142857143,0.),(0.,0.5),.UNSPECIFIED.)
GEOMETRIC_REPRESENTATION_ITEM()
RATIONAL_B_SPLINE_SURFACE(((1.,1.),(1.,1.),(1.,1.),(1.,1.),(1.,1.),(1.,
1.),(1.,1.),(1.,1.),(1.,1.),(1.,1.),(1.,1.),(1.,1.),(1.,1.),(1.,1.),(1.,
1.),(1.,1.),(1.,1.),(1.,1.),(1.,1.),(1.,1.),(1.,1.),(1.,1.),(1.,1.),(1.,
1.),(1.,1.),(1.,1.),(1.,1.),(1.,1.),(1.,1.),(1.,1.),(1.,1.),(1.,1.),(1.,
1.),(1.,1.),(1.,1.),(1.,1.),(1.,1.),(1.,1.),(1.,1.),(1.,1.),(1.,1.),(1.,
1.),(1.,1.),(1.,1.),(1.,1.),(1.,1.),(1.,1.),(1.,1.),(1.,1.),(1.,1.),(1.,
1.),(1.,1.),(1.,1.),(1.,1.),(1.,1.),(1.,1.),(1.,1.),(1.,1.),(1.,1.),(1.,
1.),(1.,1.),(1.,1.),(1.,1.),(1.,1.),(1.,1.),(1.,1.),(1.,1.),(1.,1.),(1.,
1.),(1.,1.),(1.,1.),(1.,1.),(1.,1.),(1.,1.),(1.,1.)))
REPRESENTATION_ITEM('')
SURFACE()
);
#49=(
BOUNDED_SURFACE()
B_SPLINE_SURFACE(5,1,((#8058,#8059),(#8060,#8061),(#8062,#8063),(#8064,
#8065),(#8066,#8067),(#8068,#8069),(#8070,#8071),(#8072,#8073),(#8074,#8075),
(#8076,#8077),(#8078,#8079),(#8080,#8081),(#8082,#8083),(#8084,#8085),(#8086,
#8087),(#8088,#8089),(#8090,#8091),(#8092,#8093),(#8094,#8095),(#8096,#8097),
(#8098,#8099),(#8100,#8101),(#8102,#8103),(#8104,#8105),(#8106,#8107),(#8108,
#8109),(#8110,#8111),(#8112,#8113),(#8114,#8115),(#8116,#8117),(#8118,#8119),
(#8120,#8121),(#8122,#8123),(#8124,#8125),(#8126,#8127),(#8128,#8129),(#8130,
#8131),(#8132,#8133),(#8134,#8135),(#8136,#8137),(#8138,#8139),(#8140,#8141),
(#8142,#8143),(#8144,#8145),(#8146,#8147),(#8148,#8149),(#8150,#8151),(#8152,
#8153),(#8154,#8155),(#8156,#8157),(#8158,#8159),(#8160,#8161),(#8162,#8163),
(#8164,#8165),(#8166,#8167),(#8168,#8169),(#8170,#8171),(#8172,#8173),(#8174,
#8175),(#8176,#8177),(#8178,#8179),(#8180,#8181),(#8182,#8183),(#8184,#8185),
(#8186,#8187),(#8188,#8189),(#8190,#8191),(#8192,#8193),(#8194,#8195),(#8196,
#8197),(#8198,#8199),(#8200,#8201),(#8202,#8203),(#8204,#8205),(#8206,#8207)),
 .UNSPECIFIED.,.F.,.F.,.F.)
B_SPLINE_SURFACE_WITH_KNOTS((6,1,1,1,1,1,1,1,1,1,1,1,1,1,1,1,1,1,1,1,1,
1,1,1,1,1,1,1,1,1,1,1,1,1,1,1,1,1,1,1,1,1,1,1,1,1,1,1,1,1,1,1,1,1,1,1,1,
1,1,1,1,1,1,1,1,1,1,1,1,1,6),(2,2),(-1.,-0.985714285714284,-0.97142857142857,
-0.957142857142856,-0.942857142857141,-0.928571428571427,-0.914285714285713,
-0.899999999999999,-0.885714285714284,-0.87142857142857,-0.857142857142856,
-0.842857142857142,-0.828571428571428,-0.814285714285713,-0.799999999999999,
-0.785714285714285,-0.771428571428571,-0.757142857142856,-0.742857142857142,
-0.728571428571428,-0.714285714285714,-0.699999999999999,-0.685714285714285,
-0.671428571428571,-0.657142857142857,-0.642857142857142,-0.628571428571428,
-0.614285714285714,-0.6,-0.585714285714286,-0.571428571428571,-0.557142857142857,
-0.542857142857143,-0.528571428571429,-0.514285714285714,-0.5,-0.485714285714286,
-0.471428571428572,-0.457142857142857,-0.442857142857143,-0.428571428571429,
-0.414285714285714,-0.4,-0.385714285714286,-0.371428571428571,-0.357142857142857,
-0.342857142857143,-0.328571428571429,-0.314285714285714,-0.3,-0.285714285714286,
-0.271428571428571,-0.257142857142857,-0.242857142857143,-0.228571428571429,
-0.214285714285714,-0.2,-0.185714285714286,-0.171428571428571,-0.157142857142857,
-0.142857142857143,-0.128571428571429,-0.114285714285714,-0.1,-0.0857142857142857,
-0.0714285714285714,-0.0571428571428571,-0.0428571428571429,-0.0285714285714286,
-0.0142857142857143,0.),(0.,0.5),.UNSPECIFIED.)
GEOMETRIC_REPRESENTATION_ITEM()
RATIONAL_B_SPLINE_SURFACE(((1.,1.),(1.,1.),(1.,1.),(1.,1.),(1.,1.),(1.,
1.),(1.,1.),(1.,1.),(1.,1.),(1.,1.),(1.,1.),(1.,1.),(1.,1.),(1.,1.),(1.,
1.),(1.,1.),(1.,1.),(1.,1.),(1.,1.),(1.,1.),(1.,1.),(1.,1.),(1.,1.),(1.,
1.),(1.,1.),(1.,1.),(1.,1.),(1.,1.),(1.,1.),(1.,1.),(1.,1.),(1.,1.),(1.,
1.),(1.,1.),(1.,1.),(1.,1.),(1.,1.),(1.,1.),(1.,1.),(1.,1.),(1.,1.),(1.,
1.),(1.,1.),(1.,1.),(1.,1.),(1.,1.),(1.,1.),(1.,1.),(1.,1.),(1.,1.),(1.,
1.),(1.,1.),(1.,1.),(1.,1.),(1.,1.),(1.,1.),(1.,1.),(1.,1.),(1.,1.),(1.,
1.),(1.,1.),(1.,1.),(1.,1.),(1.,1.),(1.,1.),(1.,1.),(1.,1.),(1.,1.),(1.,
1.),(1.,1.),(1.,1.),(1.,1.),(1.,1.),(1.,1.),(1.,1.)))
REPRESENTATION_ITEM('')
SURFACE()
);
#50=(
BOUNDED_SURFACE()
B_SPLINE_SURFACE(5,1,((#8211,#8212),(#8213,#8214),(#8215,#8216),(#8217,
#8218),(#8219,#8220),(#8221,#8222),(#8223,#8224),(#8225,#8226),(#8227,#8228),
(#8229,#8230),(#8231,#8232),(#8233,#8234),(#8235,#8236),(#8237,#8238),(#8239,
#8240),(#8241,#8242),(#8243,#8244),(#8245,#8246),(#8247,#8248),(#8249,#8250),
(#8251,#8252),(#8253,#8254),(#8255,#8256),(#8257,#8258),(#8259,#8260),(#8261,
#8262),(#8263,#8264),(#8265,#8266),(#8267,#8268),(#8269,#8270),(#8271,#8272),
(#8273,#8274),(#8275,#8276),(#8277,#8278),(#8279,#8280),(#8281,#8282),(#8283,
#8284),(#8285,#8286),(#8287,#8288),(#8289,#8290),(#8291,#8292),(#8293,#8294),
(#8295,#8296),(#8297,#8298),(#8299,#8300),(#8301,#8302),(#8303,#8304),(#8305,
#8306),(#8307,#8308),(#8309,#8310),(#8311,#8312),(#8313,#8314),(#8315,#8316),
(#8317,#8318),(#8319,#8320),(#8321,#8322),(#8323,#8324),(#8325,#8326),(#8327,
#8328),(#8329,#8330),(#8331,#8332),(#8333,#8334),(#8335,#8336),(#8337,#8338),
(#8339,#8340),(#8341,#8342),(#8343,#8344),(#8345,#8346),(#8347,#8348),(#8349,
#8350),(#8351,#8352),(#8353,#8354),(#8355,#8356),(#8357,#8358),(#8359,#8360)),
 .UNSPECIFIED.,.F.,.F.,.F.)
B_SPLINE_SURFACE_WITH_KNOTS((6,1,1,1,1,1,1,1,1,1,1,1,1,1,1,1,1,1,1,1,1,
1,1,1,1,1,1,1,1,1,1,1,1,1,1,1,1,1,1,1,1,1,1,1,1,1,1,1,1,1,1,1,1,1,1,1,1,
1,1,1,1,1,1,1,1,1,1,1,1,1,6),(2,2),(0.,0.0142857142857143,0.0285714285714286,
0.0428571428571429,0.0571428571428571,0.0714285714285714,0.0857142857142857,
0.1,0.114285714285714,0.128571428571429,0.142857142857143,0.157142857142857,
0.171428571428571,0.185714285714286,0.2,0.214285714285714,0.228571428571429,
0.242857142857143,0.257142857142857,0.271428571428571,0.285714285714286,
0.3,0.314285714285714,0.328571428571429,0.342857142857143,0.357142857142857,
0.371428571428571,0.385714285714286,0.4,0.414285714285714,0.428571428571429,
0.442857142857143,0.457142857142857,0.471428571428572,0.485714285714286,
0.5,0.514285714285714,0.528571428571429,0.542857142857143,0.557142857142857,
0.571428571428571,0.585714285714286,0.6,0.614285714285714,0.628571428571428,
0.642857142857142,0.657142857142857,0.671428571428571,0.685714285714285,
0.699999999999999,0.714285714285714,0.728571428571428,0.742857142857142,
0.757142857142856,0.771428571428571,0.785714285714285,0.799999999999999,
0.814285714285713,0.828571428571428,0.842857142857142,0.857142857142856,
0.87142857142857,0.885714285714284,0.899999999999999,0.914285714285713,
0.928571428571427,0.942857142857141,0.957142857142856,0.97142857142857,
0.985714285714284,1.),(0.,0.5),.UNSPECIFIED.)
GEOMETRIC_REPRESENTATION_ITEM()
RATIONAL_B_SPLINE_SURFACE(((1.,1.),(1.,1.),(1.,1.),(1.,1.),(1.,1.),(1.,
1.),(1.,1.),(1.,1.),(1.,1.),(1.,1.),(1.,1.),(1.,1.),(1.,1.),(1.,1.),(1.,
1.),(1.,1.),(1.,1.),(1.,1.),(1.,1.),(1.,1.),(1.,1.),(1.,1.),(1.,1.),(1.,
1.),(1.,1.),(1.,1.),(1.,1.),(1.,1.),(1.,1.),(1.,1.),(1.,1.),(1.,1.),(1.,
1.),(1.,1.),(1.,1.),(1.,1.),(1.,1.),(1.,1.),(1.,1.),(1.,1.),(1.,1.),(1.,
1.),(1.,1.),(1.,1.),(1.,1.),(1.,1.),(1.,1.),(1.,1.),(1.,1.),(1.,1.),(1.,
1.),(1.,1.),(1.,1.),(1.,1.),(1.,1.),(1.,1.),(1.,1.),(1.,1.),(1.,1.),(1.,
1.),(1.,1.),(1.,1.),(1.,1.),(1.,1.),(1.,1.),(1.,1.),(1.,1.),(1.,1.),(1.,
1.),(1.,1.),(1.,1.),(1.,1.),(1.,1.),(1.,1.),(1.,1.)))
REPRESENTATION_ITEM('')
SURFACE()
);
#51=(
BOUNDED_SURFACE()
B_SPLINE_SURFACE(5,1,((#8372,#8373),(#8374,#8375),(#8376,#8377),(#8378,
#8379),(#8380,#8381),(#8382,#8383),(#8384,#8385),(#8386,#8387),(#8388,#8389),
(#8390,#8391),(#8392,#8393),(#8394,#8395),(#8396,#8397),(#8398,#8399),(#8400,
#8401),(#8402,#8403),(#8404,#8405),(#8406,#8407),(#8408,#8409),(#8410,#8411),
(#8412,#8413),(#8414,#8415),(#8416,#8417),(#8418,#8419),(#8420,#8421),(#8422,
#8423),(#8424,#8425),(#8426,#8427),(#8428,#8429),(#8430,#8431),(#8432,#8433),
(#8434,#8435),(#8436,#8437),(#8438,#8439),(#8440,#8441),(#8442,#8443),(#8444,
#8445),(#8446,#8447),(#8448,#8449),(#8450,#8451),(#8452,#8453),(#8454,#8455),
(#8456,#8457),(#8458,#8459),(#8460,#8461),(#8462,#8463),(#8464,#8465),(#8466,
#8467),(#8468,#8469),(#8470,#8471),(#8472,#8473),(#8474,#8475),(#8476,#8477),
(#8478,#8479),(#8480,#8481),(#8482,#8483),(#8484,#8485),(#8486,#8487),(#8488,
#8489),(#8490,#8491),(#8492,#8493),(#8494,#8495),(#8496,#8497),(#8498,#8499),
(#8500,#8501),(#8502,#8503),(#8504,#8505),(#8506,#8507),(#8508,#8509),(#8510,
#8511),(#8512,#8513),(#8514,#8515),(#8516,#8517),(#8518,#8519),(#8520,#8521)),
 .UNSPECIFIED.,.F.,.F.,.F.)
B_SPLINE_SURFACE_WITH_KNOTS((6,1,1,1,1,1,1,1,1,1,1,1,1,1,1,1,1,1,1,1,1,
1,1,1,1,1,1,1,1,1,1,1,1,1,1,1,1,1,1,1,1,1,1,1,1,1,1,1,1,1,1,1,1,1,1,1,1,
1,1,1,1,1,1,1,1,1,1,1,1,1,6),(2,2),(-1.,-0.985714285714284,-0.97142857142857,
-0.957142857142856,-0.942857142857141,-0.928571428571427,-0.914285714285713,
-0.899999999999999,-0.885714285714284,-0.87142857142857,-0.857142857142856,
-0.842857142857142,-0.828571428571428,-0.814285714285713,-0.799999999999999,
-0.785714285714285,-0.771428571428571,-0.757142857142856,-0.742857142857142,
-0.728571428571428,-0.714285714285714,-0.699999999999999,-0.685714285714285,
-0.671428571428571,-0.657142857142857,-0.642857142857142,-0.628571428571428,
-0.614285714285714,-0.6,-0.585714285714286,-0.571428571428571,-0.557142857142857,
-0.542857142857143,-0.528571428571429,-0.514285714285714,-0.5,-0.485714285714286,
-0.471428571428572,-0.457142857142857,-0.442857142857143,-0.428571428571429,
-0.414285714285714,-0.4,-0.385714285714286,-0.371428571428571,-0.357142857142857,
-0.342857142857143,-0.328571428571429,-0.314285714285714,-0.3,-0.285714285714286,
-0.271428571428571,-0.257142857142857,-0.242857142857143,-0.228571428571429,
-0.214285714285714,-0.2,-0.185714285714286,-0.171428571428571,-0.157142857142857,
-0.142857142857143,-0.128571428571429,-0.114285714285714,-0.1,-0.0857142857142857,
-0.0714285714285714,-0.0571428571428571,-0.0428571428571429,-0.0285714285714286,
-0.0142857142857143,0.),(0.,0.5),.UNSPECIFIED.)
GEOMETRIC_REPRESENTATION_ITEM()
RATIONAL_B_SPLINE_SURFACE(((1.,1.),(1.,1.),(1.,1.),(1.,1.),(1.,1.),(1.,
1.),(1.,1.),(1.,1.),(1.,1.),(1.,1.),(1.,1.),(1.,1.),(1.,1.),(1.,1.),(1.,
1.),(1.,1.),(1.,1.),(1.,1.),(1.,1.),(1.,1.),(1.,1.),(1.,1.),(1.,1.),(1.,
1.),(1.,1.),(1.,1.),(1.,1.),(1.,1.),(1.,1.),(1.,1.),(1.,1.),(1.,1.),(1.,
1.),(1.,1.),(1.,1.),(1.,1.),(1.,1.),(1.,1.),(1.,1.),(1.,1.),(1.,1.),(1.,
1.),(1.,1.),(1.,1.),(1.,1.),(1.,1.),(1.,1.),(1.,1.),(1.,1.),(1.,1.),(1.,
1.),(1.,1.),(1.,1.),(1.,1.),(1.,1.),(1.,1.),(1.,1.),(1.,1.),(1.,1.),(1.,
1.),(1.,1.),(1.,1.),(1.,1.),(1.,1.),(1.,1.),(1.,1.),(1.,1.),(1.,1.),(1.,
1.),(1.,1.),(1.,1.),(1.,1.),(1.,1.),(1.,1.),(1.,1.)))
REPRESENTATION_ITEM('')
SURFACE()
);
#52=(
BOUNDED_SURFACE()
B_SPLINE_SURFACE(5,1,((#8525,#8526),(#8527,#8528),(#8529,#8530),(#8531,
#8532),(#8533,#8534),(#8535,#8536),(#8537,#8538),(#8539,#8540),(#8541,#8542),
(#8543,#8544),(#8545,#8546),(#8547,#8548),(#8549,#8550),(#8551,#8552),(#8553,
#8554),(#8555,#8556),(#8557,#8558),(#8559,#8560),(#8561,#8562),(#8563,#8564),
(#8565,#8566),(#8567,#8568),(#8569,#8570),(#8571,#8572),(#8573,#8574),(#8575,
#8576),(#8577,#8578),(#8579,#8580),(#8581,#8582),(#8583,#8584),(#8585,#8586),
(#8587,#8588),(#8589,#8590),(#8591,#8592),(#8593,#8594),(#8595,#8596),(#8597,
#8598),(#8599,#8600),(#8601,#8602),(#8603,#8604),(#8605,#8606),(#8607,#8608),
(#8609,#8610),(#8611,#8612),(#8613,#8614),(#8615,#8616),(#8617,#8618),(#8619,
#8620),(#8621,#8622),(#8623,#8624),(#8625,#8626),(#8627,#8628),(#8629,#8630),
(#8631,#8632),(#8633,#8634),(#8635,#8636),(#8637,#8638),(#8639,#8640),(#8641,
#8642),(#8643,#8644),(#8645,#8646),(#8647,#8648),(#8649,#8650),(#8651,#8652),
(#8653,#8654),(#8655,#8656),(#8657,#8658),(#8659,#8660),(#8661,#8662),(#8663,
#8664),(#8665,#8666),(#8667,#8668),(#8669,#8670),(#8671,#8672),(#8673,#8674)),
 .UNSPECIFIED.,.F.,.F.,.F.)
B_SPLINE_SURFACE_WITH_KNOTS((6,1,1,1,1,1,1,1,1,1,1,1,1,1,1,1,1,1,1,1,1,
1,1,1,1,1,1,1,1,1,1,1,1,1,1,1,1,1,1,1,1,1,1,1,1,1,1,1,1,1,1,1,1,1,1,1,1,
1,1,1,1,1,1,1,1,1,1,1,1,1,6),(2,2),(0.,0.0142857142857143,0.0285714285714286,
0.0428571428571429,0.0571428571428571,0.0714285714285714,0.0857142857142857,
0.1,0.114285714285714,0.128571428571429,0.142857142857143,0.157142857142857,
0.171428571428571,0.185714285714286,0.2,0.214285714285714,0.228571428571429,
0.242857142857143,0.257142857142857,0.271428571428571,0.285714285714286,
0.3,0.314285714285714,0.328571428571429,0.342857142857143,0.357142857142857,
0.371428571428571,0.385714285714286,0.4,0.414285714285714,0.428571428571429,
0.442857142857143,0.457142857142857,0.471428571428572,0.485714285714286,
0.5,0.514285714285714,0.528571428571429,0.542857142857143,0.557142857142857,
0.571428571428571,0.585714285714286,0.6,0.614285714285714,0.628571428571428,
0.642857142857142,0.657142857142857,0.671428571428571,0.685714285714285,
0.699999999999999,0.714285714285714,0.728571428571428,0.742857142857142,
0.757142857142856,0.771428571428571,0.785714285714285,0.799999999999999,
0.814285714285713,0.828571428571428,0.842857142857142,0.857142857142856,
0.87142857142857,0.885714285714284,0.899999999999999,0.914285714285713,
0.928571428571427,0.942857142857141,0.957142857142856,0.97142857142857,
0.985714285714284,1.),(0.,0.5),.UNSPECIFIED.)
GEOMETRIC_REPRESENTATION_ITEM()
RATIONAL_B_SPLINE_SURFACE(((1.,1.),(1.,1.),(1.,1.),(1.,1.),(1.,1.),(1.,
1.),(1.,1.),(1.,1.),(1.,1.),(1.,1.),(1.,1.),(1.,1.),(1.,1.),(1.,1.),(1.,
1.),(1.,1.),(1.,1.),(1.,1.),(1.,1.),(1.,1.),(1.,1.),(1.,1.),(1.,1.),(1.,
1.),(1.,1.),(1.,1.),(1.,1.),(1.,1.),(1.,1.),(1.,1.),(1.,1.),(1.,1.),(1.,
1.),(1.,1.),(1.,1.),(1.,1.),(1.,1.),(1.,1.),(1.,1.),(1.,1.),(1.,1.),(1.,
1.),(1.,1.),(1.,1.),(1.,1.),(1.,1.),(1.,1.),(1.,1.),(1.,1.),(1.,1.),(1.,
1.),(1.,1.),(1.,1.),(1.,1.),(1.,1.),(1.,1.),(1.,1.),(1.,1.),(1.,1.),(1.,
1.),(1.,1.),(1.,1.),(1.,1.),(1.,1.),(1.,1.),(1.,1.),(1.,1.),(1.,1.),(1.,
1.),(1.,1.),(1.,1.),(1.,1.),(1.,1.),(1.,1.),(1.,1.)))
REPRESENTATION_ITEM('')
SURFACE()
);
#53=(
BOUNDED_SURFACE()
B_SPLINE_SURFACE(5,1,((#8686,#8687),(#8688,#8689),(#8690,#8691),(#8692,
#8693),(#8694,#8695),(#8696,#8697),(#8698,#8699),(#8700,#8701),(#8702,#8703),
(#8704,#8705),(#8706,#8707),(#8708,#8709),(#8710,#8711),(#8712,#8713),(#8714,
#8715),(#8716,#8717),(#8718,#8719),(#8720,#8721),(#8722,#8723),(#8724,#8725),
(#8726,#8727),(#8728,#8729),(#8730,#8731),(#8732,#8733),(#8734,#8735),(#8736,
#8737),(#8738,#8739),(#8740,#8741),(#8742,#8743),(#8744,#8745),(#8746,#8747),
(#8748,#8749),(#8750,#8751),(#8752,#8753),(#8754,#8755),(#8756,#8757),(#8758,
#8759),(#8760,#8761),(#8762,#8763),(#8764,#8765),(#8766,#8767),(#8768,#8769),
(#8770,#8771),(#8772,#8773),(#8774,#8775),(#8776,#8777),(#8778,#8779),(#8780,
#8781),(#8782,#8783),(#8784,#8785),(#8786,#8787),(#8788,#8789),(#8790,#8791),
(#8792,#8793),(#8794,#8795),(#8796,#8797),(#8798,#8799),(#8800,#8801),(#8802,
#8803),(#8804,#8805),(#8806,#8807),(#8808,#8809),(#8810,#8811),(#8812,#8813),
(#8814,#8815),(#8816,#8817),(#8818,#8819),(#8820,#8821),(#8822,#8823),(#8824,
#8825),(#8826,#8827),(#8828,#8829),(#8830,#8831),(#8832,#8833),(#8834,#8835)),
 .UNSPECIFIED.,.F.,.F.,.F.)
B_SPLINE_SURFACE_WITH_KNOTS((6,1,1,1,1,1,1,1,1,1,1,1,1,1,1,1,1,1,1,1,1,
1,1,1,1,1,1,1,1,1,1,1,1,1,1,1,1,1,1,1,1,1,1,1,1,1,1,1,1,1,1,1,1,1,1,1,1,
1,1,1,1,1,1,1,1,1,1,1,1,1,6),(2,2),(-1.,-0.985714285714284,-0.97142857142857,
-0.957142857142856,-0.942857142857141,-0.928571428571427,-0.914285714285713,
-0.899999999999999,-0.885714285714284,-0.87142857142857,-0.857142857142856,
-0.842857142857142,-0.828571428571428,-0.814285714285713,-0.799999999999999,
-0.785714285714285,-0.771428571428571,-0.757142857142856,-0.742857142857142,
-0.728571428571428,-0.714285714285714,-0.699999999999999,-0.685714285714285,
-0.671428571428571,-0.657142857142857,-0.642857142857142,-0.628571428571428,
-0.614285714285714,-0.6,-0.585714285714286,-0.571428571428571,-0.557142857142857,
-0.542857142857143,-0.528571428571429,-0.514285714285714,-0.5,-0.485714285714286,
-0.471428571428572,-0.457142857142857,-0.442857142857143,-0.428571428571429,
-0.414285714285714,-0.4,-0.385714285714286,-0.371428571428571,-0.357142857142857,
-0.342857142857143,-0.328571428571429,-0.314285714285714,-0.3,-0.285714285714286,
-0.271428571428571,-0.257142857142857,-0.242857142857143,-0.228571428571429,
-0.214285714285714,-0.2,-0.185714285714286,-0.171428571428571,-0.157142857142857,
-0.142857142857143,-0.128571428571429,-0.114285714285714,-0.1,-0.0857142857142857,
-0.0714285714285714,-0.0571428571428571,-0.0428571428571429,-0.0285714285714286,
-0.0142857142857143,0.),(0.,0.5),.UNSPECIFIED.)
GEOMETRIC_REPRESENTATION_ITEM()
RATIONAL_B_SPLINE_SURFACE(((1.,1.),(1.,1.),(1.,1.),(1.,1.),(1.,1.),(1.,
1.),(1.,1.),(1.,1.),(1.,1.),(1.,1.),(1.,1.),(1.,1.),(1.,1.),(1.,1.),(1.,
1.),(1.,1.),(1.,1.),(1.,1.),(1.,1.),(1.,1.),(1.,1.),(1.,1.),(1.,1.),(1.,
1.),(1.,1.),(1.,1.),(1.,1.),(1.,1.),(1.,1.),(1.,1.),(1.,1.),(1.,1.),(1.,
1.),(1.,1.),(1.,1.),(1.,1.),(1.,1.),(1.,1.),(1.,1.),(1.,1.),(1.,1.),(1.,
1.),(1.,1.),(1.,1.),(1.,1.),(1.,1.),(1.,1.),(1.,1.),(1.,1.),(1.,1.),(1.,
1.),(1.,1.),(1.,1.),(1.,1.),(1.,1.),(1.,1.),(1.,1.),(1.,1.),(1.,1.),(1.,
1.),(1.,1.),(1.,1.),(1.,1.),(1.,1.),(1.,1.),(1.,1.),(1.,1.),(1.,1.),(1.,
1.),(1.,1.),(1.,1.),(1.,1.),(1.,1.),(1.,1.),(1.,1.)))
REPRESENTATION_ITEM('')
SURFACE()
);
#54=(
BOUNDED_SURFACE()
B_SPLINE_SURFACE(5,1,((#8839,#8840),(#8841,#8842),(#8843,#8844),(#8845,
#8846),(#8847,#8848),(#8849,#8850),(#8851,#8852),(#8853,#8854),(#8855,#8856),
(#8857,#8858),(#8859,#8860),(#8861,#8862),(#8863,#8864),(#8865,#8866),(#8867,
#8868),(#8869,#8870),(#8871,#8872),(#8873,#8874),(#8875,#8876),(#8877,#8878),
(#8879,#8880),(#8881,#8882),(#8883,#8884),(#8885,#8886),(#8887,#8888),(#8889,
#8890),(#8891,#8892),(#8893,#8894),(#8895,#8896),(#8897,#8898),(#8899,#8900),
(#8901,#8902),(#8903,#8904),(#8905,#8906),(#8907,#8908),(#8909,#8910),(#8911,
#8912),(#8913,#8914),(#8915,#8916),(#8917,#8918),(#8919,#8920),(#8921,#8922),
(#8923,#8924),(#8925,#8926),(#8927,#8928),(#8929,#8930),(#8931,#8932),(#8933,
#8934),(#8935,#8936),(#8937,#8938),(#8939,#8940),(#8941,#8942),(#8943,#8944),
(#8945,#8946),(#8947,#8948),(#8949,#8950),(#8951,#8952),(#8953,#8954),(#8955,
#8956),(#8957,#8958),(#8959,#8960),(#8961,#8962),(#8963,#8964),(#8965,#8966),
(#8967,#8968),(#8969,#8970),(#8971,#8972),(#8973,#8974),(#8975,#8976),(#8977,
#8978),(#8979,#8980),(#8981,#8982),(#8983,#8984),(#8985,#8986),(#8987,#8988)),
 .UNSPECIFIED.,.F.,.F.,.F.)
B_SPLINE_SURFACE_WITH_KNOTS((6,1,1,1,1,1,1,1,1,1,1,1,1,1,1,1,1,1,1,1,1,
1,1,1,1,1,1,1,1,1,1,1,1,1,1,1,1,1,1,1,1,1,1,1,1,1,1,1,1,1,1,1,1,1,1,1,1,
1,1,1,1,1,1,1,1,1,1,1,1,1,6),(2,2),(0.,0.0142857142857143,0.0285714285714286,
0.0428571428571429,0.0571428571428571,0.0714285714285714,0.0857142857142857,
0.1,0.114285714285714,0.128571428571429,0.142857142857143,0.157142857142857,
0.171428571428571,0.185714285714286,0.2,0.214285714285714,0.228571428571429,
0.242857142857143,0.257142857142857,0.271428571428571,0.285714285714286,
0.3,0.314285714285714,0.328571428571429,0.342857142857143,0.357142857142857,
0.371428571428571,0.385714285714286,0.4,0.414285714285714,0.428571428571429,
0.442857142857143,0.457142857142857,0.471428571428572,0.485714285714286,
0.5,0.514285714285714,0.528571428571429,0.542857142857143,0.557142857142857,
0.571428571428571,0.585714285714286,0.6,0.614285714285714,0.628571428571428,
0.642857142857142,0.657142857142857,0.671428571428571,0.685714285714285,
0.699999999999999,0.714285714285714,0.728571428571428,0.742857142857142,
0.757142857142856,0.771428571428571,0.785714285714285,0.799999999999999,
0.814285714285713,0.828571428571428,0.842857142857142,0.857142857142856,
0.87142857142857,0.885714285714284,0.899999999999999,0.914285714285713,
0.928571428571427,0.942857142857141,0.957142857142856,0.97142857142857,
0.985714285714284,1.),(0.,0.5),.UNSPECIFIED.)
GEOMETRIC_REPRESENTATION_ITEM()
RATIONAL_B_SPLINE_SURFACE(((1.,1.),(1.,1.),(1.,1.),(1.,1.),(1.,1.),(1.,
1.),(1.,1.),(1.,1.),(1.,1.),(1.,1.),(1.,1.),(1.,1.),(1.,1.),(1.,1.),(1.,
1.),(1.,1.),(1.,1.),(1.,1.),(1.,1.),(1.,1.),(1.,1.),(1.,1.),(1.,1.),(1.,
1.),(1.,1.),(1.,1.),(1.,1.),(1.,1.),(1.,1.),(1.,1.),(1.,1.),(1.,1.),(1.,
1.),(1.,1.),(1.,1.),(1.,1.),(1.,1.),(1.,1.),(1.,1.),(1.,1.),(1.,1.),(1.,
1.),(1.,1.),(1.,1.),(1.,1.),(1.,1.),(1.,1.),(1.,1.),(1.,1.),(1.,1.),(1.,
1.),(1.,1.),(1.,1.),(1.,1.),(1.,1.),(1.,1.),(1.,1.),(1.,1.),(1.,1.),(1.,
1.),(1.,1.),(1.,1.),(1.,1.),(1.,1.),(1.,1.),(1.,1.),(1.,1.),(1.,1.),(1.,
1.),(1.,1.),(1.,1.),(1.,1.),(1.,1.),(1.,1.),(1.,1.)))
REPRESENTATION_ITEM('')
SURFACE()
);
#55=(
BOUNDED_SURFACE()
B_SPLINE_SURFACE(5,1,((#9000,#9001),(#9002,#9003),(#9004,#9005),(#9006,
#9007),(#9008,#9009),(#9010,#9011),(#9012,#9013),(#9014,#9015),(#9016,#9017),
(#9018,#9019),(#9020,#9021),(#9022,#9023),(#9024,#9025),(#9026,#9027),(#9028,
#9029),(#9030,#9031),(#9032,#9033),(#9034,#9035),(#9036,#9037),(#9038,#9039),
(#9040,#9041),(#9042,#9043),(#9044,#9045),(#9046,#9047),(#9048,#9049),(#9050,
#9051),(#9052,#9053),(#9054,#9055),(#9056,#9057),(#9058,#9059),(#9060,#9061),
(#9062,#9063),(#9064,#9065),(#9066,#9067),(#9068,#9069),(#9070,#9071),(#9072,
#9073),(#9074,#9075),(#9076,#9077),(#9078,#9079),(#9080,#9081),(#9082,#9083),
(#9084,#9085),(#9086,#9087),(#9088,#9089),(#9090,#9091),(#9092,#9093),(#9094,
#9095),(#9096,#9097),(#9098,#9099),(#9100,#9101),(#9102,#9103),(#9104,#9105),
(#9106,#9107),(#9108,#9109),(#9110,#9111),(#9112,#9113),(#9114,#9115),(#9116,
#9117),(#9118,#9119),(#9120,#9121),(#9122,#9123),(#9124,#9125),(#9126,#9127),
(#9128,#9129),(#9130,#9131),(#9132,#9133),(#9134,#9135),(#9136,#9137),(#9138,
#9139),(#9140,#9141),(#9142,#9143),(#9144,#9145),(#9146,#9147),(#9148,#9149)),
 .UNSPECIFIED.,.F.,.F.,.F.)
B_SPLINE_SURFACE_WITH_KNOTS((6,1,1,1,1,1,1,1,1,1,1,1,1,1,1,1,1,1,1,1,1,
1,1,1,1,1,1,1,1,1,1,1,1,1,1,1,1,1,1,1,1,1,1,1,1,1,1,1,1,1,1,1,1,1,1,1,1,
1,1,1,1,1,1,1,1,1,1,1,1,1,6),(2,2),(-1.,-0.985714285714284,-0.97142857142857,
-0.957142857142856,-0.942857142857141,-0.928571428571427,-0.914285714285713,
-0.899999999999999,-0.885714285714284,-0.87142857142857,-0.857142857142856,
-0.842857142857142,-0.828571428571428,-0.814285714285713,-0.799999999999999,
-0.785714285714285,-0.771428571428571,-0.757142857142856,-0.742857142857142,
-0.728571428571428,-0.714285714285714,-0.699999999999999,-0.685714285714285,
-0.671428571428571,-0.657142857142857,-0.642857142857142,-0.628571428571428,
-0.614285714285714,-0.6,-0.585714285714286,-0.571428571428571,-0.557142857142857,
-0.542857142857143,-0.528571428571429,-0.514285714285714,-0.5,-0.485714285714286,
-0.471428571428572,-0.457142857142857,-0.442857142857143,-0.428571428571429,
-0.414285714285714,-0.4,-0.385714285714286,-0.371428571428571,-0.357142857142857,
-0.342857142857143,-0.328571428571429,-0.314285714285714,-0.3,-0.285714285714286,
-0.271428571428571,-0.257142857142857,-0.242857142857143,-0.228571428571429,
-0.214285714285714,-0.2,-0.185714285714286,-0.171428571428571,-0.157142857142857,
-0.142857142857143,-0.128571428571429,-0.114285714285714,-0.1,-0.0857142857142857,
-0.0714285714285714,-0.0571428571428571,-0.0428571428571429,-0.0285714285714286,
-0.0142857142857143,0.),(0.,0.5),.UNSPECIFIED.)
GEOMETRIC_REPRESENTATION_ITEM()
RATIONAL_B_SPLINE_SURFACE(((1.,1.),(1.,1.),(1.,1.),(1.,1.),(1.,1.),(1.,
1.),(1.,1.),(1.,1.),(1.,1.),(1.,1.),(1.,1.),(1.,1.),(1.,1.),(1.,1.),(1.,
1.),(1.,1.),(1.,1.),(1.,1.),(1.,1.),(1.,1.),(1.,1.),(1.,1.),(1.,1.),(1.,
1.),(1.,1.),(1.,1.),(1.,1.),(1.,1.),(1.,1.),(1.,1.),(1.,1.),(1.,1.),(1.,
1.),(1.,1.),(1.,1.),(1.,1.),(1.,1.),(1.,1.),(1.,1.),(1.,1.),(1.,1.),(1.,
1.),(1.,1.),(1.,1.),(1.,1.),(1.,1.),(1.,1.),(1.,1.),(1.,1.),(1.,1.),(1.,
1.),(1.,1.),(1.,1.),(1.,1.),(1.,1.),(1.,1.),(1.,1.),(1.,1.),(1.,1.),(1.,
1.),(1.,1.),(1.,1.),(1.,1.),(1.,1.),(1.,1.),(1.,1.),(1.,1.),(1.,1.),(1.,
1.),(1.,1.),(1.,1.),(1.,1.),(1.,1.),(1.,1.),(1.,1.)))
REPRESENTATION_ITEM('')
SURFACE()
);
#56=(
BOUNDED_SURFACE()
B_SPLINE_SURFACE(5,1,((#9153,#9154),(#9155,#9156),(#9157,#9158),(#9159,
#9160),(#9161,#9162),(#9163,#9164),(#9165,#9166),(#9167,#9168),(#9169,#9170),
(#9171,#9172),(#9173,#9174),(#9175,#9176),(#9177,#9178),(#9179,#9180),(#9181,
#9182),(#9183,#9184),(#9185,#9186),(#9187,#9188),(#9189,#9190),(#9191,#9192),
(#9193,#9194),(#9195,#9196),(#9197,#9198),(#9199,#9200),(#9201,#9202),(#9203,
#9204),(#9205,#9206),(#9207,#9208),(#9209,#9210),(#9211,#9212),(#9213,#9214),
(#9215,#9216),(#9217,#9218),(#9219,#9220),(#9221,#9222),(#9223,#9224),(#9225,
#9226),(#9227,#9228),(#9229,#9230),(#9231,#9232),(#9233,#9234),(#9235,#9236),
(#9237,#9238),(#9239,#9240),(#9241,#9242),(#9243,#9244),(#9245,#9246),(#9247,
#9248),(#9249,#9250),(#9251,#9252),(#9253,#9254),(#9255,#9256),(#9257,#9258),
(#9259,#9260),(#9261,#9262),(#9263,#9264),(#9265,#9266),(#9267,#9268),(#9269,
#9270),(#9271,#9272),(#9273,#9274),(#9275,#9276),(#9277,#9278),(#9279,#9280),
(#9281,#9282),(#9283,#9284),(#9285,#9286),(#9287,#9288),(#9289,#9290),(#9291,
#9292),(#9293,#9294),(#9295,#9296),(#9297,#9298),(#9299,#9300),(#9301,#9302)),
 .UNSPECIFIED.,.F.,.F.,.F.)
B_SPLINE_SURFACE_WITH_KNOTS((6,1,1,1,1,1,1,1,1,1,1,1,1,1,1,1,1,1,1,1,1,
1,1,1,1,1,1,1,1,1,1,1,1,1,1,1,1,1,1,1,1,1,1,1,1,1,1,1,1,1,1,1,1,1,1,1,1,
1,1,1,1,1,1,1,1,1,1,1,1,1,6),(2,2),(0.,0.0142857142857143,0.0285714285714286,
0.0428571428571429,0.0571428571428571,0.0714285714285714,0.0857142857142857,
0.1,0.114285714285714,0.128571428571429,0.142857142857143,0.157142857142857,
0.171428571428571,0.185714285714286,0.2,0.214285714285714,0.228571428571429,
0.242857142857143,0.257142857142857,0.271428571428571,0.285714285714286,
0.3,0.314285714285714,0.328571428571429,0.342857142857143,0.357142857142857,
0.371428571428571,0.385714285714286,0.4,0.414285714285714,0.428571428571429,
0.442857142857143,0.457142857142857,0.471428571428572,0.485714285714286,
0.5,0.514285714285714,0.528571428571429,0.542857142857143,0.557142857142857,
0.571428571428571,0.585714285714286,0.6,0.614285714285714,0.628571428571428,
0.642857142857142,0.657142857142857,0.671428571428571,0.685714285714285,
0.699999999999999,0.714285714285714,0.728571428571428,0.742857142857142,
0.757142857142856,0.771428571428571,0.785714285714285,0.799999999999999,
0.814285714285713,0.828571428571428,0.842857142857142,0.857142857142856,
0.87142857142857,0.885714285714284,0.899999999999999,0.914285714285713,
0.928571428571427,0.942857142857141,0.957142857142856,0.97142857142857,
0.985714285714284,1.),(0.,0.5),.UNSPECIFIED.)
GEOMETRIC_REPRESENTATION_ITEM()
RATIONAL_B_SPLINE_SURFACE(((1.,1.),(1.,1.),(1.,1.),(1.,1.),(1.,1.),(1.,
1.),(1.,1.),(1.,1.),(1.,1.),(1.,1.),(1.,1.),(1.,1.),(1.,1.),(1.,1.),(1.,
1.),(1.,1.),(1.,1.),(1.,1.),(1.,1.),(1.,1.),(1.,1.),(1.,1.),(1.,1.),(1.,
1.),(1.,1.),(1.,1.),(1.,1.),(1.,1.),(1.,1.),(1.,1.),(1.,1.),(1.,1.),(1.,
1.),(1.,1.),(1.,1.),(1.,1.),(1.,1.),(1.,1.),(1.,1.),(1.,1.),(1.,1.),(1.,
1.),(1.,1.),(1.,1.),(1.,1.),(1.,1.),(1.,1.),(1.,1.),(1.,1.),(1.,1.),(1.,
1.),(1.,1.),(1.,1.),(1.,1.),(1.,1.),(1.,1.),(1.,1.),(1.,1.),(1.,1.),(1.,
1.),(1.,1.),(1.,1.),(1.,1.),(1.,1.),(1.,1.),(1.,1.),(1.,1.),(1.,1.),(1.,
1.),(1.,1.),(1.,1.),(1.,1.),(1.,1.),(1.,1.),(1.,1.)))
REPRESENTATION_ITEM('')
SURFACE()
);
#57=(
BOUNDED_SURFACE()
B_SPLINE_SURFACE(5,1,((#9314,#9315),(#9316,#9317),(#9318,#9319),(#9320,
#9321),(#9322,#9323),(#9324,#9325),(#9326,#9327),(#9328,#9329),(#9330,#9331),
(#9332,#9333),(#9334,#9335),(#9336,#9337),(#9338,#9339),(#9340,#9341),(#9342,
#9343),(#9344,#9345),(#9346,#9347),(#9348,#9349),(#9350,#9351),(#9352,#9353),
(#9354,#9355),(#9356,#9357),(#9358,#9359),(#9360,#9361),(#9362,#9363),(#9364,
#9365),(#9366,#9367),(#9368,#9369),(#9370,#9371),(#9372,#9373),(#9374,#9375),
(#9376,#9377),(#9378,#9379),(#9380,#9381),(#9382,#9383),(#9384,#9385),(#9386,
#9387),(#9388,#9389),(#9390,#9391),(#9392,#9393),(#9394,#9395),(#9396,#9397),
(#9398,#9399),(#9400,#9401),(#9402,#9403),(#9404,#9405),(#9406,#9407),(#9408,
#9409),(#9410,#9411),(#9412,#9413),(#9414,#9415),(#9416,#9417),(#9418,#9419),
(#9420,#9421),(#9422,#9423),(#9424,#9425),(#9426,#9427),(#9428,#9429),(#9430,
#9431),(#9432,#9433),(#9434,#9435),(#9436,#9437),(#9438,#9439),(#9440,#9441),
(#9442,#9443),(#9444,#9445),(#9446,#9447),(#9448,#9449),(#9450,#9451),(#9452,
#9453),(#9454,#9455),(#9456,#9457),(#9458,#9459),(#9460,#9461),(#9462,#9463)),
 .UNSPECIFIED.,.F.,.F.,.F.)
B_SPLINE_SURFACE_WITH_KNOTS((6,1,1,1,1,1,1,1,1,1,1,1,1,1,1,1,1,1,1,1,1,
1,1,1,1,1,1,1,1,1,1,1,1,1,1,1,1,1,1,1,1,1,1,1,1,1,1,1,1,1,1,1,1,1,1,1,1,
1,1,1,1,1,1,1,1,1,1,1,1,1,6),(2,2),(-1.,-0.985714285714284,-0.97142857142857,
-0.957142857142856,-0.942857142857141,-0.928571428571427,-0.914285714285713,
-0.899999999999999,-0.885714285714284,-0.87142857142857,-0.857142857142856,
-0.842857142857142,-0.828571428571428,-0.814285714285713,-0.799999999999999,
-0.785714285714285,-0.771428571428571,-0.757142857142856,-0.742857142857142,
-0.728571428571428,-0.714285714285714,-0.699999999999999,-0.685714285714285,
-0.671428571428571,-0.657142857142857,-0.642857142857142,-0.628571428571428,
-0.614285714285714,-0.6,-0.585714285714286,-0.571428571428571,-0.557142857142857,
-0.542857142857143,-0.528571428571429,-0.514285714285714,-0.5,-0.485714285714286,
-0.471428571428572,-0.457142857142857,-0.442857142857143,-0.428571428571429,
-0.414285714285714,-0.4,-0.385714285714286,-0.371428571428571,-0.357142857142857,
-0.342857142857143,-0.328571428571429,-0.314285714285714,-0.3,-0.285714285714286,
-0.271428571428571,-0.257142857142857,-0.242857142857143,-0.228571428571429,
-0.214285714285714,-0.2,-0.185714285714286,-0.171428571428571,-0.157142857142857,
-0.142857142857143,-0.128571428571429,-0.114285714285714,-0.1,-0.0857142857142857,
-0.0714285714285714,-0.0571428571428571,-0.0428571428571429,-0.0285714285714286,
-0.0142857142857143,0.),(0.,0.5),.UNSPECIFIED.)
GEOMETRIC_REPRESENTATION_ITEM()
RATIONAL_B_SPLINE_SURFACE(((1.,1.),(1.,1.),(1.,1.),(1.,1.),(1.,1.),(1.,
1.),(1.,1.),(1.,1.),(1.,1.),(1.,1.),(1.,1.),(1.,1.),(1.,1.),(1.,1.),(1.,
1.),(1.,1.),(1.,1.),(1.,1.),(1.,1.),(1.,1.),(1.,1.),(1.,1.),(1.,1.),(1.,
1.),(1.,1.),(1.,1.),(1.,1.),(1.,1.),(1.,1.),(1.,1.),(1.,1.),(1.,1.),(1.,
1.),(1.,1.),(1.,1.),(1.,1.),(1.,1.),(1.,1.),(1.,1.),(1.,1.),(1.,1.),(1.,
1.),(1.,1.),(1.,1.),(1.,1.),(1.,1.),(1.,1.),(1.,1.),(1.,1.),(1.,1.),(1.,
1.),(1.,1.),(1.,1.),(1.,1.),(1.,1.),(1.,1.),(1.,1.),(1.,1.),(1.,1.),(1.,
1.),(1.,1.),(1.,1.),(1.,1.),(1.,1.),(1.,1.),(1.,1.),(1.,1.),(1.,1.),(1.,
1.),(1.,1.),(1.,1.),(1.,1.),(1.,1.),(1.,1.),(1.,1.)))
REPRESENTATION_ITEM('')
SURFACE()
);
#58=(
BOUNDED_SURFACE()
B_SPLINE_SURFACE(5,1,((#9467,#9468),(#9469,#9470),(#9471,#9472),(#9473,
#9474),(#9475,#9476),(#9477,#9478),(#9479,#9480),(#9481,#9482),(#9483,#9484),
(#9485,#9486),(#9487,#9488),(#9489,#9490),(#9491,#9492),(#9493,#9494),(#9495,
#9496),(#9497,#9498),(#9499,#9500),(#9501,#9502),(#9503,#9504),(#9505,#9506),
(#9507,#9508),(#9509,#9510),(#9511,#9512),(#9513,#9514),(#9515,#9516),(#9517,
#9518),(#9519,#9520),(#9521,#9522),(#9523,#9524),(#9525,#9526),(#9527,#9528),
(#9529,#9530),(#9531,#9532),(#9533,#9534),(#9535,#9536),(#9537,#9538),(#9539,
#9540),(#9541,#9542),(#9543,#9544),(#9545,#9546),(#9547,#9548),(#9549,#9550),
(#9551,#9552),(#9553,#9554),(#9555,#9556),(#9557,#9558),(#9559,#9560),(#9561,
#9562),(#9563,#9564),(#9565,#9566),(#9567,#9568),(#9569,#9570),(#9571,#9572),
(#9573,#9574),(#9575,#9576),(#9577,#9578),(#9579,#9580),(#9581,#9582),(#9583,
#9584),(#9585,#9586),(#9587,#9588),(#9589,#9590),(#9591,#9592),(#9593,#9594),
(#9595,#9596),(#9597,#9598),(#9599,#9600),(#9601,#9602),(#9603,#9604),(#9605,
#9606),(#9607,#9608),(#9609,#9610),(#9611,#9612),(#9613,#9614),(#9615,#9616)),
 .UNSPECIFIED.,.F.,.F.,.F.)
B_SPLINE_SURFACE_WITH_KNOTS((6,1,1,1,1,1,1,1,1,1,1,1,1,1,1,1,1,1,1,1,1,
1,1,1,1,1,1,1,1,1,1,1,1,1,1,1,1,1,1,1,1,1,1,1,1,1,1,1,1,1,1,1,1,1,1,1,1,
1,1,1,1,1,1,1,1,1,1,1,1,1,6),(2,2),(0.,0.0142857142857143,0.0285714285714286,
0.0428571428571429,0.0571428571428571,0.0714285714285714,0.0857142857142857,
0.1,0.114285714285714,0.128571428571429,0.142857142857143,0.157142857142857,
0.171428571428571,0.185714285714286,0.2,0.214285714285714,0.228571428571429,
0.242857142857143,0.257142857142857,0.271428571428571,0.285714285714286,
0.3,0.314285714285714,0.328571428571429,0.342857142857143,0.357142857142857,
0.371428571428571,0.385714285714286,0.4,0.414285714285714,0.428571428571429,
0.442857142857143,0.457142857142857,0.471428571428572,0.485714285714286,
0.5,0.514285714285714,0.528571428571429,0.542857142857143,0.557142857142857,
0.571428571428571,0.585714285714286,0.6,0.614285714285714,0.628571428571428,
0.642857142857142,0.657142857142857,0.671428571428571,0.685714285714285,
0.699999999999999,0.714285714285714,0.728571428571428,0.742857142857142,
0.757142857142856,0.771428571428571,0.785714285714285,0.799999999999999,
0.814285714285713,0.828571428571428,0.842857142857142,0.857142857142856,
0.87142857142857,0.885714285714284,0.899999999999999,0.914285714285713,
0.928571428571427,0.942857142857141,0.957142857142856,0.97142857142857,
0.985714285714284,1.),(0.,0.5),.UNSPECIFIED.)
GEOMETRIC_REPRESENTATION_ITEM()
RATIONAL_B_SPLINE_SURFACE(((1.,1.),(1.,1.),(1.,1.),(1.,1.),(1.,1.),(1.,
1.),(1.,1.),(1.,1.),(1.,1.),(1.,1.),(1.,1.),(1.,1.),(1.,1.),(1.,1.),(1.,
1.),(1.,1.),(1.,1.),(1.,1.),(1.,1.),(1.,1.),(1.,1.),(1.,1.),(1.,1.),(1.,
1.),(1.,1.),(1.,1.),(1.,1.),(1.,1.),(1.,1.),(1.,1.),(1.,1.),(1.,1.),(1.,
1.),(1.,1.),(1.,1.),(1.,1.),(1.,1.),(1.,1.),(1.,1.),(1.,1.),(1.,1.),(1.,
1.),(1.,1.),(1.,1.),(1.,1.),(1.,1.),(1.,1.),(1.,1.),(1.,1.),(1.,1.),(1.,
1.),(1.,1.),(1.,1.),(1.,1.),(1.,1.),(1.,1.),(1.,1.),(1.,1.),(1.,1.),(1.,
1.),(1.,1.),(1.,1.),(1.,1.),(1.,1.),(1.,1.),(1.,1.),(1.,1.),(1.,1.),(1.,
1.),(1.,1.),(1.,1.),(1.,1.),(1.,1.),(1.,1.),(1.,1.)))
REPRESENTATION_ITEM('')
SURFACE()
);
#59=(
BOUNDED_SURFACE()
B_SPLINE_SURFACE(5,1,((#9628,#9629),(#9630,#9631),(#9632,#9633),(#9634,
#9635),(#9636,#9637),(#9638,#9639),(#9640,#9641),(#9642,#9643),(#9644,#9645),
(#9646,#9647),(#9648,#9649),(#9650,#9651),(#9652,#9653),(#9654,#9655),(#9656,
#9657),(#9658,#9659),(#9660,#9661),(#9662,#9663),(#9664,#9665),(#9666,#9667),
(#9668,#9669),(#9670,#9671),(#9672,#9673),(#9674,#9675),(#9676,#9677),(#9678,
#9679),(#9680,#9681),(#9682,#9683),(#9684,#9685),(#9686,#9687),(#9688,#9689),
(#9690,#9691),(#9692,#9693),(#9694,#9695),(#9696,#9697),(#9698,#9699),(#9700,
#9701),(#9702,#9703),(#9704,#9705),(#9706,#9707),(#9708,#9709),(#9710,#9711),
(#9712,#9713),(#9714,#9715),(#9716,#9717),(#9718,#9719),(#9720,#9721),(#9722,
#9723),(#9724,#9725),(#9726,#9727),(#9728,#9729),(#9730,#9731),(#9732,#9733),
(#9734,#9735),(#9736,#9737),(#9738,#9739),(#9740,#9741),(#9742,#9743),(#9744,
#9745),(#9746,#9747),(#9748,#9749),(#9750,#9751),(#9752,#9753),(#9754,#9755),
(#9756,#9757),(#9758,#9759),(#9760,#9761),(#9762,#9763),(#9764,#9765),(#9766,
#9767),(#9768,#9769),(#9770,#9771),(#9772,#9773),(#9774,#9775),(#9776,#9777)),
 .UNSPECIFIED.,.F.,.F.,.F.)
B_SPLINE_SURFACE_WITH_KNOTS((6,1,1,1,1,1,1,1,1,1,1,1,1,1,1,1,1,1,1,1,1,
1,1,1,1,1,1,1,1,1,1,1,1,1,1,1,1,1,1,1,1,1,1,1,1,1,1,1,1,1,1,1,1,1,1,1,1,
1,1,1,1,1,1,1,1,1,1,1,1,1,6),(2,2),(-1.,-0.985714285714284,-0.97142857142857,
-0.957142857142856,-0.942857142857141,-0.928571428571427,-0.914285714285713,
-0.899999999999999,-0.885714285714284,-0.87142857142857,-0.857142857142856,
-0.842857142857142,-0.828571428571428,-0.814285714285713,-0.799999999999999,
-0.785714285714285,-0.771428571428571,-0.757142857142856,-0.742857142857142,
-0.728571428571428,-0.714285714285714,-0.699999999999999,-0.685714285714285,
-0.671428571428571,-0.657142857142857,-0.642857142857142,-0.628571428571428,
-0.614285714285714,-0.6,-0.585714285714286,-0.571428571428571,-0.557142857142857,
-0.542857142857143,-0.528571428571429,-0.514285714285714,-0.5,-0.485714285714286,
-0.471428571428572,-0.457142857142857,-0.442857142857143,-0.428571428571429,
-0.414285714285714,-0.4,-0.385714285714286,-0.371428571428571,-0.357142857142857,
-0.342857142857143,-0.328571428571429,-0.314285714285714,-0.3,-0.285714285714286,
-0.271428571428571,-0.257142857142857,-0.242857142857143,-0.228571428571429,
-0.214285714285714,-0.2,-0.185714285714286,-0.171428571428571,-0.157142857142857,
-0.142857142857143,-0.128571428571429,-0.114285714285714,-0.1,-0.0857142857142857,
-0.0714285714285714,-0.0571428571428571,-0.0428571428571429,-0.0285714285714286,
-0.0142857142857143,0.),(0.,0.5),.UNSPECIFIED.)
GEOMETRIC_REPRESENTATION_ITEM()
RATIONAL_B_SPLINE_SURFACE(((1.,1.),(1.,1.),(1.,1.),(1.,1.),(1.,1.),(1.,
1.),(1.,1.),(1.,1.),(1.,1.),(1.,1.),(1.,1.),(1.,1.),(1.,1.),(1.,1.),(1.,
1.),(1.,1.),(1.,1.),(1.,1.),(1.,1.),(1.,1.),(1.,1.),(1.,1.),(1.,1.),(1.,
1.),(1.,1.),(1.,1.),(1.,1.),(1.,1.),(1.,1.),(1.,1.),(1.,1.),(1.,1.),(1.,
1.),(1.,1.),(1.,1.),(1.,1.),(1.,1.),(1.,1.),(1.,1.),(1.,1.),(1.,1.),(1.,
1.),(1.,1.),(1.,1.),(1.,1.),(1.,1.),(1.,1.),(1.,1.),(1.,1.),(1.,1.),(1.,
1.),(1.,1.),(1.,1.),(1.,1.),(1.,1.),(1.,1.),(1.,1.),(1.,1.),(1.,1.),(1.,
1.),(1.,1.),(1.,1.),(1.,1.),(1.,1.),(1.,1.),(1.,1.),(1.,1.),(1.,1.),(1.,
1.),(1.,1.),(1.,1.),(1.,1.),(1.,1.),(1.,1.),(1.,1.)))
REPRESENTATION_ITEM('')
SURFACE()
);
#60=(
BOUNDED_SURFACE()
B_SPLINE_SURFACE(5,1,((#9781,#9782),(#9783,#9784),(#9785,#9786),(#9787,
#9788),(#9789,#9790),(#9791,#9792),(#9793,#9794),(#9795,#9796),(#9797,#9798),
(#9799,#9800),(#9801,#9802),(#9803,#9804),(#9805,#9806),(#9807,#9808),(#9809,
#9810),(#9811,#9812),(#9813,#9814),(#9815,#9816),(#9817,#9818),(#9819,#9820),
(#9821,#9822),(#9823,#9824),(#9825,#9826),(#9827,#9828),(#9829,#9830),(#9831,
#9832),(#9833,#9834),(#9835,#9836),(#9837,#9838),(#9839,#9840),(#9841,#9842),
(#9843,#9844),(#9845,#9846),(#9847,#9848),(#9849,#9850),(#9851,#9852),(#9853,
#9854),(#9855,#9856),(#9857,#9858),(#9859,#9860),(#9861,#9862),(#9863,#9864),
(#9865,#9866),(#9867,#9868),(#9869,#9870),(#9871,#9872),(#9873,#9874),(#9875,
#9876),(#9877,#9878),(#9879,#9880),(#9881,#9882),(#9883,#9884),(#9885,#9886),
(#9887,#9888),(#9889,#9890),(#9891,#9892),(#9893,#9894),(#9895,#9896),(#9897,
#9898),(#9899,#9900),(#9901,#9902),(#9903,#9904),(#9905,#9906),(#9907,#9908),
(#9909,#9910),(#9911,#9912),(#9913,#9914),(#9915,#9916),(#9917,#9918),(#9919,
#9920),(#9921,#9922),(#9923,#9924),(#9925,#9926),(#9927,#9928),(#9929,#9930)),
 .UNSPECIFIED.,.F.,.F.,.F.)
B_SPLINE_SURFACE_WITH_KNOTS((6,1,1,1,1,1,1,1,1,1,1,1,1,1,1,1,1,1,1,1,1,
1,1,1,1,1,1,1,1,1,1,1,1,1,1,1,1,1,1,1,1,1,1,1,1,1,1,1,1,1,1,1,1,1,1,1,1,
1,1,1,1,1,1,1,1,1,1,1,1,1,6),(2,2),(0.,0.0142857142857143,0.0285714285714286,
0.0428571428571429,0.0571428571428571,0.0714285714285714,0.0857142857142857,
0.1,0.114285714285714,0.128571428571429,0.142857142857143,0.157142857142857,
0.171428571428571,0.185714285714286,0.2,0.214285714285714,0.228571428571429,
0.242857142857143,0.257142857142857,0.271428571428571,0.285714285714286,
0.3,0.314285714285714,0.328571428571429,0.342857142857143,0.357142857142857,
0.371428571428571,0.385714285714286,0.4,0.414285714285714,0.428571428571429,
0.442857142857143,0.457142857142857,0.471428571428572,0.485714285714286,
0.5,0.514285714285714,0.528571428571429,0.542857142857143,0.557142857142857,
0.571428571428571,0.585714285714286,0.6,0.614285714285714,0.628571428571428,
0.642857142857142,0.657142857142857,0.671428571428571,0.685714285714285,
0.699999999999999,0.714285714285714,0.728571428571428,0.742857142857142,
0.757142857142856,0.771428571428571,0.785714285714285,0.799999999999999,
0.814285714285713,0.828571428571428,0.842857142857142,0.857142857142856,
0.87142857142857,0.885714285714284,0.899999999999999,0.914285714285713,
0.928571428571427,0.942857142857141,0.957142857142856,0.97142857142857,
0.985714285714284,1.),(0.,0.5),.UNSPECIFIED.)
GEOMETRIC_REPRESENTATION_ITEM()
RATIONAL_B_SPLINE_SURFACE(((1.,1.),(1.,1.),(1.,1.),(1.,1.),(1.,1.),(1.,
1.),(1.,1.),(1.,1.),(1.,1.),(1.,1.),(1.,1.),(1.,1.),(1.,1.),(1.,1.),(1.,
1.),(1.,1.),(1.,1.),(1.,1.),(1.,1.),(1.,1.),(1.,1.),(1.,1.),(1.,1.),(1.,
1.),(1.,1.),(1.,1.),(1.,1.),(1.,1.),(1.,1.),(1.,1.),(1.,1.),(1.,1.),(1.,
1.),(1.,1.),(1.,1.),(1.,1.),(1.,1.),(1.,1.),(1.,1.),(1.,1.),(1.,1.),(1.,
1.),(1.,1.),(1.,1.),(1.,1.),(1.,1.),(1.,1.),(1.,1.),(1.,1.),(1.,1.),(1.,
1.),(1.,1.),(1.,1.),(1.,1.),(1.,1.),(1.,1.),(1.,1.),(1.,1.),(1.,1.),(1.,
1.),(1.,1.),(1.,1.),(1.,1.),(1.,1.),(1.,1.),(1.,1.),(1.,1.),(1.,1.),(1.,
1.),(1.,1.),(1.,1.),(1.,1.),(1.,1.),(1.,1.),(1.,1.)))
REPRESENTATION_ITEM('')
SURFACE()
);
#61=(
BOUNDED_SURFACE()
B_SPLINE_SURFACE(5,1,((#9941,#9942),(#9943,#9944),(#9945,#9946),(#9947,
#9948),(#9949,#9950),(#9951,#9952),(#9953,#9954),(#9955,#9956),(#9957,#9958),
(#9959,#9960),(#9961,#9962),(#9963,#9964),(#9965,#9966),(#9967,#9968),(#9969,
#9970),(#9971,#9972),(#9973,#9974),(#9975,#9976),(#9977,#9978),(#9979,#9980),
(#9981,#9982),(#9983,#9984),(#9985,#9986),(#9987,#9988),(#9989,#9990),(#9991,
#9992),(#9993,#9994),(#9995,#9996),(#9997,#9998),(#9999,#10000),(#10001,
#10002),(#10003,#10004),(#10005,#10006),(#10007,#10008),(#10009,#10010),
(#10011,#10012),(#10013,#10014),(#10015,#10016),(#10017,#10018),(#10019,
#10020),(#10021,#10022),(#10023,#10024),(#10025,#10026),(#10027,#10028),
(#10029,#10030),(#10031,#10032),(#10033,#10034),(#10035,#10036),(#10037,
#10038),(#10039,#10040),(#10041,#10042),(#10043,#10044),(#10045,#10046),
(#10047,#10048),(#10049,#10050),(#10051,#10052),(#10053,#10054),(#10055,
#10056),(#10057,#10058),(#10059,#10060),(#10061,#10062),(#10063,#10064),
(#10065,#10066),(#10067,#10068),(#10069,#10070),(#10071,#10072),(#10073,
#10074),(#10075,#10076),(#10077,#10078),(#10079,#10080),(#10081,#10082),
(#10083,#10084),(#10085,#10086),(#10087,#10088),(#10089,#10090)),
 .UNSPECIFIED.,.F.,.F.,.F.)
B_SPLINE_SURFACE_WITH_KNOTS((6,1,1,1,1,1,1,1,1,1,1,1,1,1,1,1,1,1,1,1,1,
1,1,1,1,1,1,1,1,1,1,1,1,1,1,1,1,1,1,1,1,1,1,1,1,1,1,1,1,1,1,1,1,1,1,1,1,
1,1,1,1,1,1,1,1,1,1,1,1,1,6),(2,2),(-1.,-0.985714285714284,-0.97142857142857,
-0.957142857142856,-0.942857142857141,-0.928571428571427,-0.914285714285713,
-0.899999999999999,-0.885714285714284,-0.87142857142857,-0.857142857142856,
-0.842857142857142,-0.828571428571428,-0.814285714285713,-0.799999999999999,
-0.785714285714285,-0.771428571428571,-0.757142857142856,-0.742857142857142,
-0.728571428571428,-0.714285714285714,-0.699999999999999,-0.685714285714285,
-0.671428571428571,-0.657142857142857,-0.642857142857142,-0.628571428571428,
-0.614285714285714,-0.6,-0.585714285714286,-0.571428571428571,-0.557142857142857,
-0.542857142857143,-0.528571428571429,-0.514285714285714,-0.5,-0.485714285714286,
-0.471428571428572,-0.457142857142857,-0.442857142857143,-0.428571428571429,
-0.414285714285714,-0.4,-0.385714285714286,-0.371428571428571,-0.357142857142857,
-0.342857142857143,-0.328571428571429,-0.314285714285714,-0.3,-0.285714285714286,
-0.271428571428571,-0.257142857142857,-0.242857142857143,-0.228571428571429,
-0.214285714285714,-0.2,-0.185714285714286,-0.171428571428571,-0.157142857142857,
-0.142857142857143,-0.128571428571429,-0.114285714285714,-0.1,-0.0857142857142857,
-0.0714285714285714,-0.0571428571428571,-0.0428571428571429,-0.0285714285714286,
-0.0142857142857143,0.),(0.,0.5),.UNSPECIFIED.)
GEOMETRIC_REPRESENTATION_ITEM()
RATIONAL_B_SPLINE_SURFACE(((1.,1.),(1.,1.),(1.,1.),(1.,1.),(1.,1.),(1.,
1.),(1.,1.),(1.,1.),(1.,1.),(1.,1.),(1.,1.),(1.,1.),(1.,1.),(1.,1.),(1.,
1.),(1.,1.),(1.,1.),(1.,1.),(1.,1.),(1.,1.),(1.,1.),(1.,1.),(1.,1.),(1.,
1.),(1.,1.),(1.,1.),(1.,1.),(1.,1.),(1.,1.),(1.,1.),(1.,1.),(1.,1.),(1.,
1.),(1.,1.),(1.,1.),(1.,1.),(1.,1.),(1.,1.),(1.,1.),(1.,1.),(1.,1.),(1.,
1.),(1.,1.),(1.,1.),(1.,1.),(1.,1.),(1.,1.),(1.,1.),(1.,1.),(1.,1.),(1.,
1.),(1.,1.),(1.,1.),(1.,1.),(1.,1.),(1.,1.),(1.,1.),(1.,1.),(1.,1.),(1.,
1.),(1.,1.),(1.,1.),(1.,1.),(1.,1.),(1.,1.),(1.,1.),(1.,1.),(1.,1.),(1.,
1.),(1.,1.),(1.,1.),(1.,1.),(1.,1.),(1.,1.),(1.,1.)))
REPRESENTATION_ITEM('')
SURFACE()
);
#62=(
BOUNDED_SURFACE()
B_SPLINE_SURFACE(5,1,((#10094,#10095),(#10096,#10097),(#10098,#10099),(#10100,
#10101),(#10102,#10103),(#10104,#10105),(#10106,#10107),(#10108,#10109),
(#10110,#10111),(#10112,#10113),(#10114,#10115),(#10116,#10117),(#10118,
#10119),(#10120,#10121),(#10122,#10123),(#10124,#10125),(#10126,#10127),
(#10128,#10129),(#10130,#10131),(#10132,#10133),(#10134,#10135),(#10136,
#10137),(#10138,#10139),(#10140,#10141),(#10142,#10143),(#10144,#10145),
(#10146,#10147),(#10148,#10149),(#10150,#10151),(#10152,#10153),(#10154,
#10155),(#10156,#10157),(#10158,#10159),(#10160,#10161),(#10162,#10163),
(#10164,#10165),(#10166,#10167),(#10168,#10169),(#10170,#10171),(#10172,
#10173),(#10174,#10175),(#10176,#10177),(#10178,#10179),(#10180,#10181),
(#10182,#10183),(#10184,#10185),(#10186,#10187),(#10188,#10189),(#10190,
#10191),(#10192,#10193),(#10194,#10195),(#10196,#10197),(#10198,#10199),
(#10200,#10201),(#10202,#10203),(#10204,#10205),(#10206,#10207),(#10208,
#10209),(#10210,#10211),(#10212,#10213),(#10214,#10215),(#10216,#10217),
(#10218,#10219),(#10220,#10221),(#10222,#10223),(#10224,#10225),(#10226,
#10227),(#10228,#10229),(#10230,#10231),(#10232,#10233),(#10234,#10235),
(#10236,#10237),(#10238,#10239),(#10240,#10241),(#10242,#10243)),
 .UNSPECIFIED.,.F.,.F.,.F.)
B_SPLINE_SURFACE_WITH_KNOTS((6,1,1,1,1,1,1,1,1,1,1,1,1,1,1,1,1,1,1,1,1,
1,1,1,1,1,1,1,1,1,1,1,1,1,1,1,1,1,1,1,1,1,1,1,1,1,1,1,1,1,1,1,1,1,1,1,1,
1,1,1,1,1,1,1,1,1,1,1,1,1,6),(2,2),(0.,0.0142857142857143,0.0285714285714286,
0.0428571428571429,0.0571428571428571,0.0714285714285714,0.0857142857142857,
0.1,0.114285714285714,0.128571428571429,0.142857142857143,0.157142857142857,
0.171428571428571,0.185714285714286,0.2,0.214285714285714,0.228571428571429,
0.242857142857143,0.257142857142857,0.271428571428571,0.285714285714286,
0.3,0.314285714285714,0.328571428571429,0.342857142857143,0.357142857142857,
0.371428571428571,0.385714285714286,0.4,0.414285714285714,0.428571428571429,
0.442857142857143,0.457142857142857,0.471428571428572,0.485714285714286,
0.5,0.514285714285714,0.528571428571429,0.542857142857143,0.557142857142857,
0.571428571428571,0.585714285714286,0.6,0.614285714285714,0.628571428571428,
0.642857142857142,0.657142857142857,0.671428571428571,0.685714285714285,
0.699999999999999,0.714285714285714,0.728571428571428,0.742857142857142,
0.757142857142856,0.771428571428571,0.785714285714285,0.799999999999999,
0.814285714285713,0.828571428571428,0.842857142857142,0.857142857142856,
0.87142857142857,0.885714285714284,0.899999999999999,0.914285714285713,
0.928571428571427,0.942857142857141,0.957142857142856,0.97142857142857,
0.985714285714284,1.),(0.,0.5),.UNSPECIFIED.)
GEOMETRIC_REPRESENTATION_ITEM()
RATIONAL_B_SPLINE_SURFACE(((1.,1.),(1.,1.),(1.,1.),(1.,1.),(1.,1.),(1.,
1.),(1.,1.),(1.,1.),(1.,1.),(1.,1.),(1.,1.),(1.,1.),(1.,1.),(1.,1.),(1.,
1.),(1.,1.),(1.,1.),(1.,1.),(1.,1.),(1.,1.),(1.,1.),(1.,1.),(1.,1.),(1.,
1.),(1.,1.),(1.,1.),(1.,1.),(1.,1.),(1.,1.),(1.,1.),(1.,1.),(1.,1.),(1.,
1.),(1.,1.),(1.,1.),(1.,1.),(1.,1.),(1.,1.),(1.,1.),(1.,1.),(1.,1.),(1.,
1.),(1.,1.),(1.,1.),(1.,1.),(1.,1.),(1.,1.),(1.,1.),(1.,1.),(1.,1.),(1.,
1.),(1.,1.),(1.,1.),(1.,1.),(1.,1.),(1.,1.),(1.,1.),(1.,1.),(1.,1.),(1.,
1.),(1.,1.),(1.,1.),(1.,1.),(1.,1.),(1.,1.),(1.,1.),(1.,1.),(1.,1.),(1.,
1.),(1.,1.),(1.,1.),(1.,1.),(1.,1.),(1.,1.),(1.,1.)))
REPRESENTATION_ITEM('')
SURFACE()
);
#63=FACE_BOUND('',#371,.T.);
#64=FACE_BOUND('',#372,.T.);
#65=FACE_BOUND('',#378,.T.);
#66=FACE_BOUND('',#423,.T.);
#67=FACE_BOUND('',#424,.T.);
#68=B_SPLINE_CURVE_WITH_KNOTS('',3,(#2952,#2953,#2954,#2955,#2956,#2957,
#2958,#2959,#2960,#2961,#2962,#2963,#2964,#2965,#2966,#2967,#2968,#2969,
#2970,#2971,#2972,#2973,#2974,#2975,#2976,#2977,#2978,#2979,#2980,#2981,
#2982,#2983,#2984,#2985,#2986,#2987,#2988,#2989,#2990,#2991,#2992,#2993,
#2994,#2995,#2996,#2997,#2998,#2999,#3000,#3001,#3002,#3003,#3004,#3005,
#3006,#3007,#3008,#3009,#3010,#3011,#3012,#3013,#3014,#3015),
 .UNSPECIFIED.,.F.,.F.,(4,3,3,3,3,3,3,3,3,3,3,3,3,3,3,3,3,3,3,3,3,4),(-0.0230830028211889,
-0.0209812389543328,-0.0174818811221705,-0.0147753016510228,-0.0124283201218794,
-0.0109378436063912,-0.009625808743654,-0.00842258265069725,-0.00734401813339349,
-0.00652421588516884,-0.00570868889952273,-0.00503674419363132,-0.00435503333990366,
-0.0037783888523521,-0.00326921444146084,-0.00261307601799543,-0.00214562360810608,
-0.0017435195791846,-0.00134634224780266,-0.000673171123901332,-0.000293519440064268,
0.),.UNSPECIFIED.);
#69=B_SPLINE_CURVE_WITH_KNOTS('',3,(#3019,#3020,#3021,#3022,#3023,#3024,
#3025,#3026,#3027,#3028,#3029,#3030,#3031,#3032,#3033,#3034,#3035,#3036,
#3037,#3038,#3039,#3040,#3041,#3042,#3043,#3044,#3045,#3046,#3047,#3048,
#3049,#3050,#3051,#3052,#3053,#3054,#3055,#3056,#3057,#3058,#3059,#3060,
#3061,#3062,#3063,#3064,#3065,#3066,#3067,#3068,#3069,#3070,#3071,#3072,
#3073,#3074,#3075,#3076,#3077,#3078,#3079),.UNSPECIFIED.,.F.,.F.,(4,3,3,
3,3,3,3,3,3,3,3,3,3,3,3,3,3,3,3,3,4),(-0.272947595871069,-0.26868384523334,
-0.263550066815863,-0.257346448715343,-0.252700207900919,-0.247683578981221,
-0.241722405353355,-0.234168580186063,-0.227912910486465,-0.215809962613058,
-0.208355644579877,-0.195333416793635,-0.184719375254527,-0.172564226597114,
-0.151781667194399,-0.133095958390782,-0.105200058977515,-0.077449932081297,
-0.0447743026982638,-0.0178812507495921,0.),.UNSPECIFIED.);
#70=B_SPLINE_CURVE_WITH_KNOTS('',3,(#3091,#3092,#3093,#3094,#3095,#3096,
#3097,#3098,#3099,#3100,#3101,#3102,#3103,#3104,#3105,#3106,#3107,#3108,
#3109,#3110,#3111,#3112,#3113,#3114,#3115,#3116,#3117,#3118,#3119,#3120,
#3121,#3122,#3123,#3124,#3125,#3126,#3127,#3128,#3129,#3130,#3131,#3132,
#3133,#3134,#3135,#3136,#3137,#3138,#3139,#3140,#3141,#3142,#3143,#3144,
#3145,#3146,#3147,#3148,#3149,#3150,#3151,#3152,#3153,#3154),
 .UNSPECIFIED.,.F.,.F.,(4,3,3,3,3,3,3,3,3,3,3,3,3,3,3,3,3,3,3,3,3,4),(-0.0230830027954159,
-0.0209812389166012,-0.0174818810980194,-0.0147753017024899,-0.0124283200849739,
-0.0109378435934775,-0.0096258087291191,-0.00842258263797922,-0.00734401813025059,
-0.00652421588446811,-0.00570868889890959,-0.00503674418692411,-0.00435503333140972,
-0.00377838884579787,-0.00326921443533151,-0.00261307600379304,-0.002145623596997,
-0.00174351957009158,-0.00134634223681195,-0.000673171118405975,-0.000293519435221998,
0.),.UNSPECIFIED.);
#71=B_SPLINE_CURVE_WITH_KNOTS('',3,(#3158,#3159,#3160,#3161,#3162,#3163,
#3164,#3165,#3166,#3167,#3168,#3169,#3170,#3171,#3172,#3173,#3174,#3175,
#3176,#3177,#3178,#3179,#3180,#3181,#3182,#3183,#3184,#3185,#3186,#3187,
#3188,#3189,#3190,#3191,#3192,#3193,#3194,#3195,#3196,#3197,#3198,#3199,
#3200,#3201,#3202,#3203,#3204,#3205,#3206,#3207,#3208,#3209,#3210,#3211,
#3212,#3213,#3214,#3215,#3216,#3217,#3218),.UNSPECIFIED.,.F.,.F.,(4,3,3,
3,3,3,3,3,3,3,3,3,3,3,3,3,3,3,3,3,4),(-0.272947591255889,-0.268683840685003,
-0.263550062365834,-0.257346444363575,-0.252700203625834,-0.247683574789268,
-0.241722401263734,-0.234168576224243,-0.227912906617896,-0.215809958991935,
-0.208355641200462,-0.195333413625433,-0.184719372542273,-0.172564224120458,
-0.151781664422871,-0.133095956049531,-0.105200057868672,-0.0774499305724606,
-0.0447743023952861,-0.0178812516853036,0.),.UNSPECIFIED.);
#72=B_SPLINE_CURVE_WITH_KNOTS('',3,(#3230,#3231,#3232,#3233,#3234,#3235,
#3236,#3237,#3238,#3239,#3240,#3241,#3242,#3243,#3244,#3245,#3246,#3247,
#3248,#3249,#3250,#3251,#3252,#3253,#3254,#3255,#3256,#3257,#3258,#3259,
#3260,#3261,#3262,#3263,#3264,#3265,#3266,#3267,#3268,#3269,#3270,#3271,
#3272,#3273,#3274,#3275,#3276,#3277,#3278,#3279,#3280,#3281,#3282,#3283,
#3284,#3285,#3286,#3287,#3288,#3289,#3290,#3291,#3292,#3293),
 .UNSPECIFIED.,.F.,.F.,(4,3,3,3,3,3,3,3,3,3,3,3,3,3,3,3,3,3,3,3,3,4),(-0.0230830028240776,
-0.0209812390502129,-0.0174818812622154,-0.0147753017097787,-0.0124283201667884,
-0.0109378436764235,-0.00962580880855163,-0.00842258270748268,-0.00734401815052139,
-0.0065242159004935,-0.00570868891293181,-0.00503674419901977,-0.00435503335030364,
-0.00377838886133757,-0.0032692144523119,-0.00261307606669707,-0.00214562364661792,
-0.00174351961405944,-0.00134634228674452,-0.000673171143372262,-0.000293519458060843,
0.),.UNSPECIFIED.);
#73=B_SPLINE_CURVE_WITH_KNOTS('',3,(#3297,#3298,#3299,#3300,#3301,#3302,
#3303,#3304,#3305,#3306,#3307,#3308,#3309,#3310,#3311,#3312,#3313,#3314,
#3315,#3316,#3317,#3318,#3319,#3320,#3321,#3322,#3323,#3324,#3325,#3326,
#3327,#3328,#3329,#3330,#3331,#3332,#3333,#3334,#3335,#3336,#3337,#3338,
#3339,#3340,#3341,#3342,#3343,#3344,#3345,#3346,#3347,#3348,#3349,#3350,
#3351,#3352,#3353,#3354,#3355,#3356,#3357),.UNSPECIFIED.,.F.,.F.,(4,3,3,
3,3,3,3,3,3,3,3,3,3,3,3,3,3,3,3,3,4),(-0.272947592500914,-0.268683841910033,
-0.263550063554935,-0.257346445541414,-0.252700204783977,-0.247683575924948,
-0.241722402375805,-0.234168577301561,-0.227912907673708,-0.215809960007726,
-0.208355642210903,-0.195333414572721,-0.184719373460139,-0.172564225035606,
-0.151781664192479,-0.133095956674271,-0.105200058292716,-0.0774499326094021,
-0.0447743049608746,-0.0178812543649934,0.),.UNSPECIFIED.);
#74=B_SPLINE_CURVE_WITH_KNOTS('',3,(#3369,#3370,#3371,#3372,#3373,#3374,
#3375,#3376,#3377,#3378,#3379,#3380,#3381,#3382,#3383,#3384,#3385,#3386,
#3387,#3388,#3389,#3390,#3391,#3392,#3393,#3394,#3395,#3396,#3397,#3398,
#3399,#3400,#3401,#3402,#3403,#3404,#3405,#3406,#3407,#3408,#3409,#3410,
#3411,#3412,#3413,#3414,#3415,#3416,#3417,#3418,#3419,#3420,#3421,#3422,
#3423,#3424,#3425,#3426,#3427,#3428,#3429,#3430,#3431,#3432),
 .UNSPECIFIED.,.F.,.F.,(4,3,3,3,3,3,3,3,3,3,3,3,3,3,3,3,3,3,3,3,3,4),(-0.0230830028361271,
-0.0209812389779359,-0.0174818809542102,-0.0147753014088463,-0.0124283202083182,
-0.0109378436902434,-0.00962580885408107,-0.00842258274732093,-0.00734401816084041,
-0.00652421591017012,-0.00570868892139886,-0.00503674420787502,-0.00435503336951171,
-0.00377838887560624,-0.00326921446889074,-0.00261307613432001,-0.00214562370081178,
-0.00174351966296249,-0.00134634234284794,-0.000673171171423972,-0.00029351948388462,
0.),.UNSPECIFIED.);
#75=B_SPLINE_CURVE_WITH_KNOTS('',3,(#3436,#3437,#3438,#3439,#3440,#3441,
#3442,#3443,#3444,#3445,#3446,#3447,#3448,#3449,#3450,#3451,#3452,#3453,
#3454,#3455,#3456,#3457,#3458,#3459,#3460,#3461,#3462,#3463,#3464,#3465,
#3466,#3467,#3468,#3469,#3470,#3471,#3472,#3473,#3474,#3475,#3476,#3477,
#3478,#3479,#3480,#3481,#3482,#3483,#3484,#3485,#3486,#3487,#3488,#3489,
#3490,#3491,#3492,#3493,#3494,#3495,#3496),.UNSPECIFIED.,.F.,.F.,(4,3,3,
3,3,3,3,3,3,3,3,3,3,3,3,3,3,3,3,3,4),(-0.27294759169541,-0.268683841119272,
-0.263550062777115,-0.257346444779908,-0.252700204035514,-0.247683575193629,
-0.241722401663042,-0.234168576611072,-0.22791290697787,-0.215809959378076,
-0.208355641657778,-0.195333414054167,-0.184719372959747,-0.172564224575101,
-0.151781662540809,-0.13309595653423,-0.105200058027277,-0.0774499307281887,
-0.0447743021012791,-0.017881251401723,0.),.UNSPECIFIED.);
#76=B_SPLINE_CURVE_WITH_KNOTS('',3,(#3508,#3509,#3510,#3511,#3512,#3513,
#3514,#3515,#3516,#3517,#3518,#3519,#3520,#3521,#3522,#3523,#3524,#3525,
#3526,#3527,#3528,#3529,#3530,#3531,#3532,#3533,#3534,#3535,#3536,#3537,
#3538,#3539,#3540,#3541,#3542,#3543,#3544,#3545,#3546,#3547,#3548,#3549,
#3550,#3551,#3552,#3553,#3554,#3555,#3556,#3557,#3558,#3559,#3560,#3561,
#3562,#3563,#3564,#3565,#3566,#3567,#3568,#3569,#3570,#3571),
 .UNSPECIFIED.,.F.,.F.,(4,3,3,3,3,3,3,3,3,3,3,3,3,3,3,3,3,3,3,3,3,4),(-0.0230830026205276,
-0.0209812387330083,-0.0174818810294757,-0.0147753015104544,-0.0124283200431842,
-0.0109378435539605,-0.00962580870029924,-0.00842258261276184,-0.00734401808249108,
-0.00652421584413064,-0.00570868886361431,-0.00503674415730195,-0.00435503331868747,
-0.00377838883243469,-0.00326921442856062,-0.00261307606852251,-0.00214562364740277,
-0.00174351961639934,-0.00134634229446038,-0.00067317114723019,-0.000293519464861314,
0.),.UNSPECIFIED.);
#77=B_SPLINE_CURVE_WITH_KNOTS('',3,(#3575,#3576,#3577,#3578,#3579,#3580,
#3581,#3582,#3583,#3584,#3585,#3586,#3587,#3588,#3589,#3590,#3591,#3592,
#3593,#3594,#3595,#3596,#3597,#3598,#3599,#3600,#3601,#3602,#3603,#3604,
#3605,#3606,#3607,#3608,#3609,#3610,#3611,#3612,#3613,#3614,#3615,#3616,
#3617,#3618,#3619,#3620,#3621,#3622,#3623,#3624,#3625,#3626,#3627,#3628,
#3629,#3630,#3631,#3632,#3633,#3634,#3635),.UNSPECIFIED.,.F.,.F.,(4,3,3,
3,3,3,3,3,3,3,3,3,3,3,3,3,3,3,3,3,4),(-0.272947593982848,-0.26868384337113,
-0.263550064990505,-0.257346446936218,-0.252700206155375,-0.247683577266102,
-0.241722403702939,-0.234168578587222,-0.227912908915005,-0.215809961059389,
-0.208355643136115,-0.195333415440108,-0.184719373949058,-0.172564225447121,
-0.15178166763584,-0.133095957352526,-0.105200059032792,-0.0774499319477244,
-0.0447743039356093,-0.0178812521615512,0.),.UNSPECIFIED.);
#78=B_SPLINE_CURVE_WITH_KNOTS('',3,(#3647,#3648,#3649,#3650,#3651,#3652,
#3653,#3654,#3655,#3656,#3657,#3658,#3659,#3660,#3661,#3662,#3663,#3664,
#3665,#3666,#3667,#3668,#3669,#3670,#3671,#3672,#3673,#3674,#3675,#3676,
#3677,#3678,#3679,#3680,#3681,#3682,#3683,#3684,#3685,#3686,#3687,#3688,
#3689,#3690,#3691,#3692,#3693,#3694,#3695,#3696,#3697,#3698,#3699,#3700,
#3701,#3702,#3703,#3704,#3705,#3706,#3707,#3708,#3709,#3710),
 .UNSPECIFIED.,.F.,.F.,(4,3,3,3,3,3,3,3,3,3,3,3,3,3,3,3,3,3,3,3,3,4),(-0.0230830028495368,
-0.0209812389134459,-0.0174818811960933,-0.0147753015628693,-0.0124283201161689,
-0.0109378435995584,-0.0096258087343942,-0.00842258264259492,-0.00734401814613853,
-0.00652421590752481,-0.00570868891908421,-0.00503674420661742,-0.00435503335989188,
-0.00377838886868273,-0.00326921446091583,-0.00261307608945369,-0.00214562366534767,
-0.00174351963083308,-0.00134634230666832,-0.00067317115333416,-0.000293519467714354,
0.),.UNSPECIFIED.);
#79=B_SPLINE_CURVE_WITH_KNOTS('',3,(#3714,#3715,#3716,#3717,#3718,#3719,
#3720,#3721,#3722,#3723,#3724,#3725,#3726,#3727,#3728,#3729,#3730,#3731,
#3732,#3733,#3734,#3735,#3736,#3737,#3738,#3739,#3740,#3741,#3742,#3743,
#3744,#3745,#3746,#3747,#3748,#3749,#3750,#3751,#3752,#3753,#3754,#3755,
#3756,#3757,#3758,#3759,#3760,#3761,#3762,#3763,#3764,#3765,#3766,#3767,
#3768,#3769,#3770,#3771,#3772,#3773,#3774),.UNSPECIFIED.,.F.,.F.,(4,3,3,
3,3,3,3,3,3,3,3,3,3,3,3,3,3,3,3,3,4),(-0.272947590390883,-0.268683839830712,
-0.263550061519156,-0.257346443544548,-0.252700202826082,-0.247683574004566,
-0.241722400501983,-0.234168575486296,-0.227912905883511,-0.215809958392877,
-0.208355640862405,-0.195333413308504,-0.184719372724963,-0.172564224365153,
-0.151781658873764,-0.133095956187918,-0.105200057053829,-0.0774499300060162,
-0.0447743019488326,-0.0178812493723928,0.),.UNSPECIFIED.);
#80=B_SPLINE_CURVE_WITH_KNOTS('',3,(#3786,#3787,#3788,#3789,#3790,#3791,
#3792,#3793,#3794,#3795,#3796,#3797,#3798,#3799,#3800,#3801,#3802,#3803,
#3804,#3805,#3806,#3807,#3808,#3809,#3810,#3811,#3812,#3813,#3814,#3815,
#3816,#3817,#3818,#3819,#3820,#3821,#3822,#3823,#3824,#3825,#3826,#3827,
#3828,#3829,#3830,#3831,#3832,#3833,#3834,#3835,#3836,#3837,#3838,#3839,
#3840,#3841,#3842,#3843,#3844,#3845,#3846,#3847,#3848,#3849),
 .UNSPECIFIED.,.F.,.F.,(4,3,3,3,3,3,3,3,3,3,3,3,3,3,3,3,3,3,3,3,3,4),(-0.0230830025244761,
-0.0209812388035961,-0.0174818807265446,-0.014775301210812,-0.0124283199532512,
-0.0109378434522503,-0.00962580860925088,-0.00842258253309452,-0.007344018042962,
-0.00652421580561332,-0.00570868882991165,-0.00503674412924252,-0.00435503327987786,
-0.0037783888009154,-0.00326921439671671,-0.00261307595486807,-0.00214562355842147,
-0.00174351953729558,-0.00134634220696109,-0.000673171103480546,-0.000293519425756591,
0.),.UNSPECIFIED.);
#81=B_SPLINE_CURVE_WITH_KNOTS('',3,(#3853,#3854,#3855,#3856,#3857,#3858,
#3859,#3860),.UNSPECIFIED.,.F.,.F.,(4,2,2,4),(-0.272947593225921,-0.21355632264189,
-0.133209865432218,0.),.UNSPECIFIED.);
#82=B_SPLINE_CURVE_WITH_KNOTS('',3,(#3872,#3873,#3874,#3875,#3876,#3877,
#3878,#3879,#3880,#3881,#3882,#3883,#3884,#3885,#3886,#3887,#3888,#3889,
#3890,#3891,#3892,#3893,#3894,#3895,#3896,#3897,#3898,#3899,#3900,#3901,
#3902,#3903,#3904,#3905,#3906,#3907,#3908,#3909,#3910,#3911,#3912,#3913,
#3914,#3915,#3916,#3917,#3918,#3919,#3920,#3921,#3922,#3923,#3924,#3925,
#3926,#3927,#3928,#3929,#3930,#3931,#3932,#3933,#3934,#3935),
 .UNSPECIFIED.,.F.,.F.,(4,3,3,3,3,3,3,3,3,3,3,3,3,3,3,3,3,3,3,3,3,4),(-0.0230830025086144,
-0.02098123859905,-0.0174818806202225,-0.0147753009877122,-0.0124283200455939,
-0.0109378435322844,-0.00962580871344059,-0.00842258262426052,-0.0073440180566192,
-0.00652421581297166,-0.00570868883635021,-0.00503674412832317,-0.00435503328690829,
-0.00377838880803956,-0.00326921440608838,-0.00261307603195406,-0.00214562361715486,
-0.00174351958973983,-0.00134634226745312,-0.000673171133726559,-0.00029351945397655,
0.),.UNSPECIFIED.);
#83=B_SPLINE_CURVE_WITH_KNOTS('',3,(#3939,#3940,#3941,#3942,#3943,#3944,
#3945,#3946,#3947,#3948,#3949,#3950,#3951,#3952,#3953,#3954,#3955,#3956,
#3957,#3958,#3959,#3960,#3961,#3962,#3963,#3964,#3965,#3966,#3967,#3968,
#3969,#3970,#3971,#3972,#3973,#3974,#3975,#3976,#3977,#3978,#3979,#3980,
#3981,#3982,#3983,#3984,#3985,#3986,#3987,#3988,#3989,#3990,#3991,#3992,
#3993,#3994,#3995,#3996,#3997,#3998,#3999),.UNSPECIFIED.,.F.,.F.,(4,3,3,
3,3,3,3,3,3,3,3,3,3,3,3,3,3,3,3,3,4),(-0.272947586395817,-0.268683835900902,
-0.263550057652594,-0.257346439782727,-0.252700199122427,-0.247683570377057,
-0.241722396939608,-0.234168572035245,-0.227912902516689,-0.215809955382806,
-0.208355638291842,-0.195333410898602,-0.184719370900914,-0.172564222785916,
-0.151781655604055,-0.133095954475957,-0.105200055209177,-0.0774499303908616,
-0.0447743040151147,-0.0178812521552668,0.),.UNSPECIFIED.);
#84=B_SPLINE_CURVE_WITH_KNOTS('',3,(#4011,#4012,#4013,#4014,#4015,#4016,
#4017,#4018,#4019,#4020,#4021,#4022,#4023,#4024,#4025,#4026,#4027,#4028,
#4029,#4030,#4031,#4032,#4033,#4034,#4035,#4036,#4037,#4038,#4039,#4040,
#4041,#4042,#4043,#4044,#4045,#4046,#4047,#4048,#4049,#4050,#4051,#4052,
#4053,#4054,#4055,#4056,#4057,#4058,#4059,#4060,#4061,#4062,#4063,#4064,
#4065,#4066,#4067,#4068,#4069,#4070,#4071,#4072,#4073,#4074),
 .UNSPECIFIED.,.F.,.F.,(4,3,3,3,3,3,3,3,3,3,3,3,3,3,3,3,3,3,3,3,3,4),(-0.023083002968227,
-0.0209812389430576,-0.0174818810529916,-0.0147753012092398,-0.0124283202210861,
-0.0109378436847176,-0.00962580880299725,-0.0084225827026226,-0.00734401819092124,
-0.00652421593713223,-0.0057086889449907,-0.00503674422590124,-0.00435503335961878,
-0.00377838887090574,-0.00326921445838915,-0.00261307601377696,-0.00214562360471764,
-0.0017435195752425,-0.00134634223818848,-0.000673171119094241,-0.000293519433820083,
0.),.UNSPECIFIED.);
#85=B_SPLINE_CURVE_WITH_KNOTS('',3,(#4078,#4079,#4080,#4081,#4082,#4083,
#4084,#4085,#4086,#4087,#4088,#4089,#4090,#4091,#4092,#4093,#4094,#4095,
#4096,#4097,#4098,#4099,#4100,#4101,#4102,#4103,#4104,#4105,#4106,#4107,
#4108,#4109,#4110,#4111,#4112,#4113,#4114,#4115,#4116,#4117,#4118,#4119,
#4120,#4121,#4122,#4123,#4124,#4125,#4126,#4127,#4128,#4129,#4130,#4131,
#4132,#4133,#4134,#4135,#4136,#4137,#4138),.UNSPECIFIED.,.F.,.F.,(4,3,3,
3,3,3,3,3,3,3,3,3,3,3,3,3,3,3,3,3,4),(-0.272947586830572,-0.268683836348561,
-0.263550058117614,-0.257346440202143,-0.252700199542383,-0.247683570792478,
-0.24172239738934,-0.234168572470923,-0.227912902925416,-0.215809955476056,
-0.208355637884393,-0.195333410516618,-0.184719369840566,-0.17256422172327,
-0.15178166064947,-0.133095954201905,-0.105200056341382,-0.0774499291558421,
-0.0447743012966438,-0.0178812511905604,0.),.UNSPECIFIED.);
#86=B_SPLINE_CURVE_WITH_KNOTS('',3,(#4150,#4151,#4152,#4153,#4154,#4155,
#4156,#4157,#4158,#4159,#4160,#4161,#4162,#4163,#4164,#4165,#4166,#4167,
#4168,#4169,#4170,#4171,#4172,#4173,#4174,#4175,#4176,#4177,#4178,#4179,
#4180,#4181,#4182,#4183,#4184,#4185,#4186,#4187,#4188,#4189,#4190,#4191,
#4192,#4193,#4194,#4195,#4196,#4197,#4198,#4199,#4200,#4201,#4202,#4203,
#4204,#4205,#4206,#4207,#4208,#4209,#4210,#4211,#4212,#4213),
 .UNSPECIFIED.,.F.,.F.,(4,3,3,3,3,3,3,3,3,3,3,3,3,3,3,3,3,3,3,3,3,4),(-0.0230830028089632,
-0.020981238834189,-0.0174818811368102,-0.0147753017714877,-0.0124283200924309,
-0.0109378435818663,-0.00962580872309747,-0.00842258263271028,-0.00734401813723571,
-0.00652421588559009,-0.00570868889989133,-0.00503674418710439,-0.0043550333233451,
-0.00377838884116964,-0.00326921442995993,-0.00261307598040088,-0.00214562357737023,
-0.00174351955219012,-0.00134634221581443,-0.000673171107907216,-0.000293519425444993,
0.),.UNSPECIFIED.);
#87=B_SPLINE_CURVE_WITH_KNOTS('',3,(#4217,#4218,#4219,#4220,#4221,#4222,
#4223,#4224,#4225,#4226,#4227,#4228,#4229,#4230,#4231,#4232,#4233,#4234,
#4235,#4236,#4237,#4238,#4239,#4240,#4241,#4242,#4243,#4244,#4245,#4246,
#4247,#4248,#4249,#4250,#4251,#4252,#4253,#4254,#4255,#4256,#4257,#4258,
#4259,#4260,#4261,#4262,#4263,#4264,#4265,#4266,#4267,#4268,#4269,#4270,
#4271,#4272,#4273,#4274,#4275,#4276,#4277),.UNSPECIFIED.,.F.,.F.,(4,3,3,
3,3,3,3,3,3,3,3,3,3,3,3,3,3,3,3,3,4),(-0.272947595415809,-0.268683844800221,
-0.26355006641014,-0.25734644830605,-0.252700207499115,-0.247683578591408,
-0.241722405000422,-0.234168579844159,-0.227912910162749,-0.215809962061846,
-0.208355643852225,-0.195333416111461,-0.184719373994469,-0.172564225393582,
-0.151781671775298,-0.133095957634106,-0.105200059345998,-0.0774499327186802,
-0.044774305884905,-0.0178812530661922,0.),.UNSPECIFIED.);
#88=B_SPLINE_CURVE_WITH_KNOTS('',3,(#4289,#4290,#4291,#4292,#4293,#4294,
#4295,#4296,#4297,#4298,#4299,#4300,#4301,#4302,#4303,#4304,#4305,#4306,
#4307,#4308,#4309,#4310,#4311,#4312,#4313,#4314,#4315,#4316,#4317,#4318,
#4319,#4320,#4321,#4322,#4323,#4324,#4325,#4326,#4327,#4328,#4329,#4330,
#4331,#4332,#4333,#4334,#4335,#4336,#4337,#4338,#4339,#4340,#4341,#4342,
#4343,#4344,#4345,#4346,#4347,#4348,#4349,#4350,#4351,#4352),
 .UNSPECIFIED.,.F.,.F.,(4,3,3,3,3,3,3,3,3,3,3,3,3,3,3,3,3,3,3,3,3,4),(-0.0230830026239262,
-0.0209812386798312,-0.0174818808154019,-0.0147753011685,-0.0124283200558758,
-0.0109378435437962,-0.00962580869961548,-0.00842258261216355,-0.00734401808214292,
-0.00652421584076172,-0.00570868886066651,-0.00503674415557149,-0.00435503331549873,
-0.0037783888302637,-0.00326921442613652,-0.00261307605028823,-0.00214562363284861,
-0.00174351960344865,-0.00134634227997142,-0.000673171139985708,-0.000293519458192823,
0.),.UNSPECIFIED.);
#89=B_SPLINE_CURVE_WITH_KNOTS('',3,(#4356,#4357,#4358,#4359,#4360,#4361,
#4362,#4363,#4364,#4365,#4366,#4367,#4368,#4369,#4370,#4371,#4372,#4373,
#4374,#4375,#4376,#4377,#4378,#4379,#4380,#4381,#4382,#4383,#4384,#4385,
#4386,#4387,#4388,#4389,#4390,#4391,#4392,#4393,#4394,#4395,#4396,#4397,
#4398,#4399,#4400,#4401,#4402,#4403,#4404,#4405,#4406,#4407,#4408,#4409,
#4410,#4411,#4412,#4413,#4414,#4415,#4416),.UNSPECIFIED.,.F.,.F.,(4,3,3,
3,3,3,3,3,3,3,3,3,3,3,3,3,3,3,3,3,4),(-0.272947587240587,-0.268683836731387,
-0.26355005847673,-0.257346440581256,-0.25270019991351,-0.247683571154814,
-0.241722397713303,-0.234168572784762,-0.227912903257103,-0.215809955923853,
-0.208355638459795,-0.195333411056058,-0.184719370515819,-0.172564222296897,
-0.151781660014211,-0.133095954481978,-0.105200056095546,-0.077449930205432,
-0.0447743026171725,-0.0178812514233261,0.),.UNSPECIFIED.);
#90=B_SPLINE_CURVE_WITH_KNOTS('',3,(#4428,#4429,#4430,#4431,#4432,#4433,
#4434,#4435,#4436,#4437,#4438,#4439,#4440,#4441,#4442,#4443,#4444,#4445,
#4446,#4447,#4448,#4449,#4450,#4451,#4452,#4453,#4454,#4455,#4456,#4457,
#4458,#4459,#4460,#4461,#4462,#4463,#4464,#4465,#4466,#4467,#4468,#4469,
#4470,#4471,#4472,#4473,#4474,#4475,#4476,#4477,#4478,#4479,#4480,#4481,
#4482,#4483,#4484,#4485,#4486,#4487,#4488,#4489,#4490,#4491),
 .UNSPECIFIED.,.F.,.F.,(4,3,3,3,3,3,3,3,3,3,3,3,3,3,3,3,3,3,3,3,3,4),(-0.0230830026457343,
-0.0209812387374892,-0.0174818809045598,-0.0147753014807268,-0.0124283200558742,
-0.0109378435676933,-0.00962580872202089,-0.00842258263176828,-0.0073440180915596,
-0.00652421584655316,-0.00570868886573401,-0.00503674416150071,-0.00435503332444226,
-0.00377838883709151,-0.00326921443248005,-0.00261307606665813,-0.00214562364685651,
-0.00174351961593016,-0.00134634229418721,-0.000673171147093605,-0.000293519464061184,
0.),.UNSPECIFIED.);
#91=B_SPLINE_CURVE_WITH_KNOTS('',3,(#4495,#4496,#4497,#4498),
 .UNSPECIFIED.,.F.,.F.,(4,4),(-0.0850805538935167,0.),.UNSPECIFIED.);
#92=B_SPLINE_CURVE_WITH_KNOTS('',3,(#4553,#4554,#4555,#4556,#4557,#4558),
 .UNSPECIFIED.,.F.,.F.,(4,2,4),(-0.3,-0.15,0.),.UNSPECIFIED.);
#93=CIRCLE('',#2164,13.1529466339601);
#94=CIRCLE('',#2165,13.1529466339601);
#95=CIRCLE('',#2168,13.2645);
#96=CIRCLE('',#2169,13.2645);
#97=CIRCLE('',#2171,13.2645);
#98=CIRCLE('',#2172,0.375);
#99=CIRCLE('',#2173,16.5000000000024);
#100=CIRCLE('',#2174,0.375);
#101=CIRCLE('',#2175,13.2645);
#102=CIRCLE('',#2176,0.375);
#103=CIRCLE('',#2177,16.5000000000024);
#104=CIRCLE('',#2178,0.375);
#105=CIRCLE('',#2179,13.2645);
#106=CIRCLE('',#2180,0.375);
#107=CIRCLE('',#2181,16.5000000000024);
#108=CIRCLE('',#2182,0.375);
#109=CIRCLE('',#2183,13.2645);
#110=CIRCLE('',#2184,0.375);
#111=CIRCLE('',#2185,16.5000000000024);
#112=CIRCLE('',#2186,0.375);
#113=CIRCLE('',#2187,13.2645);
#114=CIRCLE('',#2188,0.375);
#115=CIRCLE('',#2189,16.5000000000024);
#116=CIRCLE('',#2190,0.375);
#117=CIRCLE('',#2191,13.2645);
#118=CIRCLE('',#2192,0.375);
#119=CIRCLE('',#2193,16.5000000000024);
#120=CIRCLE('',#2194,0.375);
#121=CIRCLE('',#2195,13.2645);
#122=CIRCLE('',#2196,0.375);
#123=CIRCLE('',#2197,16.5000000000024);
#124=CIRCLE('',#2198,0.375);
#125=CIRCLE('',#2199,13.2645);
#126=CIRCLE('',#2200,0.375);
#127=CIRCLE('',#2201,16.5000000000024);
#128=CIRCLE('',#2202,0.375);
#129=CIRCLE('',#2203,13.2645);
#130=CIRCLE('',#2204,0.375);
#131=CIRCLE('',#2205,16.5000000000024);
#132=CIRCLE('',#2206,0.375);
#133=CIRCLE('',#2207,13.2645);
#134=CIRCLE('',#2208,0.375);
#135=CIRCLE('',#2209,16.5000000000024);
#136=CIRCLE('',#2210,0.375);
#137=CIRCLE('',#2211,13.2645);
#138=CIRCLE('',#2212,0.375);
#139=CIRCLE('',#2213,16.5000000000024);
#140=CIRCLE('',#2214,0.375);
#141=CIRCLE('',#2215,13.2645);
#142=CIRCLE('',#2216,0.375);
#143=CIRCLE('',#2217,16.5000000000024);
#144=CIRCLE('',#2218,3.);
#145=CIRCLE('',#2219,2.00000000000001);
#146=CIRCLE('',#2220,1.71433297772612);
#147=CIRCLE('',#2221,4.99999999999999);
#148=CIRCLE('',#2224,4.99999999999999);
#149=CIRCLE('',#2227,1.71433297772612);
#150=CIRCLE('',#2229,2.5);
#151=CIRCLE('',#2232,2.00000000000001);
#152=CIRCLE('',#2234,3.);
#153=CIRCLE('',#2238,16.5000000000024);
#154=CIRCLE('',#2241,0.375);
#155=CIRCLE('',#2243,13.2645);
#156=CIRCLE('',#2245,0.375);
#157=CIRCLE('',#2248,16.5000000000024);
#158=CIRCLE('',#2251,0.375);
#159=CIRCLE('',#2253,13.2645);
#160=CIRCLE('',#2255,0.375);
#161=CIRCLE('',#2258,16.5000000000024);
#162=CIRCLE('',#2261,0.375);
#163=CIRCLE('',#2263,13.2645);
#164=CIRCLE('',#2265,0.375);
#165=CIRCLE('',#2268,16.5000000000024);
#166=CIRCLE('',#2271,0.375);
#167=CIRCLE('',#2273,13.2645);
#168=CIRCLE('',#2275,0.375);
#169=CIRCLE('',#2278,16.5000000000024);
#170=CIRCLE('',#2281,0.375);
#171=CIRCLE('',#2283,13.2645);
#172=CIRCLE('',#2285,0.375);
#173=CIRCLE('',#2286,16.5000000000024);
#174=CIRCLE('',#2287,0.375);
#175=CIRCLE('',#2288,13.2645);
#176=CIRCLE('',#2289,0.375);
#177=CIRCLE('',#2290,16.5000000000024);
#178=CIRCLE('',#2291,0.375);
#179=CIRCLE('',#2292,13.2645);
#180=CIRCLE('',#2293,0.375);
#181=CIRCLE('',#2294,16.5000000000024);
#182=CIRCLE('',#2295,0.375);
#183=CIRCLE('',#2296,13.2645);
#184=CIRCLE('',#2297,0.375);
#185=CIRCLE('',#2298,16.5000000000024);
#186=CIRCLE('',#2299,0.375);
#187=CIRCLE('',#2300,13.2645);
#188=CIRCLE('',#2301,0.375);
#189=CIRCLE('',#2302,16.5000000000024);
#190=CIRCLE('',#2303,0.375);
#191=CIRCLE('',#2304,13.2645);
#192=CIRCLE('',#2305,0.375);
#193=CIRCLE('',#2306,16.5000000000024);
#194=CIRCLE('',#2307,0.375);
#195=CIRCLE('',#2308,13.2645);
#196=CIRCLE('',#2309,0.375);
#197=CIRCLE('',#2310,16.5000000000024);
#198=CIRCLE('',#2311,0.375);
#199=CIRCLE('',#2312,13.2645);
#200=CIRCLE('',#2313,2.5);
#201=CYLINDRICAL_SURFACE('',#2163,13.1529466339601);
#202=CYLINDRICAL_SURFACE('',#2167,13.2645);
#203=CYLINDRICAL_SURFACE('',#2223,4.99999999999999);
#204=CYLINDRICAL_SURFACE('',#2226,1.71433297772612);
#205=CYLINDRICAL_SURFACE('',#2231,2.00000000000001);
#206=CYLINDRICAL_SURFACE('',#2233,3.);
#207=CYLINDRICAL_SURFACE('',#2237,16.5000000000024);
#208=CYLINDRICAL_SURFACE('',#2240,0.375);
#209=CYLINDRICAL_SURFACE('',#2242,13.2645);
#210=CYLINDRICAL_SURFACE('',#2244,0.375);
#211=CYLINDRICAL_SURFACE('',#2247,16.5000000000024);
#212=CYLINDRICAL_SURFACE('',#2250,0.375);
#213=CYLINDRICAL_SURFACE('',#2252,13.2645);
#214=CYLINDRICAL_SURFACE('',#2254,0.375);
#215=CYLINDRICAL_SURFACE('',#2257,16.5000000000024);
#216=CYLINDRICAL_SURFACE('',#2260,0.375);
#217=CYLINDRICAL_SURFACE('',#2262,13.2645);
#218=CYLINDRICAL_SURFACE('',#2264,0.375);
#219=CYLINDRICAL_SURFACE('',#2267,16.5000000000024);
#220=CYLINDRICAL_SURFACE('',#2270,0.375);
#221=CYLINDRICAL_SURFACE('',#2272,13.2645);
#222=CYLINDRICAL_SURFACE('',#2274,0.375);
#223=CYLINDRICAL_SURFACE('',#2277,16.5000000000024);
#224=CYLINDRICAL_SURFACE('',#2280,0.375);
#225=CYLINDRICAL_SURFACE('',#2282,13.2645);
#226=CYLINDRICAL_SURFACE('',#2314,2.5);
#227=CYLINDRICAL_SURFACE('',#2315,13.2645);
#228=CYLINDRICAL_SURFACE('',#2316,0.375);
#229=CYLINDRICAL_SURFACE('',#2318,0.375);
#230=CYLINDRICAL_SURFACE('',#2320,16.5000000000024);
#231=CYLINDRICAL_SURFACE('',#2321,13.2645);
#232=CYLINDRICAL_SURFACE('',#2322,0.375);
#233=CYLINDRICAL_SURFACE('',#2324,0.375);
#234=CYLINDRICAL_SURFACE('',#2326,16.5000000000024);
#235=CYLINDRICAL_SURFACE('',#2327,13.2645);
#236=CYLINDRICAL_SURFACE('',#2328,0.375);
#237=CYLINDRICAL_SURFACE('',#2330,0.375);
#238=CYLINDRICAL_SURFACE('',#2332,16.5000000000024);
#239=CYLINDRICAL_SURFACE('',#2333,13.2645);
#240=CYLINDRICAL_SURFACE('',#2334,0.375);
#241=CYLINDRICAL_SURFACE('',#2336,0.375);
#242=CYLINDRICAL_SURFACE('',#2338,16.5000000000024);
#243=CYLINDRICAL_SURFACE('',#2339,13.2645);
#244=CYLINDRICAL_SURFACE('',#2340,0.375);
#245=CYLINDRICAL_SURFACE('',#2342,0.375);
#246=CYLINDRICAL_SURFACE('',#2344,16.5000000000024);
#247=CYLINDRICAL_SURFACE('',#2345,13.2645);
#248=CYLINDRICAL_SURFACE('',#2346,0.375);
#249=CYLINDRICAL_SURFACE('',#2348,0.375);
#250=CYLINDRICAL_SURFACE('',#2350,16.5000000000024);
#251=CYLINDRICAL_SURFACE('',#2351,13.2645);
#252=CYLINDRICAL_SURFACE('',#2352,0.375);
#253=CYLINDRICAL_SURFACE('',#2354,0.375);
#254=CYLINDRICAL_SURFACE('',#2356,16.5000000000024);
#255=FACE_OUTER_BOUND('',#366,.T.);
#256=FACE_OUTER_BOUND('',#367,.T.);
#257=FACE_OUTER_BOUND('',#368,.T.);
#258=FACE_OUTER_BOUND('',#369,.T.);
#259=FACE_OUTER_BOUND('',#370,.T.);
#260=FACE_OUTER_BOUND('',#373,.T.);
#261=FACE_OUTER_BOUND('',#374,.T.);
#262=FACE_OUTER_BOUND('',#375,.T.);
#263=FACE_OUTER_BOUND('',#376,.T.);
#264=FACE_OUTER_BOUND('',#377,.T.);
#265=FACE_OUTER_BOUND('',#379,.T.);
#266=FACE_OUTER_BOUND('',#380,.T.);
#267=FACE_OUTER_BOUND('',#381,.T.);
#268=FACE_OUTER_BOUND('',#382,.T.);
#269=FACE_OUTER_BOUND('',#383,.T.);
#270=FACE_OUTER_BOUND('',#384,.T.);
#271=FACE_OUTER_BOUND('',#385,.T.);
#272=FACE_OUTER_BOUND('',#386,.T.);
#273=FACE_OUTER_BOUND('',#387,.T.);
#274=FACE_OUTER_BOUND('',#388,.T.);
#275=FACE_OUTER_BOUND('',#389,.T.);
#276=FACE_OUTER_BOUND('',#390,.T.);
#277=FACE_OUTER_BOUND('',#391,.T.);
#278=FACE_OUTER_BOUND('',#392,.T.);
#279=FACE_OUTER_BOUND('',#393,.T.);
#280=FACE_OUTER_BOUND('',#394,.T.);
#281=FACE_OUTER_BOUND('',#395,.T.);
#282=FACE_OUTER_BOUND('',#396,.T.);
#283=FACE_OUTER_BOUND('',#397,.T.);
#284=FACE_OUTER_BOUND('',#398,.T.);
#285=FACE_OUTER_BOUND('',#399,.T.);
#286=FACE_OUTER_BOUND('',#400,.T.);
#287=FACE_OUTER_BOUND('',#401,.T.);
#288=FACE_OUTER_BOUND('',#402,.T.);
#289=FACE_OUTER_BOUND('',#403,.T.);
#290=FACE_OUTER_BOUND('',#404,.T.);
#291=FACE_OUTER_BOUND('',#405,.T.);
#292=FACE_OUTER_BOUND('',#406,.T.);
#293=FACE_OUTER_BOUND('',#407,.T.);
#294=FACE_OUTER_BOUND('',#408,.T.);
#295=FACE_OUTER_BOUND('',#409,.T.);
#296=FACE_OUTER_BOUND('',#410,.T.);
#297=FACE_OUTER_BOUND('',#411,.T.);
#298=FACE_OUTER_BOUND('',#412,.T.);
#299=FACE_OUTER_BOUND('',#413,.T.);
#300=FACE_OUTER_BOUND('',#414,.T.);
#301=FACE_OUTER_BOUND('',#415,.T.);
#302=FACE_OUTER_BOUND('',#416,.T.);
#303=FACE_OUTER_BOUND('',#417,.T.);
#304=FACE_OUTER_BOUND('',#418,.T.);
#305=FACE_OUTER_BOUND('',#419,.T.);
#306=FACE_OUTER_BOUND('',#420,.T.);
#307=FACE_OUTER_BOUND('',#421,.T.);
#308=FACE_OUTER_BOUND('',#422,.T.);
#309=FACE_OUTER_BOUND('',#425,.T.);
#310=FACE_OUTER_BOUND('',#426,.T.);
#311=FACE_OUTER_BOUND('',#427,.T.);
#312=FACE_OUTER_BOUND('',#428,.T.);
#313=FACE_OUTER_BOUND('',#429,.T.);
#314=FACE_OUTER_BOUND('',#430,.T.);
#315=FACE_OUTER_BOUND('',#431,.T.);
#316=FACE_OUTER_BOUND('',#432,.T.);
#317=FACE_OUTER_BOUND('',#433,.T.);
#318=FACE_OUTER_BOUND('',#434,.T.);
#319=FACE_OUTER_BOUND('',#435,.T.);
#320=FACE_OUTER_BOUND('',#436,.T.);
#321=FACE_OUTER_BOUND('',#437,.T.);
#322=FACE_OUTER_BOUND('',#438,.T.);
#323=FACE_OUTER_BOUND('',#439,.T.);
#324=FACE_OUTER_BOUND('',#440,.T.);
#325=FACE_OUTER_BOUND('',#441,.T.);
#326=FACE_OUTER_BOUND('',#442,.T.);
#327=FACE_OUTER_BOUND('',#443,.T.);
#328=FACE_OUTER_BOUND('',#444,.T.);
#329=FACE_OUTER_BOUND('',#445,.T.);
#330=FACE_OUTER_BOUND('',#446,.T.);
#331=FACE_OUTER_BOUND('',#447,.T.);
#332=FACE_OUTER_BOUND('',#448,.T.);
#333=FACE_OUTER_BOUND('',#449,.T.);
#334=FACE_OUTER_BOUND('',#450,.T.);
#335=FACE_OUTER_BOUND('',#451,.T.);
#336=FACE_OUTER_BOUND('',#452,.T.);
#337=FACE_OUTER_BOUND('',#453,.T.);
#338=FACE_OUTER_BOUND('',#454,.T.);
#339=FACE_OUTER_BOUND('',#455,.T.);
#340=FACE_OUTER_BOUND('',#456,.T.);
#341=FACE_OUTER_BOUND('',#457,.T.);
#342=FACE_OUTER_BOUND('',#458,.T.);
#343=FACE_OUTER_BOUND('',#459,.T.);
#344=FACE_OUTER_BOUND('',#460,.T.);
#345=FACE_OUTER_BOUND('',#461,.T.);
#346=FACE_OUTER_BOUND('',#462,.T.);
#347=FACE_OUTER_BOUND('',#463,.T.);
#348=FACE_OUTER_BOUND('',#464,.T.);
#349=FACE_OUTER_BOUND('',#465,.T.);
#350=FACE_OUTER_BOUND('',#466,.T.);
#351=FACE_OUTER_BOUND('',#467,.T.);
#352=FACE_OUTER_BOUND('',#468,.T.);
#353=FACE_OUTER_BOUND('',#469,.T.);
#354=FACE_OUTER_BOUND('',#470,.T.);
#355=FACE_OUTER_BOUND('',#471,.T.);
#356=FACE_OUTER_BOUND('',#472,.T.);
#357=FACE_OUTER_BOUND('',#473,.T.);
#358=FACE_OUTER_BOUND('',#474,.T.);
#359=FACE_OUTER_BOUND('',#475,.T.);
#360=FACE_OUTER_BOUND('',#476,.T.);
#361=FACE_OUTER_BOUND('',#477,.T.);
#362=FACE_OUTER_BOUND('',#478,.T.);
#363=FACE_OUTER_BOUND('',#479,.T.);
#364=FACE_OUTER_BOUND('',#480,.T.);
#365=FACE_OUTER_BOUND('',#481,.T.);
#366=EDGE_LOOP('',(#1356,#1357,#1358,#1359));
#367=EDGE_LOOP('',(#1360,#1361,#1362,#1363));
#368=EDGE_LOOP('',(#1364,#1365,#1366,#1367));
#369=EDGE_LOOP('',(#1368,#1369,#1370,#1371));
#370=EDGE_LOOP('',(#1372,#1373,#1374,#1375,#1376,#1377,#1378,#1379,#1380,
#1381,#1382,#1383,#1384,#1385,#1386,#1387,#1388,#1389,#1390,#1391,#1392,
#1393,#1394,#1395,#1396,#1397,#1398,#1399,#1400,#1401,#1402,#1403,#1404,
#1405,#1406,#1407,#1408,#1409,#1410,#1411,#1412,#1413,#1414,#1415,#1416,
#1417,#1418,#1419,#1420,#1421,#1422,#1423,#1424,#1425,#1426,#1427,#1428,
#1429,#1430,#1431,#1432,#1433,#1434,#1435,#1436,#1437,#1438,#1439,#1440,
#1441,#1442,#1443,#1444,#1445,#1446,#1447,#1448,#1449,#1450,#1451,#1452,
#1453,#1454,#1455,#1456,#1457,#1458,#1459,#1460,#1461,#1462,#1463,#1464,
#1465,#1466,#1467,#1468,#1469,#1470,#1471,#1472,#1473));
#371=EDGE_LOOP('',(#1474));
#372=EDGE_LOOP('',(#1475,#1476,#1477,#1478));
#373=EDGE_LOOP('',(#1479,#1480,#1481,#1482));
#374=EDGE_LOOP('',(#1483,#1484,#1485,#1486));
#375=EDGE_LOOP('',(#1487,#1488,#1489,#1490));
#376=EDGE_LOOP('',(#1491,#1492,#1493,#1494));
#377=EDGE_LOOP('',(#1495,#1496,#1497,#1498));
#378=EDGE_LOOP('',(#1499));
#379=EDGE_LOOP('',(#1500,#1501,#1502,#1503));
#380=EDGE_LOOP('',(#1504,#1505,#1506,#1507));
#381=EDGE_LOOP('',(#1508,#1509,#1510,#1511));
#382=EDGE_LOOP('',(#1512,#1513,#1514,#1515));
#383=EDGE_LOOP('',(#1516,#1517,#1518,#1519));
#384=EDGE_LOOP('',(#1520,#1521,#1522,#1523));
#385=EDGE_LOOP('',(#1524,#1525,#1526,#1527));
#386=EDGE_LOOP('',(#1528,#1529,#1530,#1531));
#387=EDGE_LOOP('',(#1532,#1533,#1534,#1535));
#388=EDGE_LOOP('',(#1536,#1537,#1538,#1539));
#389=EDGE_LOOP('',(#1540,#1541,#1542,#1543));
#390=EDGE_LOOP('',(#1544,#1545,#1546,#1547));
#391=EDGE_LOOP('',(#1548,#1549,#1550,#1551));
#392=EDGE_LOOP('',(#1552,#1553,#1554,#1555));
#393=EDGE_LOOP('',(#1556,#1557,#1558,#1559));
#394=EDGE_LOOP('',(#1560,#1561,#1562,#1563));
#395=EDGE_LOOP('',(#1564,#1565,#1566,#1567));
#396=EDGE_LOOP('',(#1568,#1569,#1570,#1571));
#397=EDGE_LOOP('',(#1572,#1573,#1574,#1575));
#398=EDGE_LOOP('',(#1576,#1577,#1578,#1579));
#399=EDGE_LOOP('',(#1580,#1581,#1582,#1583));
#400=EDGE_LOOP('',(#1584,#1585,#1586,#1587));
#401=EDGE_LOOP('',(#1588,#1589,#1590,#1591));
#402=EDGE_LOOP('',(#1592,#1593,#1594,#1595));
#403=EDGE_LOOP('',(#1596,#1597,#1598,#1599));
#404=EDGE_LOOP('',(#1600,#1601,#1602,#1603));
#405=EDGE_LOOP('',(#1604,#1605,#1606,#1607));
#406=EDGE_LOOP('',(#1608,#1609,#1610,#1611));
#407=EDGE_LOOP('',(#1612,#1613,#1614,#1615));
#408=EDGE_LOOP('',(#1616,#1617,#1618,#1619));
#409=EDGE_LOOP('',(#1620,#1621,#1622,#1623));
#410=EDGE_LOOP('',(#1624,#1625,#1626,#1627));
#411=EDGE_LOOP('',(#1628,#1629,#1630,#1631));
#412=EDGE_LOOP('',(#1632,#1633,#1634,#1635));
#413=EDGE_LOOP('',(#1636,#1637,#1638,#1639));
#414=EDGE_LOOP('',(#1640,#1641,#1642,#1643));
#415=EDGE_LOOP('',(#1644,#1645,#1646,#1647));
#416=EDGE_LOOP('',(#1648,#1649,#1650,#1651));
#417=EDGE_LOOP('',(#1652,#1653,#1654,#1655));
#418=EDGE_LOOP('',(#1656,#1657,#1658,#1659));
#419=EDGE_LOOP('',(#1660,#1661,#1662,#1663));
#420=EDGE_LOOP('',(#1664,#1665,#1666,#1667));
#421=EDGE_LOOP('',(#1668,#1669,#1670,#1671));
#422=EDGE_LOOP('',(#1672,#1673,#1674,#1675,#1676,#1677,#1678,#1679,#1680,
#1681,#1682,#1683,#1684,#1685,#1686,#1687,#1688,#1689,#1690,#1691,#1692,
#1693,#1694,#1695,#1696,#1697,#1698,#1699,#1700,#1701,#1702,#1703,#1704,
#1705,#1706,#1707,#1708,#1709,#1710,#1711,#1712,#1713,#1714,#1715,#1716,
#1717,#1718,#1719,#1720,#1721,#1722,#1723,#1724,#1725,#1726,#1727,#1728,
#1729,#1730,#1731,#1732,#1733,#1734,#1735,#1736,#1737,#1738,#1739,#1740,
#1741,#1742,#1743,#1744,#1745,#1746,#1747,#1748,#1749,#1750,#1751,#1752,
#1753,#1754,#1755,#1756,#1757,#1758,#1759,#1760,#1761,#1762,#1763,#1764,
#1765,#1766,#1767,#1768,#1769,#1770,#1771,#1772,#1773));
#423=EDGE_LOOP('',(#1774));
#424=EDGE_LOOP('',(#1775));
#425=EDGE_LOOP('',(#1776,#1777,#1778,#1779));
#426=EDGE_LOOP('',(#1780,#1781,#1782,#1783));
#427=EDGE_LOOP('',(#1784,#1785,#1786,#1787));
#428=EDGE_LOOP('',(#1788,#1789,#1790,#1791));
#429=EDGE_LOOP('',(#1792,#1793,#1794,#1795));
#430=EDGE_LOOP('',(#1796,#1797,#1798,#1799));
#431=EDGE_LOOP('',(#1800,#1801,#1802,#1803));
#432=EDGE_LOOP('',(#1804,#1805,#1806,#1807));
#433=EDGE_LOOP('',(#1808,#1809,#1810,#1811));
#434=EDGE_LOOP('',(#1812,#1813,#1814,#1815));
#435=EDGE_LOOP('',(#1816,#1817,#1818,#1819));
#436=EDGE_LOOP('',(#1820,#1821,#1822,#1823));
#437=EDGE_LOOP('',(#1824,#1825,#1826,#1827));
#438=EDGE_LOOP('',(#1828,#1829,#1830,#1831));
#439=EDGE_LOOP('',(#1832,#1833,#1834,#1835));
#440=EDGE_LOOP('',(#1836,#1837,#1838,#1839));
#441=EDGE_LOOP('',(#1840,#1841,#1842,#1843));
#442=EDGE_LOOP('',(#1844,#1845,#1846,#1847));
#443=EDGE_LOOP('',(#1848,#1849,#1850,#1851));
#444=EDGE_LOOP('',(#1852,#1853,#1854,#1855));
#445=EDGE_LOOP('',(#1856,#1857,#1858,#1859));
#446=EDGE_LOOP('',(#1860,#1861,#1862,#1863));
#447=EDGE_LOOP('',(#1864,#1865,#1866,#1867));
#448=EDGE_LOOP('',(#1868,#1869,#1870,#1871));
#449=EDGE_LOOP('',(#1872,#1873,#1874,#1875));
#450=EDGE_LOOP('',(#1876,#1877,#1878,#1879));
#451=EDGE_LOOP('',(#1880,#1881,#1882,#1883));
#452=EDGE_LOOP('',(#1884,#1885,#1886,#1887));
#453=EDGE_LOOP('',(#1888,#1889,#1890,#1891));
#454=EDGE_LOOP('',(#1892,#1893,#1894,#1895));
#455=EDGE_LOOP('',(#1896,#1897,#1898,#1899));
#456=EDGE_LOOP('',(#1900,#1901,#1902,#1903));
#457=EDGE_LOOP('',(#1904,#1905,#1906,#1907));
#458=EDGE_LOOP('',(#1908,#1909,#1910,#1911));
#459=EDGE_LOOP('',(#1912,#1913,#1914,#1915));
#460=EDGE_LOOP('',(#1916,#1917,#1918,#1919));
#461=EDGE_LOOP('',(#1920,#1921,#1922,#1923));
#462=EDGE_LOOP('',(#1924,#1925,#1926,#1927));
#463=EDGE_LOOP('',(#1928,#1929,#1930,#1931));
#464=EDGE_LOOP('',(#1932,#1933,#1934,#1935));
#465=EDGE_LOOP('',(#1936,#1937,#1938,#1939));
#466=EDGE_LOOP('',(#1940,#1941,#1942,#1943));
#467=EDGE_LOOP('',(#1944,#1945,#1946,#1947));
#468=EDGE_LOOP('',(#1948,#1949,#1950,#1951));
#469=EDGE_LOOP('',(#1952,#1953,#1954,#1955));
#470=EDGE_LOOP('',(#1956,#1957,#1958,#1959));
#471=EDGE_LOOP('',(#1960,#1961,#1962,#1963));
#472=EDGE_LOOP('',(#1964,#1965,#1966,#1967));
#473=EDGE_LOOP('',(#1968,#1969,#1970,#1971));
#474=EDGE_LOOP('',(#1972,#1973,#1974,#1975));
#475=EDGE_LOOP('',(#1976,#1977,#1978,#1979));
#476=EDGE_LOOP('',(#1980,#1981,#1982,#1983));
#477=EDGE_LOOP('',(#1984,#1985,#1986,#1987));
#478=EDGE_LOOP('',(#1988,#1989,#1990,#1991));
#479=EDGE_LOOP('',(#1992,#1993,#1994,#1995));
#480=EDGE_LOOP('',(#1996,#1997,#1998,#1999));
#481=EDGE_LOOP('',(#2000,#2001,#2002,#2003));
#482=LINE('',#2920,#649);
#483=LINE('',#2922,#650);
#484=LINE('',#2924,#651);
#485=LINE('',#2925,#652);
#486=LINE('',#2930,#653);
#487=LINE('',#2934,#654);
#488=LINE('',#2936,#655);
#489=LINE('',#2937,#656);
#490=LINE('',#2942,#657);
#491=LINE('',#2950,#658);
#492=LINE('',#3081,#659);
#493=LINE('',#3089,#660);
#494=LINE('',#3220,#661);
#495=LINE('',#3228,#662);
#496=LINE('',#3359,#663);
#497=LINE('',#3367,#664);
#498=LINE('',#3498,#665);
#499=LINE('',#3506,#666);
#500=LINE('',#3637,#667);
#501=LINE('',#3645,#668);
#502=LINE('',#3776,#669);
#503=LINE('',#3784,#670);
#504=LINE('',#3862,#671);
#505=LINE('',#3870,#672);
#506=LINE('',#4001,#673);
#507=LINE('',#4009,#674);
#508=LINE('',#4140,#675);
#509=LINE('',#4148,#676);
#510=LINE('',#4279,#677);
#511=LINE('',#4287,#678);
#512=LINE('',#4418,#679);
#513=LINE('',#4426,#680);
#514=LINE('',#4500,#681);
#515=LINE('',#4504,#682);
#516=LINE('',#4505,#683);
#517=LINE('',#4510,#684);
#518=LINE('',#4514,#685);
#519=LINE('',#4518,#686);
#520=LINE('',#4520,#687);
#521=LINE('',#4521,#688);
#522=LINE('',#4524,#689);
#523=LINE('',#4528,#690);
#524=LINE('',#4529,#691);
#525=LINE('',#4537,#692);
#526=LINE('',#4538,#693);
#527=LINE('',#4542,#694);
#528=LINE('',#4545,#695);
#529=LINE('',#4548,#696);
#530=LINE('',#4550,#697);
#531=LINE('',#4559,#698);
#532=LINE('',#4711,#699);
#533=LINE('',#4742,#700);
#534=LINE('',#4895,#701);
#535=LINE('',#4973,#702);
#536=LINE('',#4974,#703);
#537=LINE('',#4977,#704);
#538=LINE('',#4981,#705);
#539=LINE('',#4985,#706);
#540=LINE('',#4989,#707);
#541=LINE('',#4990,#708);
#542=LINE('',#5142,#709);
#543=LINE('',#5220,#710);
#544=LINE('',#5373,#711);
#545=LINE('',#5451,#712);
#546=LINE('',#5452,#713);
#547=LINE('',#5455,#714);
#548=LINE('',#5459,#715);
#549=LINE('',#5463,#716);
#550=LINE('',#5467,#717);
#551=LINE('',#5468,#718);
#552=LINE('',#5620,#719);
#553=LINE('',#5698,#720);
#554=LINE('',#5851,#721);
#555=LINE('',#5929,#722);
#556=LINE('',#5930,#723);
#557=LINE('',#5933,#724);
#558=LINE('',#5937,#725);
#559=LINE('',#5941,#726);
#560=LINE('',#5945,#727);
#561=LINE('',#5946,#728);
#562=LINE('',#6098,#729);
#563=LINE('',#6176,#730);
#564=LINE('',#6329,#731);
#565=LINE('',#6407,#732);
#566=LINE('',#6408,#733);
#567=LINE('',#6411,#734);
#568=LINE('',#6415,#735);
#569=LINE('',#6419,#736);
#570=LINE('',#6423,#737);
#571=LINE('',#6424,#738);
#572=LINE('',#6576,#739);
#573=LINE('',#6654,#740);
#574=LINE('',#6807,#741);
#575=LINE('',#6885,#742);
#576=LINE('',#6886,#743);
#577=LINE('',#6889,#744);
#578=LINE('',#6893,#745);
#579=LINE('',#6899,#746);
#580=LINE('',#7055,#747);
#581=LINE('',#7063,#748);
#582=LINE('',#7219,#749);
#583=LINE('',#7227,#750);
#584=LINE('',#7383,#751);
#585=LINE('',#7391,#752);
#586=LINE('',#7547,#753);
#587=LINE('',#7555,#754);
#588=LINE('',#7711,#755);
#589=LINE('',#7719,#756);
#590=LINE('',#7875,#757);
#591=LINE('',#7883,#758);
#592=LINE('',#8039,#759);
#593=LINE('',#8046,#760);
#594=LINE('',#8048,#761);
#595=LINE('',#8050,#762);
#596=LINE('',#8052,#763);
#597=LINE('',#8054,#764);
#598=LINE('',#8055,#765);
#599=LINE('',#8057,#766);
#600=LINE('',#8208,#767);
#601=LINE('',#8210,#768);
#602=LINE('',#8362,#769);
#603=LINE('',#8364,#770);
#604=LINE('',#8366,#771);
#605=LINE('',#8368,#772);
#606=LINE('',#8369,#773);
#607=LINE('',#8371,#774);
#608=LINE('',#8522,#775);
#609=LINE('',#8524,#776);
#610=LINE('',#8676,#777);
#611=LINE('',#8678,#778);
#612=LINE('',#8680,#779);
#613=LINE('',#8682,#780);
#614=LINE('',#8683,#781);
#615=LINE('',#8685,#782);
#616=LINE('',#8836,#783);
#617=LINE('',#8838,#784);
#618=LINE('',#8990,#785);
#619=LINE('',#8992,#786);
#620=LINE('',#8994,#787);
#621=LINE('',#8996,#788);
#622=LINE('',#8997,#789);
#623=LINE('',#8999,#790);
#624=LINE('',#9150,#791);
#625=LINE('',#9152,#792);
#626=LINE('',#9304,#793);
#627=LINE('',#9306,#794);
#628=LINE('',#9308,#795);
#629=LINE('',#9310,#796);
#630=LINE('',#9311,#797);
#631=LINE('',#9313,#798);
#632=LINE('',#9464,#799);
#633=LINE('',#9466,#800);
#634=LINE('',#9618,#801);
#635=LINE('',#9620,#802);
#636=LINE('',#9622,#803);
#637=LINE('',#9624,#804);
#638=LINE('',#9625,#805);
#639=LINE('',#9627,#806);
#640=LINE('',#9778,#807);
#641=LINE('',#9780,#808);
#642=LINE('',#9932,#809);
#643=LINE('',#9934,#810);
#644=LINE('',#9936,#811);
#645=LINE('',#9938,#812);
#646=LINE('',#9940,#813);
#647=LINE('',#10091,#814);
#648=LINE('',#10093,#815);
#649=VECTOR('',#2361,10.);
#650=VECTOR('',#2362,10.);
#651=VECTOR('',#2363,10.);
#652=VECTOR('',#2364,10.);
#653=VECTOR('',#2369,10.);
#654=VECTOR('',#2374,10.);
#655=VECTOR('',#2375,10.);
#656=VECTOR('',#2376,10.);
#657=VECTOR('',#2381,10.);
#658=VECTOR('',#2390,10.);
#659=VECTOR('',#2393,10.);
#660=VECTOR('',#2400,10.);
#661=VECTOR('',#2403,10.);
#662=VECTOR('',#2410,10.);
#663=VECTOR('',#2413,10.);
#664=VECTOR('',#2420,10.);
#665=VECTOR('',#2423,10.);
#666=VECTOR('',#2430,10.);
#667=VECTOR('',#2433,10.);
#668=VECTOR('',#2440,10.);
#669=VECTOR('',#2443,10.);
#670=VECTOR('',#2450,10.);
#671=VECTOR('',#2453,10.);
#672=VECTOR('',#2460,10.);
#673=VECTOR('',#2463,10.);
#674=VECTOR('',#2470,10.);
#675=VECTOR('',#2473,10.);
#676=VECTOR('',#2480,10.);
#677=VECTOR('',#2483,10.);
#678=VECTOR('',#2490,10.);
#679=VECTOR('',#2493,10.);
#680=VECTOR('',#2500,10.);
#681=VECTOR('',#2503,10.);
#682=VECTOR('',#2506,10.);
#683=VECTOR('',#2507,10.);
#684=VECTOR('',#2510,10.);
#685=VECTOR('',#2513,10.);
#686=VECTOR('',#2518,10.);
#687=VECTOR('',#2519,10.);
#688=VECTOR('',#2520,10.);
#689=VECTOR('',#2523,10.);
#690=VECTOR('',#2528,10.);
#691=VECTOR('',#2529,10.);
#692=VECTOR('',#2540,10.);
#693=VECTOR('',#2541,10.);
#694=VECTOR('',#2546,2.00000000000001);
#695=VECTOR('',#2549,10.);
#696=VECTOR('',#2552,10.);
#697=VECTOR('',#2555,10.);
#698=VECTOR('',#2558,10.);
#699=VECTOR('',#2559,10.);
#700=VECTOR('',#2562,10.);
#701=VECTOR('',#2565,10.);
#702=VECTOR('',#2568,10.);
#703=VECTOR('',#2569,10.);
#704=VECTOR('',#2572,10.);
#705=VECTOR('',#2577,10.);
#706=VECTOR('',#2582,10.);
#707=VECTOR('',#2587,10.);
#708=VECTOR('',#2588,10.);
#709=VECTOR('',#2589,10.);
#710=VECTOR('',#2592,10.);
#711=VECTOR('',#2595,10.);
#712=VECTOR('',#2598,10.);
#713=VECTOR('',#2599,10.);
#714=VECTOR('',#2602,10.);
#715=VECTOR('',#2607,10.);
#716=VECTOR('',#2612,10.);
#717=VECTOR('',#2617,10.);
#718=VECTOR('',#2618,10.);
#719=VECTOR('',#2619,10.);
#720=VECTOR('',#2622,10.);
#721=VECTOR('',#2625,10.);
#722=VECTOR('',#2628,10.);
#723=VECTOR('',#2629,10.);
#724=VECTOR('',#2632,10.);
#725=VECTOR('',#2637,10.);
#726=VECTOR('',#2642,10.);
#727=VECTOR('',#2647,10.);
#728=VECTOR('',#2648,10.);
#729=VECTOR('',#2649,10.);
#730=VECTOR('',#2652,10.);
#731=VECTOR('',#2655,10.);
#732=VECTOR('',#2658,10.);
#733=VECTOR('',#2659,10.);
#734=VECTOR('',#2662,10.);
#735=VECTOR('',#2667,10.);
#736=VECTOR('',#2672,10.);
#737=VECTOR('',#2677,10.);
#738=VECTOR('',#2678,10.);
#739=VECTOR('',#2679,10.);
#740=VECTOR('',#2682,10.);
#741=VECTOR('',#2685,10.);
#742=VECTOR('',#2688,10.);
#743=VECTOR('',#2689,10.);
#744=VECTOR('',#2692,10.);
#745=VECTOR('',#2697,10.);
#746=VECTOR('',#2704,10.);
#747=VECTOR('',#2707,10.);
#748=VECTOR('',#2714,10.);
#749=VECTOR('',#2717,10.);
#750=VECTOR('',#2724,10.);
#751=VECTOR('',#2727,10.);
#752=VECTOR('',#2734,10.);
#753=VECTOR('',#2737,10.);
#754=VECTOR('',#2744,10.);
#755=VECTOR('',#2747,10.);
#756=VECTOR('',#2754,10.);
#757=VECTOR('',#2757,10.);
#758=VECTOR('',#2764,10.);
#759=VECTOR('',#2767,10.);
#760=VECTOR('',#2776,2.5);
#761=VECTOR('',#2779,10.);
#762=VECTOR('',#2782,10.);
#763=VECTOR('',#2785,10.);
#764=VECTOR('',#2788,10.);
#765=VECTOR('',#2789,10.);
#766=VECTOR('',#2792,10.);
#767=VECTOR('',#2793,10.);
#768=VECTOR('',#2796,10.);
#769=VECTOR('',#2799,10.);
#770=VECTOR('',#2802,10.);
#771=VECTOR('',#2805,10.);
#772=VECTOR('',#2808,10.);
#773=VECTOR('',#2809,10.);
#774=VECTOR('',#2812,10.);
#775=VECTOR('',#2813,10.);
#776=VECTOR('',#2816,10.);
#777=VECTOR('',#2819,10.);
#778=VECTOR('',#2822,10.);
#779=VECTOR('',#2825,10.);
#780=VECTOR('',#2828,10.);
#781=VECTOR('',#2829,10.);
#782=VECTOR('',#2832,10.);
#783=VECTOR('',#2833,10.);
#784=VECTOR('',#2836,10.);
#785=VECTOR('',#2839,10.);
#786=VECTOR('',#2842,10.);
#787=VECTOR('',#2845,10.);
#788=VECTOR('',#2848,10.);
#789=VECTOR('',#2849,10.);
#790=VECTOR('',#2852,10.);
#791=VECTOR('',#2853,10.);
#792=VECTOR('',#2856,10.);
#793=VECTOR('',#2859,10.);
#794=VECTOR('',#2862,10.);
#795=VECTOR('',#2865,10.);
#796=VECTOR('',#2868,10.);
#797=VECTOR('',#2869,10.);
#798=VECTOR('',#2872,10.);
#799=VECTOR('',#2873,10.);
#800=VECTOR('',#2876,10.);
#801=VECTOR('',#2879,10.);
#802=VECTOR('',#2882,10.);
#803=VECTOR('',#2885,10.);
#804=VECTOR('',#2888,10.);
#805=VECTOR('',#2889,10.);
#806=VECTOR('',#2892,10.);
#807=VECTOR('',#2893,10.);
#808=VECTOR('',#2896,10.);
#809=VECTOR('',#2899,10.);
#810=VECTOR('',#2902,10.);
#811=VECTOR('',#2905,10.);
#812=VECTOR('',#2908,10.);
#813=VECTOR('',#2911,10.);
#814=VECTOR('',#2912,10.);
#815=VECTOR('',#2915,10.);
#816=VERTEX_POINT('',#2918);
#817=VERTEX_POINT('',#2919);
#818=VERTEX_POINT('',#2921);
#819=VERTEX_POINT('',#2923);
#820=VERTEX_POINT('',#2927);
#821=VERTEX_POINT('',#2929);
#822=VERTEX_POINT('',#2933);
#823=VERTEX_POINT('',#2935);
#824=VERTEX_POINT('',#2939);
#825=VERTEX_POINT('',#2941);
#826=VERTEX_POINT('',#2945);
#827=VERTEX_POINT('',#2947);
#828=VERTEX_POINT('',#2949);
#829=VERTEX_POINT('',#2951);
#830=VERTEX_POINT('',#3016);
#831=VERTEX_POINT('',#3018);
#832=VERTEX_POINT('',#3080);
#833=VERTEX_POINT('',#3082);
#834=VERTEX_POINT('',#3084);
#835=VERTEX_POINT('',#3086);
#836=VERTEX_POINT('',#3088);
#837=VERTEX_POINT('',#3090);
#838=VERTEX_POINT('',#3155);
#839=VERTEX_POINT('',#3157);
#840=VERTEX_POINT('',#3219);
#841=VERTEX_POINT('',#3221);
#842=VERTEX_POINT('',#3223);
#843=VERTEX_POINT('',#3225);
#844=VERTEX_POINT('',#3227);
#845=VERTEX_POINT('',#3229);
#846=VERTEX_POINT('',#3294);
#847=VERTEX_POINT('',#3296);
#848=VERTEX_POINT('',#3358);
#849=VERTEX_POINT('',#3360);
#850=VERTEX_POINT('',#3362);
#851=VERTEX_POINT('',#3364);
#852=VERTEX_POINT('',#3366);
#853=VERTEX_POINT('',#3368);
#854=VERTEX_POINT('',#3433);
#855=VERTEX_POINT('',#3435);
#856=VERTEX_POINT('',#3497);
#857=VERTEX_POINT('',#3499);
#858=VERTEX_POINT('',#3501);
#859=VERTEX_POINT('',#3503);
#860=VERTEX_POINT('',#3505);
#861=VERTEX_POINT('',#3507);
#862=VERTEX_POINT('',#3572);
#863=VERTEX_POINT('',#3574);
#864=VERTEX_POINT('',#3636);
#865=VERTEX_POINT('',#3638);
#866=VERTEX_POINT('',#3640);
#867=VERTEX_POINT('',#3642);
#868=VERTEX_POINT('',#3644);
#869=VERTEX_POINT('',#3646);
#870=VERTEX_POINT('',#3711);
#871=VERTEX_POINT('',#3713);
#872=VERTEX_POINT('',#3775);
#873=VERTEX_POINT('',#3777);
#874=VERTEX_POINT('',#3779);
#875=VERTEX_POINT('',#3781);
#876=VERTEX_POINT('',#3783);
#877=VERTEX_POINT('',#3785);
#878=VERTEX_POINT('',#3850);
#879=VERTEX_POINT('',#3852);
#880=VERTEX_POINT('',#3861);
#881=VERTEX_POINT('',#3863);
#882=VERTEX_POINT('',#3865);
#883=VERTEX_POINT('',#3867);
#884=VERTEX_POINT('',#3869);
#885=VERTEX_POINT('',#3871);
#886=VERTEX_POINT('',#3936);
#887=VERTEX_POINT('',#3938);
#888=VERTEX_POINT('',#4000);
#889=VERTEX_POINT('',#4002);
#890=VERTEX_POINT('',#4004);
#891=VERTEX_POINT('',#4006);
#892=VERTEX_POINT('',#4008);
#893=VERTEX_POINT('',#4010);
#894=VERTEX_POINT('',#4075);
#895=VERTEX_POINT('',#4077);
#896=VERTEX_POINT('',#4139);
#897=VERTEX_POINT('',#4141);
#898=VERTEX_POINT('',#4143);
#899=VERTEX_POINT('',#4145);
#900=VERTEX_POINT('',#4147);
#901=VERTEX_POINT('',#4149);
#902=VERTEX_POINT('',#4214);
#903=VERTEX_POINT('',#4216);
#904=VERTEX_POINT('',#4278);
#905=VERTEX_POINT('',#4280);
#906=VERTEX_POINT('',#4282);
#907=VERTEX_POINT('',#4284);
#908=VERTEX_POINT('',#4286);
#909=VERTEX_POINT('',#4288);
#910=VERTEX_POINT('',#4353);
#911=VERTEX_POINT('',#4355);
#912=VERTEX_POINT('',#4417);
#913=VERTEX_POINT('',#4419);
#914=VERTEX_POINT('',#4421);
#915=VERTEX_POINT('',#4423);
#916=VERTEX_POINT('',#4425);
#917=VERTEX_POINT('',#4427);
#918=VERTEX_POINT('',#4492);
#919=VERTEX_POINT('',#4494);
#920=VERTEX_POINT('',#4499);
#921=VERTEX_POINT('',#4501);
#922=VERTEX_POINT('',#4503);
#923=VERTEX_POINT('',#4506);
#924=VERTEX_POINT('',#4508);
#925=VERTEX_POINT('',#4509);
#926=VERTEX_POINT('',#4511);
#927=VERTEX_POINT('',#4513);
#928=VERTEX_POINT('',#4517);
#929=VERTEX_POINT('',#4519);
#930=VERTEX_POINT('',#4523);
#931=VERTEX_POINT('',#4527);
#932=VERTEX_POINT('',#4533);
#933=VERTEX_POINT('',#4536);
#934=VERTEX_POINT('',#4540);
#935=VERTEX_POINT('',#4544);
#936=VERTEX_POINT('',#4546);
#937=VERTEX_POINT('',#4552);
#938=VERTEX_POINT('',#4710);
#939=VERTEX_POINT('',#4741);
#940=VERTEX_POINT('',#4894);
#941=VERTEX_POINT('',#4972);
#942=VERTEX_POINT('',#4976);
#943=VERTEX_POINT('',#4980);
#944=VERTEX_POINT('',#4984);
#945=VERTEX_POINT('',#4988);
#946=VERTEX_POINT('',#5141);
#947=VERTEX_POINT('',#5219);
#948=VERTEX_POINT('',#5372);
#949=VERTEX_POINT('',#5450);
#950=VERTEX_POINT('',#5454);
#951=VERTEX_POINT('',#5458);
#952=VERTEX_POINT('',#5462);
#953=VERTEX_POINT('',#5466);
#954=VERTEX_POINT('',#5619);
#955=VERTEX_POINT('',#5697);
#956=VERTEX_POINT('',#5850);
#957=VERTEX_POINT('',#5928);
#958=VERTEX_POINT('',#5932);
#959=VERTEX_POINT('',#5936);
#960=VERTEX_POINT('',#5940);
#961=VERTEX_POINT('',#5944);
#962=VERTEX_POINT('',#6097);
#963=VERTEX_POINT('',#6175);
#964=VERTEX_POINT('',#6328);
#965=VERTEX_POINT('',#6406);
#966=VERTEX_POINT('',#6410);
#967=VERTEX_POINT('',#6414);
#968=VERTEX_POINT('',#6418);
#969=VERTEX_POINT('',#6422);
#970=VERTEX_POINT('',#6575);
#971=VERTEX_POINT('',#6653);
#972=VERTEX_POINT('',#6806);
#973=VERTEX_POINT('',#6884);
#974=VERTEX_POINT('',#6888);
#975=VERTEX_POINT('',#6892);
#976=VERTEX_POINT('',#6896);
#977=VERTEX_POINT('',#6898);
#978=VERTEX_POINT('',#6900);
#979=VERTEX_POINT('',#6976);
#980=VERTEX_POINT('',#6978);
#981=VERTEX_POINT('',#7054);
#982=VERTEX_POINT('',#7056);
#983=VERTEX_POINT('',#7058);
#984=VERTEX_POINT('',#7060);
#985=VERTEX_POINT('',#7062);
#986=VERTEX_POINT('',#7064);
#987=VERTEX_POINT('',#7140);
#988=VERTEX_POINT('',#7142);
#989=VERTEX_POINT('',#7218);
#990=VERTEX_POINT('',#7220);
#991=VERTEX_POINT('',#7222);
#992=VERTEX_POINT('',#7224);
#993=VERTEX_POINT('',#7226);
#994=VERTEX_POINT('',#7228);
#995=VERTEX_POINT('',#7304);
#996=VERTEX_POINT('',#7306);
#997=VERTEX_POINT('',#7382);
#998=VERTEX_POINT('',#7384);
#999=VERTEX_POINT('',#7386);
#1000=VERTEX_POINT('',#7388);
#1001=VERTEX_POINT('',#7390);
#1002=VERTEX_POINT('',#7392);
#1003=VERTEX_POINT('',#7468);
#1004=VERTEX_POINT('',#7470);
#1005=VERTEX_POINT('',#7546);
#1006=VERTEX_POINT('',#7548);
#1007=VERTEX_POINT('',#7550);
#1008=VERTEX_POINT('',#7552);
#1009=VERTEX_POINT('',#7554);
#1010=VERTEX_POINT('',#7556);
#1011=VERTEX_POINT('',#7632);
#1012=VERTEX_POINT('',#7634);
#1013=VERTEX_POINT('',#7710);
#1014=VERTEX_POINT('',#7712);
#1015=VERTEX_POINT('',#7714);
#1016=VERTEX_POINT('',#7716);
#1017=VERTEX_POINT('',#7718);
#1018=VERTEX_POINT('',#7720);
#1019=VERTEX_POINT('',#7796);
#1020=VERTEX_POINT('',#7798);
#1021=VERTEX_POINT('',#7874);
#1022=VERTEX_POINT('',#7876);
#1023=VERTEX_POINT('',#7878);
#1024=VERTEX_POINT('',#7880);
#1025=VERTEX_POINT('',#7882);
#1026=VERTEX_POINT('',#7884);
#1027=VERTEX_POINT('',#7960);
#1028=VERTEX_POINT('',#7962);
#1029=VERTEX_POINT('',#8038);
#1030=VERTEX_POINT('',#8040);
#1031=VERTEX_POINT('',#8043);
#1032=EDGE_CURVE('',#816,#817,#482,.T.);
#1033=EDGE_CURVE('',#818,#816,#483,.T.);
#1034=EDGE_CURVE('',#819,#818,#484,.T.);
#1035=EDGE_CURVE('',#817,#819,#485,.T.);
#1036=EDGE_CURVE('',#820,#816,#93,.T.);
#1037=EDGE_CURVE('',#821,#820,#486,.T.);
#1038=EDGE_CURVE('',#818,#821,#94,.T.);
#1039=EDGE_CURVE('',#822,#820,#487,.T.);
#1040=EDGE_CURVE('',#823,#822,#488,.T.);
#1041=EDGE_CURVE('',#821,#823,#489,.T.);
#1042=EDGE_CURVE('',#819,#824,#95,.T.);
#1043=EDGE_CURVE('',#824,#825,#490,.T.);
#1044=EDGE_CURVE('',#817,#825,#96,.T.);
#1045=EDGE_CURVE('',#826,#823,#97,.T.);
#1046=EDGE_CURVE('',#827,#826,#98,.T.);
#1047=EDGE_CURVE('',#828,#827,#491,.T.);
#1048=EDGE_CURVE('',#829,#828,#68,.T.);
#1049=EDGE_CURVE('',#830,#829,#99,.T.);
#1050=EDGE_CURVE('',#831,#830,#69,.T.);
#1051=EDGE_CURVE('',#832,#831,#492,.T.);
#1052=EDGE_CURVE('',#833,#832,#100,.T.);
#1053=EDGE_CURVE('',#834,#833,#101,.T.);
#1054=EDGE_CURVE('',#835,#834,#102,.T.);
#1055=EDGE_CURVE('',#836,#835,#493,.T.);
#1056=EDGE_CURVE('',#837,#836,#70,.T.);
#1057=EDGE_CURVE('',#838,#837,#103,.T.);
#1058=EDGE_CURVE('',#839,#838,#71,.T.);
#1059=EDGE_CURVE('',#840,#839,#494,.T.);
#1060=EDGE_CURVE('',#841,#840,#104,.T.);
#1061=EDGE_CURVE('',#842,#841,#105,.T.);
#1062=EDGE_CURVE('',#843,#842,#106,.T.);
#1063=EDGE_CURVE('',#844,#843,#495,.T.);
#1064=EDGE_CURVE('',#845,#844,#72,.T.);
#1065=EDGE_CURVE('',#846,#845,#107,.T.);
#1066=EDGE_CURVE('',#847,#846,#73,.T.);
#1067=EDGE_CURVE('',#848,#847,#496,.T.);
#1068=EDGE_CURVE('',#849,#848,#108,.T.);
#1069=EDGE_CURVE('',#850,#849,#109,.T.);
#1070=EDGE_CURVE('',#851,#850,#110,.T.);
#1071=EDGE_CURVE('',#852,#851,#497,.T.);
#1072=EDGE_CURVE('',#853,#852,#74,.T.);
#1073=EDGE_CURVE('',#854,#853,#111,.T.);
#1074=EDGE_CURVE('',#855,#854,#75,.T.);
#1075=EDGE_CURVE('',#856,#855,#498,.T.);
#1076=EDGE_CURVE('',#857,#856,#112,.T.);
#1077=EDGE_CURVE('',#858,#857,#113,.T.);
#1078=EDGE_CURVE('',#859,#858,#114,.T.);
#1079=EDGE_CURVE('',#860,#859,#499,.T.);
#1080=EDGE_CURVE('',#861,#860,#76,.T.);
#1081=EDGE_CURVE('',#862,#861,#115,.T.);
#1082=EDGE_CURVE('',#863,#862,#77,.T.);
#1083=EDGE_CURVE('',#864,#863,#500,.T.);
#1084=EDGE_CURVE('',#865,#864,#116,.T.);
#1085=EDGE_CURVE('',#866,#865,#117,.T.);
#1086=EDGE_CURVE('',#867,#866,#118,.T.);
#1087=EDGE_CURVE('',#868,#867,#501,.T.);
#1088=EDGE_CURVE('',#869,#868,#78,.T.);
#1089=EDGE_CURVE('',#870,#869,#119,.T.);
#1090=EDGE_CURVE('',#871,#870,#79,.T.);
#1091=EDGE_CURVE('',#872,#871,#502,.T.);
#1092=EDGE_CURVE('',#873,#872,#120,.T.);
#1093=EDGE_CURVE('',#874,#873,#121,.T.);
#1094=EDGE_CURVE('',#875,#874,#122,.T.);
#1095=EDGE_CURVE('',#876,#875,#503,.T.);
#1096=EDGE_CURVE('',#877,#876,#80,.T.);
#1097=EDGE_CURVE('',#878,#877,#123,.T.);
#1098=EDGE_CURVE('',#879,#878,#81,.T.);
#1099=EDGE_CURVE('',#880,#879,#504,.T.);
#1100=EDGE_CURVE('',#881,#880,#124,.T.);
#1101=EDGE_CURVE('',#882,#881,#125,.T.);
#1102=EDGE_CURVE('',#883,#882,#126,.T.);
#1103=EDGE_CURVE('',#884,#883,#505,.T.);
#1104=EDGE_CURVE('',#885,#884,#82,.T.);
#1105=EDGE_CURVE('',#886,#885,#127,.T.);
#1106=EDGE_CURVE('',#887,#886,#83,.T.);
#1107=EDGE_CURVE('',#888,#887,#506,.T.);
#1108=EDGE_CURVE('',#889,#888,#128,.T.);
#1109=EDGE_CURVE('',#890,#889,#129,.T.);
#1110=EDGE_CURVE('',#891,#890,#130,.T.);
#1111=EDGE_CURVE('',#892,#891,#507,.T.);
#1112=EDGE_CURVE('',#893,#892,#84,.T.);
#1113=EDGE_CURVE('',#894,#893,#131,.T.);
#1114=EDGE_CURVE('',#895,#894,#85,.T.);
#1115=EDGE_CURVE('',#896,#895,#508,.T.);
#1116=EDGE_CURVE('',#897,#896,#132,.T.);
#1117=EDGE_CURVE('',#898,#897,#133,.T.);
#1118=EDGE_CURVE('',#899,#898,#134,.T.);
#1119=EDGE_CURVE('',#900,#899,#509,.T.);
#1120=EDGE_CURVE('',#901,#900,#86,.T.);
#1121=EDGE_CURVE('',#902,#901,#135,.T.);
#1122=EDGE_CURVE('',#903,#902,#87,.T.);
#1123=EDGE_CURVE('',#904,#903,#510,.T.);
#1124=EDGE_CURVE('',#905,#904,#136,.T.);
#1125=EDGE_CURVE('',#906,#905,#137,.T.);
#1126=EDGE_CURVE('',#907,#906,#138,.T.);
#1127=EDGE_CURVE('',#908,#907,#511,.T.);
#1128=EDGE_CURVE('',#909,#908,#88,.T.);
#1129=EDGE_CURVE('',#910,#909,#139,.T.);
#1130=EDGE_CURVE('',#911,#910,#89,.T.);
#1131=EDGE_CURVE('',#912,#911,#512,.T.);
#1132=EDGE_CURVE('',#913,#912,#140,.T.);
#1133=EDGE_CURVE('',#914,#913,#141,.T.);
#1134=EDGE_CURVE('',#915,#914,#142,.T.);
#1135=EDGE_CURVE('',#916,#915,#513,.T.);
#1136=EDGE_CURVE('',#917,#916,#90,.T.);
#1137=EDGE_CURVE('',#918,#917,#143,.T.);
#1138=EDGE_CURVE('',#919,#918,#91,.T.);
#1139=EDGE_CURVE('',#920,#919,#514,.T.);
#1140=EDGE_CURVE('',#921,#920,#144,.T.);
#1141=EDGE_CURVE('',#922,#921,#515,.T.);
#1142=EDGE_CURVE('',#824,#922,#516,.T.);
#1143=EDGE_CURVE('',#923,#923,#145,.T.);
#1144=EDGE_CURVE('',#924,#925,#517,.T.);
#1145=EDGE_CURVE('',#925,#926,#146,.T.);
#1146=EDGE_CURVE('',#926,#927,#518,.T.);
#1147=EDGE_CURVE('',#927,#924,#147,.T.);
#1148=EDGE_CURVE('',#924,#928,#519,.T.);
#1149=EDGE_CURVE('',#928,#929,#520,.T.);
#1150=EDGE_CURVE('',#925,#929,#521,.T.);
#1151=EDGE_CURVE('',#927,#930,#522,.T.);
#1152=EDGE_CURVE('',#930,#928,#148,.T.);
#1153=EDGE_CURVE('',#926,#931,#523,.T.);
#1154=EDGE_CURVE('',#931,#930,#524,.T.);
#1155=EDGE_CURVE('',#929,#931,#149,.T.);
#1156=EDGE_CURVE('',#932,#932,#150,.T.);
#1157=EDGE_CURVE('',#922,#933,#525,.T.);
#1158=EDGE_CURVE('',#825,#933,#526,.T.);
#1159=EDGE_CURVE('',#934,#934,#151,.T.);
#1160=EDGE_CURVE('',#934,#923,#527,.T.);
#1161=EDGE_CURVE('',#920,#935,#528,.T.);
#1162=EDGE_CURVE('',#936,#935,#152,.T.);
#1163=EDGE_CURVE('',#921,#936,#529,.T.);
#1164=EDGE_CURVE('',#933,#936,#530,.T.);
#1165=EDGE_CURVE('',#937,#919,#92,.T.);
#1166=EDGE_CURVE('',#935,#937,#531,.T.);
#1167=EDGE_CURVE('',#918,#938,#532,.T.);
#1168=EDGE_CURVE('',#937,#938,#15,.T.);
#1169=EDGE_CURVE('',#917,#939,#533,.T.);
#1170=EDGE_CURVE('',#938,#939,#153,.T.);
#1171=EDGE_CURVE('',#916,#940,#534,.T.);
#1172=EDGE_CURVE('',#939,#940,#16,.T.);
#1173=EDGE_CURVE('',#941,#915,#535,.T.);
#1174=EDGE_CURVE('',#940,#941,#536,.T.);
#1175=EDGE_CURVE('',#914,#942,#537,.T.);
#1176=EDGE_CURVE('',#942,#941,#154,.T.);
#1177=EDGE_CURVE('',#943,#913,#538,.T.);
#1178=EDGE_CURVE('',#942,#943,#155,.T.);
#1179=EDGE_CURVE('',#912,#944,#539,.T.);
#1180=EDGE_CURVE('',#944,#943,#156,.T.);
#1181=EDGE_CURVE('',#911,#945,#540,.T.);
#1182=EDGE_CURVE('',#944,#945,#541,.T.);
#1183=EDGE_CURVE('',#910,#946,#542,.T.);
#1184=EDGE_CURVE('',#945,#946,#17,.T.);
#1185=EDGE_CURVE('',#909,#947,#543,.T.);
#1186=EDGE_CURVE('',#946,#947,#157,.T.);
#1187=EDGE_CURVE('',#908,#948,#544,.T.);
#1188=EDGE_CURVE('',#947,#948,#18,.T.);
#1189=EDGE_CURVE('',#949,#907,#545,.T.);
#1190=EDGE_CURVE('',#948,#949,#546,.T.);
#1191=EDGE_CURVE('',#906,#950,#547,.T.);
#1192=EDGE_CURVE('',#950,#949,#158,.T.);
#1193=EDGE_CURVE('',#951,#905,#548,.T.);
#1194=EDGE_CURVE('',#950,#951,#159,.T.);
#1195=EDGE_CURVE('',#904,#952,#549,.T.);
#1196=EDGE_CURVE('',#952,#951,#160,.T.);
#1197=EDGE_CURVE('',#903,#953,#550,.T.);
#1198=EDGE_CURVE('',#952,#953,#551,.T.);
#1199=EDGE_CURVE('',#902,#954,#552,.T.);
#1200=EDGE_CURVE('',#953,#954,#19,.T.);
#1201=EDGE_CURVE('',#901,#955,#553,.T.);
#1202=EDGE_CURVE('',#954,#955,#161,.T.);
#1203=EDGE_CURVE('',#900,#956,#554,.T.);
#1204=EDGE_CURVE('',#955,#956,#20,.T.);
#1205=EDGE_CURVE('',#957,#899,#555,.T.);
#1206=EDGE_CURVE('',#956,#957,#556,.T.);
#1207=EDGE_CURVE('',#898,#958,#557,.T.);
#1208=EDGE_CURVE('',#958,#957,#162,.T.);
#1209=EDGE_CURVE('',#959,#897,#558,.T.);
#1210=EDGE_CURVE('',#958,#959,#163,.T.);
#1211=EDGE_CURVE('',#896,#960,#559,.T.);
#1212=EDGE_CURVE('',#960,#959,#164,.T.);
#1213=EDGE_CURVE('',#895,#961,#560,.T.);
#1214=EDGE_CURVE('',#960,#961,#561,.T.);
#1215=EDGE_CURVE('',#894,#962,#562,.T.);
#1216=EDGE_CURVE('',#961,#962,#21,.T.);
#1217=EDGE_CURVE('',#893,#963,#563,.T.);
#1218=EDGE_CURVE('',#962,#963,#165,.T.);
#1219=EDGE_CURVE('',#892,#964,#564,.T.);
#1220=EDGE_CURVE('',#963,#964,#22,.T.);
#1221=EDGE_CURVE('',#965,#891,#565,.T.);
#1222=EDGE_CURVE('',#964,#965,#566,.T.);
#1223=EDGE_CURVE('',#890,#966,#567,.T.);
#1224=EDGE_CURVE('',#966,#965,#166,.T.);
#1225=EDGE_CURVE('',#967,#889,#568,.T.);
#1226=EDGE_CURVE('',#966,#967,#167,.T.);
#1227=EDGE_CURVE('',#888,#968,#569,.T.);
#1228=EDGE_CURVE('',#968,#967,#168,.T.);
#1229=EDGE_CURVE('',#887,#969,#570,.T.);
#1230=EDGE_CURVE('',#968,#969,#571,.T.);
#1231=EDGE_CURVE('',#886,#970,#572,.T.);
#1232=EDGE_CURVE('',#969,#970,#23,.T.);
#1233=EDGE_CURVE('',#885,#971,#573,.T.);
#1234=EDGE_CURVE('',#970,#971,#169,.T.);
#1235=EDGE_CURVE('',#884,#972,#574,.T.);
#1236=EDGE_CURVE('',#971,#972,#24,.T.);
#1237=EDGE_CURVE('',#973,#883,#575,.T.);
#1238=EDGE_CURVE('',#972,#973,#576,.T.);
#1239=EDGE_CURVE('',#882,#974,#577,.T.);
#1240=EDGE_CURVE('',#974,#973,#170,.T.);
#1241=EDGE_CURVE('',#975,#881,#578,.T.);
#1242=EDGE_CURVE('',#974,#975,#171,.T.);
#1243=EDGE_CURVE('',#976,#975,#172,.T.);
#1244=EDGE_CURVE('',#976,#977,#579,.T.);
#1245=EDGE_CURVE('',#977,#978,#25,.T.);
#1246=EDGE_CURVE('',#978,#979,#173,.T.);
#1247=EDGE_CURVE('',#979,#980,#26,.T.);
#1248=EDGE_CURVE('',#980,#981,#580,.T.);
#1249=EDGE_CURVE('',#982,#981,#174,.T.);
#1250=EDGE_CURVE('',#982,#983,#175,.T.);
#1251=EDGE_CURVE('',#984,#983,#176,.T.);
#1252=EDGE_CURVE('',#984,#985,#581,.T.);
#1253=EDGE_CURVE('',#985,#986,#27,.T.);
#1254=EDGE_CURVE('',#986,#987,#177,.T.);
#1255=EDGE_CURVE('',#987,#988,#28,.T.);
#1256=EDGE_CURVE('',#988,#989,#582,.T.);
#1257=EDGE_CURVE('',#990,#989,#178,.T.);
#1258=EDGE_CURVE('',#990,#991,#179,.T.);
#1259=EDGE_CURVE('',#992,#991,#180,.T.);
#1260=EDGE_CURVE('',#992,#993,#583,.T.);
#1261=EDGE_CURVE('',#993,#994,#29,.T.);
#1262=EDGE_CURVE('',#994,#995,#181,.T.);
#1263=EDGE_CURVE('',#995,#996,#30,.T.);
#1264=EDGE_CURVE('',#996,#997,#584,.T.);
#1265=EDGE_CURVE('',#998,#997,#182,.T.);
#1266=EDGE_CURVE('',#998,#999,#183,.T.);
#1267=EDGE_CURVE('',#1000,#999,#184,.T.);
#1268=EDGE_CURVE('',#1000,#1001,#585,.T.);
#1269=EDGE_CURVE('',#1001,#1002,#31,.T.);
#1270=EDGE_CURVE('',#1002,#1003,#185,.T.);
#1271=EDGE_CURVE('',#1003,#1004,#32,.T.);
#1272=EDGE_CURVE('',#1004,#1005,#586,.T.);
#1273=EDGE_CURVE('',#1006,#1005,#186,.T.);
#1274=EDGE_CURVE('',#1006,#1007,#187,.T.);
#1275=EDGE_CURVE('',#1008,#1007,#188,.T.);
#1276=EDGE_CURVE('',#1008,#1009,#587,.T.);
#1277=EDGE_CURVE('',#1009,#1010,#33,.T.);
#1278=EDGE_CURVE('',#1010,#1011,#189,.T.);
#1279=EDGE_CURVE('',#1011,#1012,#34,.T.);
#1280=EDGE_CURVE('',#1012,#1013,#588,.T.);
#1281=EDGE_CURVE('',#1014,#1013,#190,.T.);
#1282=EDGE_CURVE('',#1014,#1015,#191,.T.);
#1283=EDGE_CURVE('',#1016,#1015,#192,.T.);
#1284=EDGE_CURVE('',#1016,#1017,#589,.T.);
#1285=EDGE_CURVE('',#1017,#1018,#35,.T.);
#1286=EDGE_CURVE('',#1018,#1019,#193,.T.);
#1287=EDGE_CURVE('',#1019,#1020,#36,.T.);
#1288=EDGE_CURVE('',#1020,#1021,#590,.T.);
#1289=EDGE_CURVE('',#1022,#1021,#194,.T.);
#1290=EDGE_CURVE('',#1022,#1023,#195,.T.);
#1291=EDGE_CURVE('',#1024,#1023,#196,.T.);
#1292=EDGE_CURVE('',#1024,#1025,#591,.T.);
#1293=EDGE_CURVE('',#1025,#1026,#37,.T.);
#1294=EDGE_CURVE('',#1026,#1027,#197,.T.);
#1295=EDGE_CURVE('',#1027,#1028,#38,.T.);
#1296=EDGE_CURVE('',#1028,#1029,#592,.T.);
#1297=EDGE_CURVE('',#1030,#1029,#198,.T.);
#1298=EDGE_CURVE('',#1030,#822,#199,.T.);
#1299=EDGE_CURVE('',#1031,#1031,#200,.T.);
#1300=EDGE_CURVE('',#1031,#932,#593,.T.);
#1301=EDGE_CURVE('',#826,#1030,#594,.T.);
#1302=EDGE_CURVE('',#1029,#827,#595,.T.);
#1303=EDGE_CURVE('',#828,#1028,#596,.T.);
#1304=EDGE_CURVE('',#832,#1024,#597,.T.);
#1305=EDGE_CURVE('',#1023,#833,#598,.T.);
#1306=EDGE_CURVE('',#831,#1025,#599,.T.);
#1307=EDGE_CURVE('',#829,#1027,#600,.T.);
#1308=EDGE_CURVE('',#830,#1026,#601,.T.);
#1309=EDGE_CURVE('',#834,#1022,#602,.T.);
#1310=EDGE_CURVE('',#1021,#835,#603,.T.);
#1311=EDGE_CURVE('',#836,#1020,#604,.T.);
#1312=EDGE_CURVE('',#840,#1016,#605,.T.);
#1313=EDGE_CURVE('',#1015,#841,#606,.T.);
#1314=EDGE_CURVE('',#839,#1017,#607,.T.);
#1315=EDGE_CURVE('',#837,#1019,#608,.T.);
#1316=EDGE_CURVE('',#838,#1018,#609,.T.);
#1317=EDGE_CURVE('',#842,#1014,#610,.T.);
#1318=EDGE_CURVE('',#1013,#843,#611,.T.);
#1319=EDGE_CURVE('',#844,#1012,#612,.T.);
#1320=EDGE_CURVE('',#848,#1008,#613,.T.);
#1321=EDGE_CURVE('',#1007,#849,#614,.T.);
#1322=EDGE_CURVE('',#847,#1009,#615,.T.);
#1323=EDGE_CURVE('',#845,#1011,#616,.T.);
#1324=EDGE_CURVE('',#846,#1010,#617,.T.);
#1325=EDGE_CURVE('',#850,#1006,#618,.T.);
#1326=EDGE_CURVE('',#1005,#851,#619,.T.);
#1327=EDGE_CURVE('',#852,#1004,#620,.T.);
#1328=EDGE_CURVE('',#856,#1000,#621,.T.);
#1329=EDGE_CURVE('',#999,#857,#622,.T.);
#1330=EDGE_CURVE('',#855,#1001,#623,.T.);
#1331=EDGE_CURVE('',#853,#1003,#624,.T.);
#1332=EDGE_CURVE('',#854,#1002,#625,.T.);
#1333=EDGE_CURVE('',#858,#998,#626,.T.);
#1334=EDGE_CURVE('',#997,#859,#627,.T.);
#1335=EDGE_CURVE('',#860,#996,#628,.T.);
#1336=EDGE_CURVE('',#864,#992,#629,.T.);
#1337=EDGE_CURVE('',#991,#865,#630,.T.);
#1338=EDGE_CURVE('',#863,#993,#631,.T.);
#1339=EDGE_CURVE('',#861,#995,#632,.T.);
#1340=EDGE_CURVE('',#862,#994,#633,.T.);
#1341=EDGE_CURVE('',#866,#990,#634,.T.);
#1342=EDGE_CURVE('',#989,#867,#635,.T.);
#1343=EDGE_CURVE('',#868,#988,#636,.T.);
#1344=EDGE_CURVE('',#872,#984,#637,.T.);
#1345=EDGE_CURVE('',#983,#873,#638,.T.);
#1346=EDGE_CURVE('',#871,#985,#639,.T.);
#1347=EDGE_CURVE('',#869,#987,#640,.T.);
#1348=EDGE_CURVE('',#870,#986,#641,.T.);
#1349=EDGE_CURVE('',#874,#982,#642,.T.);
#1350=EDGE_CURVE('',#981,#875,#643,.T.);
#1351=EDGE_CURVE('',#876,#980,#644,.T.);
#1352=EDGE_CURVE('',#880,#976,#645,.T.);
#1353=EDGE_CURVE('',#879,#977,#646,.T.);
#1354=EDGE_CURVE('',#877,#979,#647,.T.);
#1355=EDGE_CURVE('',#878,#978,#648,.T.);
#1356=ORIENTED_EDGE('',*,*,#1032,.F.);
#1357=ORIENTED_EDGE('',*,*,#1033,.F.);
#1358=ORIENTED_EDGE('',*,*,#1034,.F.);
#1359=ORIENTED_EDGE('',*,*,#1035,.F.);
#1360=ORIENTED_EDGE('',*,*,#1036,.F.);
#1361=ORIENTED_EDGE('',*,*,#1037,.F.);
#1362=ORIENTED_EDGE('',*,*,#1038,.F.);
#1363=ORIENTED_EDGE('',*,*,#1033,.T.);
#1364=ORIENTED_EDGE('',*,*,#1039,.F.);
#1365=ORIENTED_EDGE('',*,*,#1040,.F.);
#1366=ORIENTED_EDGE('',*,*,#1041,.F.);
#1367=ORIENTED_EDGE('',*,*,#1037,.T.);
#1368=ORIENTED_EDGE('',*,*,#1035,.T.);
#1369=ORIENTED_EDGE('',*,*,#1042,.T.);
#1370=ORIENTED_EDGE('',*,*,#1043,.T.);
#1371=ORIENTED_EDGE('',*,*,#1044,.F.);
#1372=ORIENTED_EDGE('',*,*,#1034,.T.);
#1373=ORIENTED_EDGE('',*,*,#1038,.T.);
#1374=ORIENTED_EDGE('',*,*,#1041,.T.);
#1375=ORIENTED_EDGE('',*,*,#1045,.F.);
#1376=ORIENTED_EDGE('',*,*,#1046,.F.);
#1377=ORIENTED_EDGE('',*,*,#1047,.F.);
#1378=ORIENTED_EDGE('',*,*,#1048,.F.);
#1379=ORIENTED_EDGE('',*,*,#1049,.F.);
#1380=ORIENTED_EDGE('',*,*,#1050,.F.);
#1381=ORIENTED_EDGE('',*,*,#1051,.F.);
#1382=ORIENTED_EDGE('',*,*,#1052,.F.);
#1383=ORIENTED_EDGE('',*,*,#1053,.F.);
#1384=ORIENTED_EDGE('',*,*,#1054,.F.);
#1385=ORIENTED_EDGE('',*,*,#1055,.F.);
#1386=ORIENTED_EDGE('',*,*,#1056,.F.);
#1387=ORIENTED_EDGE('',*,*,#1057,.F.);
#1388=ORIENTED_EDGE('',*,*,#1058,.F.);
#1389=ORIENTED_EDGE('',*,*,#1059,.F.);
#1390=ORIENTED_EDGE('',*,*,#1060,.F.);
#1391=ORIENTED_EDGE('',*,*,#1061,.F.);
#1392=ORIENTED_EDGE('',*,*,#1062,.F.);
#1393=ORIENTED_EDGE('',*,*,#1063,.F.);
#1394=ORIENTED_EDGE('',*,*,#1064,.F.);
#1395=ORIENTED_EDGE('',*,*,#1065,.F.);
#1396=ORIENTED_EDGE('',*,*,#1066,.F.);
#1397=ORIENTED_EDGE('',*,*,#1067,.F.);
#1398=ORIENTED_EDGE('',*,*,#1068,.F.);
#1399=ORIENTED_EDGE('',*,*,#1069,.F.);
#1400=ORIENTED_EDGE('',*,*,#1070,.F.);
#1401=ORIENTED_EDGE('',*,*,#1071,.F.);
#1402=ORIENTED_EDGE('',*,*,#1072,.F.);
#1403=ORIENTED_EDGE('',*,*,#1073,.F.);
#1404=ORIENTED_EDGE('',*,*,#1074,.F.);
#1405=ORIENTED_EDGE('',*,*,#1075,.F.);
#1406=ORIENTED_EDGE('',*,*,#1076,.F.);
#1407=ORIENTED_EDGE('',*,*,#1077,.F.);
#1408=ORIENTED_EDGE('',*,*,#1078,.F.);
#1409=ORIENTED_EDGE('',*,*,#1079,.F.);
#1410=ORIENTED_EDGE('',*,*,#1080,.F.);
#1411=ORIENTED_EDGE('',*,*,#1081,.F.);
#1412=ORIENTED_EDGE('',*,*,#1082,.F.);
#1413=ORIENTED_EDGE('',*,*,#1083,.F.);
#1414=ORIENTED_EDGE('',*,*,#1084,.F.);
#1415=ORIENTED_EDGE('',*,*,#1085,.F.);
#1416=ORIENTED_EDGE('',*,*,#1086,.F.);
#1417=ORIENTED_EDGE('',*,*,#1087,.F.);
#1418=ORIENTED_EDGE('',*,*,#1088,.F.);
#1419=ORIENTED_EDGE('',*,*,#1089,.F.);
#1420=ORIENTED_EDGE('',*,*,#1090,.F.);
#1421=ORIENTED_EDGE('',*,*,#1091,.F.);
#1422=ORIENTED_EDGE('',*,*,#1092,.F.);
#1423=ORIENTED_EDGE('',*,*,#1093,.F.);
#1424=ORIENTED_EDGE('',*,*,#1094,.F.);
#1425=ORIENTED_EDGE('',*,*,#1095,.F.);
#1426=ORIENTED_EDGE('',*,*,#1096,.F.);
#1427=ORIENTED_EDGE('',*,*,#1097,.F.);
#1428=ORIENTED_EDGE('',*,*,#1098,.F.);
#1429=ORIENTED_EDGE('',*,*,#1099,.F.);
#1430=ORIENTED_EDGE('',*,*,#1100,.F.);
#1431=ORIENTED_EDGE('',*,*,#1101,.F.);
#1432=ORIENTED_EDGE('',*,*,#1102,.F.);
#1433=ORIENTED_EDGE('',*,*,#1103,.F.);
#1434=ORIENTED_EDGE('',*,*,#1104,.F.);
#1435=ORIENTED_EDGE('',*,*,#1105,.F.);
#1436=ORIENTED_EDGE('',*,*,#1106,.F.);
#1437=ORIENTED_EDGE('',*,*,#1107,.F.);
#1438=ORIENTED_EDGE('',*,*,#1108,.F.);
#1439=ORIENTED_EDGE('',*,*,#1109,.F.);
#1440=ORIENTED_EDGE('',*,*,#1110,.F.);
#1441=ORIENTED_EDGE('',*,*,#1111,.F.);
#1442=ORIENTED_EDGE('',*,*,#1112,.F.);
#1443=ORIENTED_EDGE('',*,*,#1113,.F.);
#1444=ORIENTED_EDGE('',*,*,#1114,.F.);
#1445=ORIENTED_EDGE('',*,*,#1115,.F.);
#1446=ORIENTED_EDGE('',*,*,#1116,.F.);
#1447=ORIENTED_EDGE('',*,*,#1117,.F.);
#1448=ORIENTED_EDGE('',*,*,#1118,.F.);
#1449=ORIENTED_EDGE('',*,*,#1119,.F.);
#1450=ORIENTED_EDGE('',*,*,#1120,.F.);
#1451=ORIENTED_EDGE('',*,*,#1121,.F.);
#1452=ORIENTED_EDGE('',*,*,#1122,.F.);
#1453=ORIENTED_EDGE('',*,*,#1123,.F.);
#1454=ORIENTED_EDGE('',*,*,#1124,.F.);
#1455=ORIENTED_EDGE('',*,*,#1125,.F.);
#1456=ORIENTED_EDGE('',*,*,#1126,.F.);
#1457=ORIENTED_EDGE('',*,*,#1127,.F.);
#1458=ORIENTED_EDGE('',*,*,#1128,.F.);
#1459=ORIENTED_EDGE('',*,*,#1129,.F.);
#1460=ORIENTED_EDGE('',*,*,#1130,.F.);
#1461=ORIENTED_EDGE('',*,*,#1131,.F.);
#1462=ORIENTED_EDGE('',*,*,#1132,.F.);
#1463=ORIENTED_EDGE('',*,*,#1133,.F.);
#1464=ORIENTED_EDGE('',*,*,#1134,.F.);
#1465=ORIENTED_EDGE('',*,*,#1135,.F.);
#1466=ORIENTED_EDGE('',*,*,#1136,.F.);
#1467=ORIENTED_EDGE('',*,*,#1137,.F.);
#1468=ORIENTED_EDGE('',*,*,#1138,.F.);
#1469=ORIENTED_EDGE('',*,*,#1139,.F.);
#1470=ORIENTED_EDGE('',*,*,#1140,.F.);
#1471=ORIENTED_EDGE('',*,*,#1141,.F.);
#1472=ORIENTED_EDGE('',*,*,#1142,.F.);
#1473=ORIENTED_EDGE('',*,*,#1042,.F.);
#1474=ORIENTED_EDGE('',*,*,#1143,.T.);
#1475=ORIENTED_EDGE('',*,*,#1144,.T.);
#1476=ORIENTED_EDGE('',*,*,#1145,.T.);
#1477=ORIENTED_EDGE('',*,*,#1146,.T.);
#1478=ORIENTED_EDGE('',*,*,#1147,.T.);
#1479=ORIENTED_EDGE('',*,*,#1144,.F.);
#1480=ORIENTED_EDGE('',*,*,#1148,.T.);
#1481=ORIENTED_EDGE('',*,*,#1149,.T.);
#1482=ORIENTED_EDGE('',*,*,#1150,.F.);
#1483=ORIENTED_EDGE('',*,*,#1147,.F.);
#1484=ORIENTED_EDGE('',*,*,#1151,.T.);
#1485=ORIENTED_EDGE('',*,*,#1152,.T.);
#1486=ORIENTED_EDGE('',*,*,#1148,.F.);
#1487=ORIENTED_EDGE('',*,*,#1146,.F.);
#1488=ORIENTED_EDGE('',*,*,#1153,.T.);
#1489=ORIENTED_EDGE('',*,*,#1154,.T.);
#1490=ORIENTED_EDGE('',*,*,#1151,.F.);
#1491=ORIENTED_EDGE('',*,*,#1145,.F.);
#1492=ORIENTED_EDGE('',*,*,#1150,.T.);
#1493=ORIENTED_EDGE('',*,*,#1155,.T.);
#1494=ORIENTED_EDGE('',*,*,#1153,.F.);
#1495=ORIENTED_EDGE('',*,*,#1155,.F.);
#1496=ORIENTED_EDGE('',*,*,#1149,.F.);
#1497=ORIENTED_EDGE('',*,*,#1152,.F.);
#1498=ORIENTED_EDGE('',*,*,#1154,.F.);
#1499=ORIENTED_EDGE('',*,*,#1156,.F.);
#1500=ORIENTED_EDGE('',*,*,#1043,.F.);
#1501=ORIENTED_EDGE('',*,*,#1142,.T.);
#1502=ORIENTED_EDGE('',*,*,#1157,.T.);
#1503=ORIENTED_EDGE('',*,*,#1158,.F.);
#1504=ORIENTED_EDGE('',*,*,#1159,.F.);
#1505=ORIENTED_EDGE('',*,*,#1160,.T.);
#1506=ORIENTED_EDGE('',*,*,#1143,.F.);
#1507=ORIENTED_EDGE('',*,*,#1160,.F.);
#1508=ORIENTED_EDGE('',*,*,#1140,.T.);
#1509=ORIENTED_EDGE('',*,*,#1161,.T.);
#1510=ORIENTED_EDGE('',*,*,#1162,.F.);
#1511=ORIENTED_EDGE('',*,*,#1163,.F.);
#1512=ORIENTED_EDGE('',*,*,#1141,.T.);
#1513=ORIENTED_EDGE('',*,*,#1163,.T.);
#1514=ORIENTED_EDGE('',*,*,#1164,.F.);
#1515=ORIENTED_EDGE('',*,*,#1157,.F.);
#1516=ORIENTED_EDGE('',*,*,#1165,.F.);
#1517=ORIENTED_EDGE('',*,*,#1166,.F.);
#1518=ORIENTED_EDGE('',*,*,#1161,.F.);
#1519=ORIENTED_EDGE('',*,*,#1139,.T.);
#1520=ORIENTED_EDGE('',*,*,#1165,.T.);
#1521=ORIENTED_EDGE('',*,*,#1138,.T.);
#1522=ORIENTED_EDGE('',*,*,#1167,.T.);
#1523=ORIENTED_EDGE('',*,*,#1168,.F.);
#1524=ORIENTED_EDGE('',*,*,#1137,.T.);
#1525=ORIENTED_EDGE('',*,*,#1169,.T.);
#1526=ORIENTED_EDGE('',*,*,#1170,.F.);
#1527=ORIENTED_EDGE('',*,*,#1167,.F.);
#1528=ORIENTED_EDGE('',*,*,#1136,.T.);
#1529=ORIENTED_EDGE('',*,*,#1171,.T.);
#1530=ORIENTED_EDGE('',*,*,#1172,.F.);
#1531=ORIENTED_EDGE('',*,*,#1169,.F.);
#1532=ORIENTED_EDGE('',*,*,#1135,.T.);
#1533=ORIENTED_EDGE('',*,*,#1173,.F.);
#1534=ORIENTED_EDGE('',*,*,#1174,.F.);
#1535=ORIENTED_EDGE('',*,*,#1171,.F.);
#1536=ORIENTED_EDGE('',*,*,#1134,.T.);
#1537=ORIENTED_EDGE('',*,*,#1175,.T.);
#1538=ORIENTED_EDGE('',*,*,#1176,.T.);
#1539=ORIENTED_EDGE('',*,*,#1173,.T.);
#1540=ORIENTED_EDGE('',*,*,#1133,.T.);
#1541=ORIENTED_EDGE('',*,*,#1177,.F.);
#1542=ORIENTED_EDGE('',*,*,#1178,.F.);
#1543=ORIENTED_EDGE('',*,*,#1175,.F.);
#1544=ORIENTED_EDGE('',*,*,#1132,.T.);
#1545=ORIENTED_EDGE('',*,*,#1179,.T.);
#1546=ORIENTED_EDGE('',*,*,#1180,.T.);
#1547=ORIENTED_EDGE('',*,*,#1177,.T.);
#1548=ORIENTED_EDGE('',*,*,#1131,.T.);
#1549=ORIENTED_EDGE('',*,*,#1181,.T.);
#1550=ORIENTED_EDGE('',*,*,#1182,.F.);
#1551=ORIENTED_EDGE('',*,*,#1179,.F.);
#1552=ORIENTED_EDGE('',*,*,#1130,.T.);
#1553=ORIENTED_EDGE('',*,*,#1183,.T.);
#1554=ORIENTED_EDGE('',*,*,#1184,.F.);
#1555=ORIENTED_EDGE('',*,*,#1181,.F.);
#1556=ORIENTED_EDGE('',*,*,#1129,.T.);
#1557=ORIENTED_EDGE('',*,*,#1185,.T.);
#1558=ORIENTED_EDGE('',*,*,#1186,.F.);
#1559=ORIENTED_EDGE('',*,*,#1183,.F.);
#1560=ORIENTED_EDGE('',*,*,#1128,.T.);
#1561=ORIENTED_EDGE('',*,*,#1187,.T.);
#1562=ORIENTED_EDGE('',*,*,#1188,.F.);
#1563=ORIENTED_EDGE('',*,*,#1185,.F.);
#1564=ORIENTED_EDGE('',*,*,#1127,.T.);
#1565=ORIENTED_EDGE('',*,*,#1189,.F.);
#1566=ORIENTED_EDGE('',*,*,#1190,.F.);
#1567=ORIENTED_EDGE('',*,*,#1187,.F.);
#1568=ORIENTED_EDGE('',*,*,#1126,.T.);
#1569=ORIENTED_EDGE('',*,*,#1191,.T.);
#1570=ORIENTED_EDGE('',*,*,#1192,.T.);
#1571=ORIENTED_EDGE('',*,*,#1189,.T.);
#1572=ORIENTED_EDGE('',*,*,#1125,.T.);
#1573=ORIENTED_EDGE('',*,*,#1193,.F.);
#1574=ORIENTED_EDGE('',*,*,#1194,.F.);
#1575=ORIENTED_EDGE('',*,*,#1191,.F.);
#1576=ORIENTED_EDGE('',*,*,#1124,.T.);
#1577=ORIENTED_EDGE('',*,*,#1195,.T.);
#1578=ORIENTED_EDGE('',*,*,#1196,.T.);
#1579=ORIENTED_EDGE('',*,*,#1193,.T.);
#1580=ORIENTED_EDGE('',*,*,#1123,.T.);
#1581=ORIENTED_EDGE('',*,*,#1197,.T.);
#1582=ORIENTED_EDGE('',*,*,#1198,.F.);
#1583=ORIENTED_EDGE('',*,*,#1195,.F.);
#1584=ORIENTED_EDGE('',*,*,#1122,.T.);
#1585=ORIENTED_EDGE('',*,*,#1199,.T.);
#1586=ORIENTED_EDGE('',*,*,#1200,.F.);
#1587=ORIENTED_EDGE('',*,*,#1197,.F.);
#1588=ORIENTED_EDGE('',*,*,#1121,.T.);
#1589=ORIENTED_EDGE('',*,*,#1201,.T.);
#1590=ORIENTED_EDGE('',*,*,#1202,.F.);
#1591=ORIENTED_EDGE('',*,*,#1199,.F.);
#1592=ORIENTED_EDGE('',*,*,#1120,.T.);
#1593=ORIENTED_EDGE('',*,*,#1203,.T.);
#1594=ORIENTED_EDGE('',*,*,#1204,.F.);
#1595=ORIENTED_EDGE('',*,*,#1201,.F.);
#1596=ORIENTED_EDGE('',*,*,#1119,.T.);
#1597=ORIENTED_EDGE('',*,*,#1205,.F.);
#1598=ORIENTED_EDGE('',*,*,#1206,.F.);
#1599=ORIENTED_EDGE('',*,*,#1203,.F.);
#1600=ORIENTED_EDGE('',*,*,#1118,.T.);
#1601=ORIENTED_EDGE('',*,*,#1207,.T.);
#1602=ORIENTED_EDGE('',*,*,#1208,.T.);
#1603=ORIENTED_EDGE('',*,*,#1205,.T.);
#1604=ORIENTED_EDGE('',*,*,#1117,.T.);
#1605=ORIENTED_EDGE('',*,*,#1209,.F.);
#1606=ORIENTED_EDGE('',*,*,#1210,.F.);
#1607=ORIENTED_EDGE('',*,*,#1207,.F.);
#1608=ORIENTED_EDGE('',*,*,#1116,.T.);
#1609=ORIENTED_EDGE('',*,*,#1211,.T.);
#1610=ORIENTED_EDGE('',*,*,#1212,.T.);
#1611=ORIENTED_EDGE('',*,*,#1209,.T.);
#1612=ORIENTED_EDGE('',*,*,#1115,.T.);
#1613=ORIENTED_EDGE('',*,*,#1213,.T.);
#1614=ORIENTED_EDGE('',*,*,#1214,.F.);
#1615=ORIENTED_EDGE('',*,*,#1211,.F.);
#1616=ORIENTED_EDGE('',*,*,#1114,.T.);
#1617=ORIENTED_EDGE('',*,*,#1215,.T.);
#1618=ORIENTED_EDGE('',*,*,#1216,.F.);
#1619=ORIENTED_EDGE('',*,*,#1213,.F.);
#1620=ORIENTED_EDGE('',*,*,#1113,.T.);
#1621=ORIENTED_EDGE('',*,*,#1217,.T.);
#1622=ORIENTED_EDGE('',*,*,#1218,.F.);
#1623=ORIENTED_EDGE('',*,*,#1215,.F.);
#1624=ORIENTED_EDGE('',*,*,#1112,.T.);
#1625=ORIENTED_EDGE('',*,*,#1219,.T.);
#1626=ORIENTED_EDGE('',*,*,#1220,.F.);
#1627=ORIENTED_EDGE('',*,*,#1217,.F.);
#1628=ORIENTED_EDGE('',*,*,#1111,.T.);
#1629=ORIENTED_EDGE('',*,*,#1221,.F.);
#1630=ORIENTED_EDGE('',*,*,#1222,.F.);
#1631=ORIENTED_EDGE('',*,*,#1219,.F.);
#1632=ORIENTED_EDGE('',*,*,#1110,.T.);
#1633=ORIENTED_EDGE('',*,*,#1223,.T.);
#1634=ORIENTED_EDGE('',*,*,#1224,.T.);
#1635=ORIENTED_EDGE('',*,*,#1221,.T.);
#1636=ORIENTED_EDGE('',*,*,#1109,.T.);
#1637=ORIENTED_EDGE('',*,*,#1225,.F.);
#1638=ORIENTED_EDGE('',*,*,#1226,.F.);
#1639=ORIENTED_EDGE('',*,*,#1223,.F.);
#1640=ORIENTED_EDGE('',*,*,#1108,.T.);
#1641=ORIENTED_EDGE('',*,*,#1227,.T.);
#1642=ORIENTED_EDGE('',*,*,#1228,.T.);
#1643=ORIENTED_EDGE('',*,*,#1225,.T.);
#1644=ORIENTED_EDGE('',*,*,#1107,.T.);
#1645=ORIENTED_EDGE('',*,*,#1229,.T.);
#1646=ORIENTED_EDGE('',*,*,#1230,.F.);
#1647=ORIENTED_EDGE('',*,*,#1227,.F.);
#1648=ORIENTED_EDGE('',*,*,#1106,.T.);
#1649=ORIENTED_EDGE('',*,*,#1231,.T.);
#1650=ORIENTED_EDGE('',*,*,#1232,.F.);
#1651=ORIENTED_EDGE('',*,*,#1229,.F.);
#1652=ORIENTED_EDGE('',*,*,#1105,.T.);
#1653=ORIENTED_EDGE('',*,*,#1233,.T.);
#1654=ORIENTED_EDGE('',*,*,#1234,.F.);
#1655=ORIENTED_EDGE('',*,*,#1231,.F.);
#1656=ORIENTED_EDGE('',*,*,#1104,.T.);
#1657=ORIENTED_EDGE('',*,*,#1235,.T.);
#1658=ORIENTED_EDGE('',*,*,#1236,.F.);
#1659=ORIENTED_EDGE('',*,*,#1233,.F.);
#1660=ORIENTED_EDGE('',*,*,#1103,.T.);
#1661=ORIENTED_EDGE('',*,*,#1237,.F.);
#1662=ORIENTED_EDGE('',*,*,#1238,.F.);
#1663=ORIENTED_EDGE('',*,*,#1235,.F.);
#1664=ORIENTED_EDGE('',*,*,#1102,.T.);
#1665=ORIENTED_EDGE('',*,*,#1239,.T.);
#1666=ORIENTED_EDGE('',*,*,#1240,.T.);
#1667=ORIENTED_EDGE('',*,*,#1237,.T.);
#1668=ORIENTED_EDGE('',*,*,#1101,.T.);
#1669=ORIENTED_EDGE('',*,*,#1241,.F.);
#1670=ORIENTED_EDGE('',*,*,#1242,.F.);
#1671=ORIENTED_EDGE('',*,*,#1239,.F.);
#1672=ORIENTED_EDGE('',*,*,#1032,.T.);
#1673=ORIENTED_EDGE('',*,*,#1044,.T.);
#1674=ORIENTED_EDGE('',*,*,#1158,.T.);
#1675=ORIENTED_EDGE('',*,*,#1164,.T.);
#1676=ORIENTED_EDGE('',*,*,#1162,.T.);
#1677=ORIENTED_EDGE('',*,*,#1166,.T.);
#1678=ORIENTED_EDGE('',*,*,#1168,.T.);
#1679=ORIENTED_EDGE('',*,*,#1170,.T.);
#1680=ORIENTED_EDGE('',*,*,#1172,.T.);
#1681=ORIENTED_EDGE('',*,*,#1174,.T.);
#1682=ORIENTED_EDGE('',*,*,#1176,.F.);
#1683=ORIENTED_EDGE('',*,*,#1178,.T.);
#1684=ORIENTED_EDGE('',*,*,#1180,.F.);
#1685=ORIENTED_EDGE('',*,*,#1182,.T.);
#1686=ORIENTED_EDGE('',*,*,#1184,.T.);
#1687=ORIENTED_EDGE('',*,*,#1186,.T.);
#1688=ORIENTED_EDGE('',*,*,#1188,.T.);
#1689=ORIENTED_EDGE('',*,*,#1190,.T.);
#1690=ORIENTED_EDGE('',*,*,#1192,.F.);
#1691=ORIENTED_EDGE('',*,*,#1194,.T.);
#1692=ORIENTED_EDGE('',*,*,#1196,.F.);
#1693=ORIENTED_EDGE('',*,*,#1198,.T.);
#1694=ORIENTED_EDGE('',*,*,#1200,.T.);
#1695=ORIENTED_EDGE('',*,*,#1202,.T.);
#1696=ORIENTED_EDGE('',*,*,#1204,.T.);
#1697=ORIENTED_EDGE('',*,*,#1206,.T.);
#1698=ORIENTED_EDGE('',*,*,#1208,.F.);
#1699=ORIENTED_EDGE('',*,*,#1210,.T.);
#1700=ORIENTED_EDGE('',*,*,#1212,.F.);
#1701=ORIENTED_EDGE('',*,*,#1214,.T.);
#1702=ORIENTED_EDGE('',*,*,#1216,.T.);
#1703=ORIENTED_EDGE('',*,*,#1218,.T.);
#1704=ORIENTED_EDGE('',*,*,#1220,.T.);
#1705=ORIENTED_EDGE('',*,*,#1222,.T.);
#1706=ORIENTED_EDGE('',*,*,#1224,.F.);
#1707=ORIENTED_EDGE('',*,*,#1226,.T.);
#1708=ORIENTED_EDGE('',*,*,#1228,.F.);
#1709=ORIENTED_EDGE('',*,*,#1230,.T.);
#1710=ORIENTED_EDGE('',*,*,#1232,.T.);
#1711=ORIENTED_EDGE('',*,*,#1234,.T.);
#1712=ORIENTED_EDGE('',*,*,#1236,.T.);
#1713=ORIENTED_EDGE('',*,*,#1238,.T.);
#1714=ORIENTED_EDGE('',*,*,#1240,.F.);
#1715=ORIENTED_EDGE('',*,*,#1242,.T.);
#1716=ORIENTED_EDGE('',*,*,#1243,.F.);
#1717=ORIENTED_EDGE('',*,*,#1244,.T.);
#1718=ORIENTED_EDGE('',*,*,#1245,.T.);
#1719=ORIENTED_EDGE('',*,*,#1246,.T.);
#1720=ORIENTED_EDGE('',*,*,#1247,.T.);
#1721=ORIENTED_EDGE('',*,*,#1248,.T.);
#1722=ORIENTED_EDGE('',*,*,#1249,.F.);
#1723=ORIENTED_EDGE('',*,*,#1250,.T.);
#1724=ORIENTED_EDGE('',*,*,#1251,.F.);
#1725=ORIENTED_EDGE('',*,*,#1252,.T.);
#1726=ORIENTED_EDGE('',*,*,#1253,.T.);
#1727=ORIENTED_EDGE('',*,*,#1254,.T.);
#1728=ORIENTED_EDGE('',*,*,#1255,.T.);
#1729=ORIENTED_EDGE('',*,*,#1256,.T.);
#1730=ORIENTED_EDGE('',*,*,#1257,.F.);
#1731=ORIENTED_EDGE('',*,*,#1258,.T.);
#1732=ORIENTED_EDGE('',*,*,#1259,.F.);
#1733=ORIENTED_EDGE('',*,*,#1260,.T.);
#1734=ORIENTED_EDGE('',*,*,#1261,.T.);
#1735=ORIENTED_EDGE('',*,*,#1262,.T.);
#1736=ORIENTED_EDGE('',*,*,#1263,.T.);
#1737=ORIENTED_EDGE('',*,*,#1264,.T.);
#1738=ORIENTED_EDGE('',*,*,#1265,.F.);
#1739=ORIENTED_EDGE('',*,*,#1266,.T.);
#1740=ORIENTED_EDGE('',*,*,#1267,.F.);
#1741=ORIENTED_EDGE('',*,*,#1268,.T.);
#1742=ORIENTED_EDGE('',*,*,#1269,.T.);
#1743=ORIENTED_EDGE('',*,*,#1270,.T.);
#1744=ORIENTED_EDGE('',*,*,#1271,.T.);
#1745=ORIENTED_EDGE('',*,*,#1272,.T.);
#1746=ORIENTED_EDGE('',*,*,#1273,.F.);
#1747=ORIENTED_EDGE('',*,*,#1274,.T.);
#1748=ORIENTED_EDGE('',*,*,#1275,.F.);
#1749=ORIENTED_EDGE('',*,*,#1276,.T.);
#1750=ORIENTED_EDGE('',*,*,#1277,.T.);
#1751=ORIENTED_EDGE('',*,*,#1278,.T.);
#1752=ORIENTED_EDGE('',*,*,#1279,.T.);
#1753=ORIENTED_EDGE('',*,*,#1280,.T.);
#1754=ORIENTED_EDGE('',*,*,#1281,.F.);
#1755=ORIENTED_EDGE('',*,*,#1282,.T.);
#1756=ORIENTED_EDGE('',*,*,#1283,.F.);
#1757=ORIENTED_EDGE('',*,*,#1284,.T.);
#1758=ORIENTED_EDGE('',*,*,#1285,.T.);
#1759=ORIENTED_EDGE('',*,*,#1286,.T.);
#1760=ORIENTED_EDGE('',*,*,#1287,.T.);
#1761=ORIENTED_EDGE('',*,*,#1288,.T.);
#1762=ORIENTED_EDGE('',*,*,#1289,.F.);
#1763=ORIENTED_EDGE('',*,*,#1290,.T.);
#1764=ORIENTED_EDGE('',*,*,#1291,.F.);
#1765=ORIENTED_EDGE('',*,*,#1292,.T.);
#1766=ORIENTED_EDGE('',*,*,#1293,.T.);
#1767=ORIENTED_EDGE('',*,*,#1294,.T.);
#1768=ORIENTED_EDGE('',*,*,#1295,.T.);
#1769=ORIENTED_EDGE('',*,*,#1296,.T.);
#1770=ORIENTED_EDGE('',*,*,#1297,.F.);
#1771=ORIENTED_EDGE('',*,*,#1298,.T.);
#1772=ORIENTED_EDGE('',*,*,#1039,.T.);
#1773=ORIENTED_EDGE('',*,*,#1036,.T.);
#1774=ORIENTED_EDGE('',*,*,#1159,.T.);
#1775=ORIENTED_EDGE('',*,*,#1299,.T.);
#1776=ORIENTED_EDGE('',*,*,#1299,.F.);
#1777=ORIENTED_EDGE('',*,*,#1300,.T.);
#1778=ORIENTED_EDGE('',*,*,#1156,.T.);
#1779=ORIENTED_EDGE('',*,*,#1300,.F.);
#1780=ORIENTED_EDGE('',*,*,#1040,.T.);
#1781=ORIENTED_EDGE('',*,*,#1298,.F.);
#1782=ORIENTED_EDGE('',*,*,#1301,.F.);
#1783=ORIENTED_EDGE('',*,*,#1045,.T.);
#1784=ORIENTED_EDGE('',*,*,#1046,.T.);
#1785=ORIENTED_EDGE('',*,*,#1301,.T.);
#1786=ORIENTED_EDGE('',*,*,#1297,.T.);
#1787=ORIENTED_EDGE('',*,*,#1302,.T.);
#1788=ORIENTED_EDGE('',*,*,#1047,.T.);
#1789=ORIENTED_EDGE('',*,*,#1302,.F.);
#1790=ORIENTED_EDGE('',*,*,#1296,.F.);
#1791=ORIENTED_EDGE('',*,*,#1303,.F.);
#1792=ORIENTED_EDGE('',*,*,#1052,.T.);
#1793=ORIENTED_EDGE('',*,*,#1304,.T.);
#1794=ORIENTED_EDGE('',*,*,#1291,.T.);
#1795=ORIENTED_EDGE('',*,*,#1305,.T.);
#1796=ORIENTED_EDGE('',*,*,#1051,.T.);
#1797=ORIENTED_EDGE('',*,*,#1306,.T.);
#1798=ORIENTED_EDGE('',*,*,#1292,.F.);
#1799=ORIENTED_EDGE('',*,*,#1304,.F.);
#1800=ORIENTED_EDGE('',*,*,#1048,.T.);
#1801=ORIENTED_EDGE('',*,*,#1303,.T.);
#1802=ORIENTED_EDGE('',*,*,#1295,.F.);
#1803=ORIENTED_EDGE('',*,*,#1307,.F.);
#1804=ORIENTED_EDGE('',*,*,#1049,.T.);
#1805=ORIENTED_EDGE('',*,*,#1307,.T.);
#1806=ORIENTED_EDGE('',*,*,#1294,.F.);
#1807=ORIENTED_EDGE('',*,*,#1308,.F.);
#1808=ORIENTED_EDGE('',*,*,#1050,.T.);
#1809=ORIENTED_EDGE('',*,*,#1308,.T.);
#1810=ORIENTED_EDGE('',*,*,#1293,.F.);
#1811=ORIENTED_EDGE('',*,*,#1306,.F.);
#1812=ORIENTED_EDGE('',*,*,#1053,.T.);
#1813=ORIENTED_EDGE('',*,*,#1305,.F.);
#1814=ORIENTED_EDGE('',*,*,#1290,.F.);
#1815=ORIENTED_EDGE('',*,*,#1309,.F.);
#1816=ORIENTED_EDGE('',*,*,#1054,.T.);
#1817=ORIENTED_EDGE('',*,*,#1309,.T.);
#1818=ORIENTED_EDGE('',*,*,#1289,.T.);
#1819=ORIENTED_EDGE('',*,*,#1310,.T.);
#1820=ORIENTED_EDGE('',*,*,#1055,.T.);
#1821=ORIENTED_EDGE('',*,*,#1310,.F.);
#1822=ORIENTED_EDGE('',*,*,#1288,.F.);
#1823=ORIENTED_EDGE('',*,*,#1311,.F.);
#1824=ORIENTED_EDGE('',*,*,#1060,.T.);
#1825=ORIENTED_EDGE('',*,*,#1312,.T.);
#1826=ORIENTED_EDGE('',*,*,#1283,.T.);
#1827=ORIENTED_EDGE('',*,*,#1313,.T.);
#1828=ORIENTED_EDGE('',*,*,#1059,.T.);
#1829=ORIENTED_EDGE('',*,*,#1314,.T.);
#1830=ORIENTED_EDGE('',*,*,#1284,.F.);
#1831=ORIENTED_EDGE('',*,*,#1312,.F.);
#1832=ORIENTED_EDGE('',*,*,#1056,.T.);
#1833=ORIENTED_EDGE('',*,*,#1311,.T.);
#1834=ORIENTED_EDGE('',*,*,#1287,.F.);
#1835=ORIENTED_EDGE('',*,*,#1315,.F.);
#1836=ORIENTED_EDGE('',*,*,#1057,.T.);
#1837=ORIENTED_EDGE('',*,*,#1315,.T.);
#1838=ORIENTED_EDGE('',*,*,#1286,.F.);
#1839=ORIENTED_EDGE('',*,*,#1316,.F.);
#1840=ORIENTED_EDGE('',*,*,#1058,.T.);
#1841=ORIENTED_EDGE('',*,*,#1316,.T.);
#1842=ORIENTED_EDGE('',*,*,#1285,.F.);
#1843=ORIENTED_EDGE('',*,*,#1314,.F.);
#1844=ORIENTED_EDGE('',*,*,#1061,.T.);
#1845=ORIENTED_EDGE('',*,*,#1313,.F.);
#1846=ORIENTED_EDGE('',*,*,#1282,.F.);
#1847=ORIENTED_EDGE('',*,*,#1317,.F.);
#1848=ORIENTED_EDGE('',*,*,#1062,.T.);
#1849=ORIENTED_EDGE('',*,*,#1317,.T.);
#1850=ORIENTED_EDGE('',*,*,#1281,.T.);
#1851=ORIENTED_EDGE('',*,*,#1318,.T.);
#1852=ORIENTED_EDGE('',*,*,#1063,.T.);
#1853=ORIENTED_EDGE('',*,*,#1318,.F.);
#1854=ORIENTED_EDGE('',*,*,#1280,.F.);
#1855=ORIENTED_EDGE('',*,*,#1319,.F.);
#1856=ORIENTED_EDGE('',*,*,#1068,.T.);
#1857=ORIENTED_EDGE('',*,*,#1320,.T.);
#1858=ORIENTED_EDGE('',*,*,#1275,.T.);
#1859=ORIENTED_EDGE('',*,*,#1321,.T.);
#1860=ORIENTED_EDGE('',*,*,#1067,.T.);
#1861=ORIENTED_EDGE('',*,*,#1322,.T.);
#1862=ORIENTED_EDGE('',*,*,#1276,.F.);
#1863=ORIENTED_EDGE('',*,*,#1320,.F.);
#1864=ORIENTED_EDGE('',*,*,#1064,.T.);
#1865=ORIENTED_EDGE('',*,*,#1319,.T.);
#1866=ORIENTED_EDGE('',*,*,#1279,.F.);
#1867=ORIENTED_EDGE('',*,*,#1323,.F.);
#1868=ORIENTED_EDGE('',*,*,#1065,.T.);
#1869=ORIENTED_EDGE('',*,*,#1323,.T.);
#1870=ORIENTED_EDGE('',*,*,#1278,.F.);
#1871=ORIENTED_EDGE('',*,*,#1324,.F.);
#1872=ORIENTED_EDGE('',*,*,#1066,.T.);
#1873=ORIENTED_EDGE('',*,*,#1324,.T.);
#1874=ORIENTED_EDGE('',*,*,#1277,.F.);
#1875=ORIENTED_EDGE('',*,*,#1322,.F.);
#1876=ORIENTED_EDGE('',*,*,#1069,.T.);
#1877=ORIENTED_EDGE('',*,*,#1321,.F.);
#1878=ORIENTED_EDGE('',*,*,#1274,.F.);
#1879=ORIENTED_EDGE('',*,*,#1325,.F.);
#1880=ORIENTED_EDGE('',*,*,#1070,.T.);
#1881=ORIENTED_EDGE('',*,*,#1325,.T.);
#1882=ORIENTED_EDGE('',*,*,#1273,.T.);
#1883=ORIENTED_EDGE('',*,*,#1326,.T.);
#1884=ORIENTED_EDGE('',*,*,#1071,.T.);
#1885=ORIENTED_EDGE('',*,*,#1326,.F.);
#1886=ORIENTED_EDGE('',*,*,#1272,.F.);
#1887=ORIENTED_EDGE('',*,*,#1327,.F.);
#1888=ORIENTED_EDGE('',*,*,#1076,.T.);
#1889=ORIENTED_EDGE('',*,*,#1328,.T.);
#1890=ORIENTED_EDGE('',*,*,#1267,.T.);
#1891=ORIENTED_EDGE('',*,*,#1329,.T.);
#1892=ORIENTED_EDGE('',*,*,#1075,.T.);
#1893=ORIENTED_EDGE('',*,*,#1330,.T.);
#1894=ORIENTED_EDGE('',*,*,#1268,.F.);
#1895=ORIENTED_EDGE('',*,*,#1328,.F.);
#1896=ORIENTED_EDGE('',*,*,#1072,.T.);
#1897=ORIENTED_EDGE('',*,*,#1327,.T.);
#1898=ORIENTED_EDGE('',*,*,#1271,.F.);
#1899=ORIENTED_EDGE('',*,*,#1331,.F.);
#1900=ORIENTED_EDGE('',*,*,#1073,.T.);
#1901=ORIENTED_EDGE('',*,*,#1331,.T.);
#1902=ORIENTED_EDGE('',*,*,#1270,.F.);
#1903=ORIENTED_EDGE('',*,*,#1332,.F.);
#1904=ORIENTED_EDGE('',*,*,#1074,.T.);
#1905=ORIENTED_EDGE('',*,*,#1332,.T.);
#1906=ORIENTED_EDGE('',*,*,#1269,.F.);
#1907=ORIENTED_EDGE('',*,*,#1330,.F.);
#1908=ORIENTED_EDGE('',*,*,#1077,.T.);
#1909=ORIENTED_EDGE('',*,*,#1329,.F.);
#1910=ORIENTED_EDGE('',*,*,#1266,.F.);
#1911=ORIENTED_EDGE('',*,*,#1333,.F.);
#1912=ORIENTED_EDGE('',*,*,#1078,.T.);
#1913=ORIENTED_EDGE('',*,*,#1333,.T.);
#1914=ORIENTED_EDGE('',*,*,#1265,.T.);
#1915=ORIENTED_EDGE('',*,*,#1334,.T.);
#1916=ORIENTED_EDGE('',*,*,#1079,.T.);
#1917=ORIENTED_EDGE('',*,*,#1334,.F.);
#1918=ORIENTED_EDGE('',*,*,#1264,.F.);
#1919=ORIENTED_EDGE('',*,*,#1335,.F.);
#1920=ORIENTED_EDGE('',*,*,#1084,.T.);
#1921=ORIENTED_EDGE('',*,*,#1336,.T.);
#1922=ORIENTED_EDGE('',*,*,#1259,.T.);
#1923=ORIENTED_EDGE('',*,*,#1337,.T.);
#1924=ORIENTED_EDGE('',*,*,#1083,.T.);
#1925=ORIENTED_EDGE('',*,*,#1338,.T.);
#1926=ORIENTED_EDGE('',*,*,#1260,.F.);
#1927=ORIENTED_EDGE('',*,*,#1336,.F.);
#1928=ORIENTED_EDGE('',*,*,#1080,.T.);
#1929=ORIENTED_EDGE('',*,*,#1335,.T.);
#1930=ORIENTED_EDGE('',*,*,#1263,.F.);
#1931=ORIENTED_EDGE('',*,*,#1339,.F.);
#1932=ORIENTED_EDGE('',*,*,#1081,.T.);
#1933=ORIENTED_EDGE('',*,*,#1339,.T.);
#1934=ORIENTED_EDGE('',*,*,#1262,.F.);
#1935=ORIENTED_EDGE('',*,*,#1340,.F.);
#1936=ORIENTED_EDGE('',*,*,#1082,.T.);
#1937=ORIENTED_EDGE('',*,*,#1340,.T.);
#1938=ORIENTED_EDGE('',*,*,#1261,.F.);
#1939=ORIENTED_EDGE('',*,*,#1338,.F.);
#1940=ORIENTED_EDGE('',*,*,#1085,.T.);
#1941=ORIENTED_EDGE('',*,*,#1337,.F.);
#1942=ORIENTED_EDGE('',*,*,#1258,.F.);
#1943=ORIENTED_EDGE('',*,*,#1341,.F.);
#1944=ORIENTED_EDGE('',*,*,#1086,.T.);
#1945=ORIENTED_EDGE('',*,*,#1341,.T.);
#1946=ORIENTED_EDGE('',*,*,#1257,.T.);
#1947=ORIENTED_EDGE('',*,*,#1342,.T.);
#1948=ORIENTED_EDGE('',*,*,#1087,.T.);
#1949=ORIENTED_EDGE('',*,*,#1342,.F.);
#1950=ORIENTED_EDGE('',*,*,#1256,.F.);
#1951=ORIENTED_EDGE('',*,*,#1343,.F.);
#1952=ORIENTED_EDGE('',*,*,#1092,.T.);
#1953=ORIENTED_EDGE('',*,*,#1344,.T.);
#1954=ORIENTED_EDGE('',*,*,#1251,.T.);
#1955=ORIENTED_EDGE('',*,*,#1345,.T.);
#1956=ORIENTED_EDGE('',*,*,#1091,.T.);
#1957=ORIENTED_EDGE('',*,*,#1346,.T.);
#1958=ORIENTED_EDGE('',*,*,#1252,.F.);
#1959=ORIENTED_EDGE('',*,*,#1344,.F.);
#1960=ORIENTED_EDGE('',*,*,#1088,.T.);
#1961=ORIENTED_EDGE('',*,*,#1343,.T.);
#1962=ORIENTED_EDGE('',*,*,#1255,.F.);
#1963=ORIENTED_EDGE('',*,*,#1347,.F.);
#1964=ORIENTED_EDGE('',*,*,#1089,.T.);
#1965=ORIENTED_EDGE('',*,*,#1347,.T.);
#1966=ORIENTED_EDGE('',*,*,#1254,.F.);
#1967=ORIENTED_EDGE('',*,*,#1348,.F.);
#1968=ORIENTED_EDGE('',*,*,#1090,.T.);
#1969=ORIENTED_EDGE('',*,*,#1348,.T.);
#1970=ORIENTED_EDGE('',*,*,#1253,.F.);
#1971=ORIENTED_EDGE('',*,*,#1346,.F.);
#1972=ORIENTED_EDGE('',*,*,#1093,.T.);
#1973=ORIENTED_EDGE('',*,*,#1345,.F.);
#1974=ORIENTED_EDGE('',*,*,#1250,.F.);
#1975=ORIENTED_EDGE('',*,*,#1349,.F.);
#1976=ORIENTED_EDGE('',*,*,#1094,.T.);
#1977=ORIENTED_EDGE('',*,*,#1349,.T.);
#1978=ORIENTED_EDGE('',*,*,#1249,.T.);
#1979=ORIENTED_EDGE('',*,*,#1350,.T.);
#1980=ORIENTED_EDGE('',*,*,#1095,.T.);
#1981=ORIENTED_EDGE('',*,*,#1350,.F.);
#1982=ORIENTED_EDGE('',*,*,#1248,.F.);
#1983=ORIENTED_EDGE('',*,*,#1351,.F.);
#1984=ORIENTED_EDGE('',*,*,#1100,.T.);
#1985=ORIENTED_EDGE('',*,*,#1352,.T.);
#1986=ORIENTED_EDGE('',*,*,#1243,.T.);
#1987=ORIENTED_EDGE('',*,*,#1241,.T.);
#1988=ORIENTED_EDGE('',*,*,#1099,.T.);
#1989=ORIENTED_EDGE('',*,*,#1353,.T.);
#1990=ORIENTED_EDGE('',*,*,#1244,.F.);
#1991=ORIENTED_EDGE('',*,*,#1352,.F.);
#1992=ORIENTED_EDGE('',*,*,#1096,.T.);
#1993=ORIENTED_EDGE('',*,*,#1351,.T.);
#1994=ORIENTED_EDGE('',*,*,#1247,.F.);
#1995=ORIENTED_EDGE('',*,*,#1354,.F.);
#1996=ORIENTED_EDGE('',*,*,#1097,.T.);
#1997=ORIENTED_EDGE('',*,*,#1354,.T.);
#1998=ORIENTED_EDGE('',*,*,#1246,.F.);
#1999=ORIENTED_EDGE('',*,*,#1355,.F.);
#2000=ORIENTED_EDGE('',*,*,#1098,.T.);
#2001=ORIENTED_EDGE('',*,*,#1355,.T.);
#2002=ORIENTED_EDGE('',*,*,#1245,.F.);
#2003=ORIENTED_EDGE('',*,*,#1353,.F.);
#2004=PLANE('',#2162);
#2005=PLANE('',#2166);
#2006=PLANE('',#2170);
#2007=PLANE('',#2222);
#2008=PLANE('',#2225);
#2009=PLANE('',#2228);
#2010=PLANE('',#2230);
#2011=PLANE('',#2235);
#2012=PLANE('',#2236);
#2013=PLANE('',#2239);
#2014=PLANE('',#2246);
#2015=PLANE('',#2249);
#2016=PLANE('',#2256);
#2017=PLANE('',#2259);
#2018=PLANE('',#2266);
#2019=PLANE('',#2269);
#2020=PLANE('',#2276);
#2021=PLANE('',#2279);
#2022=PLANE('',#2284);
#2023=PLANE('',#2317);
#2024=PLANE('',#2319);
#2025=PLANE('',#2323);
#2026=PLANE('',#2325);
#2027=PLANE('',#2329);
#2028=PLANE('',#2331);
#2029=PLANE('',#2335);
#2030=PLANE('',#2337);
#2031=PLANE('',#2341);
#2032=PLANE('',#2343);
#2033=PLANE('',#2347);
#2034=PLANE('',#2349);
#2035=PLANE('',#2353);
#2036=PLANE('',#2355);
#2037=ADVANCED_FACE('',(#255),#2004,.F.);
#2038=ADVANCED_FACE('',(#256),#201,.T.);
#2039=ADVANCED_FACE('',(#257),#2005,.F.);
#2040=ADVANCED_FACE('',(#258),#202,.T.);
#2041=ADVANCED_FACE('',(#259,#63,#64),#2006,.F.);
#2042=ADVANCED_FACE('',(#260),#2007,.F.);
#2043=ADVANCED_FACE('',(#261),#203,.F.);
#2044=ADVANCED_FACE('',(#262),#2008,.F.);
#2045=ADVANCED_FACE('',(#263),#204,.F.);
#2046=ADVANCED_FACE('',(#264,#65),#2009,.F.);
#2047=ADVANCED_FACE('',(#265),#2010,.T.);
#2048=ADVANCED_FACE('',(#266),#205,.F.);
#2049=ADVANCED_FACE('',(#267),#206,.T.);
#2050=ADVANCED_FACE('',(#268),#2011,.T.);
#2051=ADVANCED_FACE('',(#269),#2012,.T.);
#2052=ADVANCED_FACE('',(#270),#39,.T.);
#2053=ADVANCED_FACE('',(#271),#207,.T.);
#2054=ADVANCED_FACE('',(#272),#40,.T.);
#2055=ADVANCED_FACE('',(#273),#2013,.T.);
#2056=ADVANCED_FACE('',(#274),#208,.F.);
#2057=ADVANCED_FACE('',(#275),#209,.T.);
#2058=ADVANCED_FACE('',(#276),#210,.F.);
#2059=ADVANCED_FACE('',(#277),#2014,.T.);
#2060=ADVANCED_FACE('',(#278),#41,.T.);
#2061=ADVANCED_FACE('',(#279),#211,.T.);
#2062=ADVANCED_FACE('',(#280),#42,.T.);
#2063=ADVANCED_FACE('',(#281),#2015,.T.);
#2064=ADVANCED_FACE('',(#282),#212,.F.);
#2065=ADVANCED_FACE('',(#283),#213,.T.);
#2066=ADVANCED_FACE('',(#284),#214,.F.);
#2067=ADVANCED_FACE('',(#285),#2016,.T.);
#2068=ADVANCED_FACE('',(#286),#43,.T.);
#2069=ADVANCED_FACE('',(#287),#215,.T.);
#2070=ADVANCED_FACE('',(#288),#44,.T.);
#2071=ADVANCED_FACE('',(#289),#2017,.T.);
#2072=ADVANCED_FACE('',(#290),#216,.F.);
#2073=ADVANCED_FACE('',(#291),#217,.T.);
#2074=ADVANCED_FACE('',(#292),#218,.F.);
#2075=ADVANCED_FACE('',(#293),#2018,.T.);
#2076=ADVANCED_FACE('',(#294),#45,.T.);
#2077=ADVANCED_FACE('',(#295),#219,.T.);
#2078=ADVANCED_FACE('',(#296),#46,.T.);
#2079=ADVANCED_FACE('',(#297),#2019,.T.);
#2080=ADVANCED_FACE('',(#298),#220,.F.);
#2081=ADVANCED_FACE('',(#299),#221,.T.);
#2082=ADVANCED_FACE('',(#300),#222,.F.);
#2083=ADVANCED_FACE('',(#301),#2020,.T.);
#2084=ADVANCED_FACE('',(#302),#47,.T.);
#2085=ADVANCED_FACE('',(#303),#223,.T.);
#2086=ADVANCED_FACE('',(#304),#48,.T.);
#2087=ADVANCED_FACE('',(#305),#2021,.T.);
#2088=ADVANCED_FACE('',(#306),#224,.F.);
#2089=ADVANCED_FACE('',(#307),#225,.T.);
#2090=ADVANCED_FACE('',(#308,#66,#67),#2022,.T.);
#2091=ADVANCED_FACE('',(#309),#226,.F.);
#2092=ADVANCED_FACE('',(#310),#227,.T.);
#2093=ADVANCED_FACE('',(#311),#228,.F.);
#2094=ADVANCED_FACE('',(#312),#2023,.T.);
#2095=ADVANCED_FACE('',(#313),#229,.F.);
#2096=ADVANCED_FACE('',(#314),#2024,.T.);
#2097=ADVANCED_FACE('',(#315),#49,.T.);
#2098=ADVANCED_FACE('',(#316),#230,.T.);
#2099=ADVANCED_FACE('',(#317),#50,.T.);
#2100=ADVANCED_FACE('',(#318),#231,.T.);
#2101=ADVANCED_FACE('',(#319),#232,.F.);
#2102=ADVANCED_FACE('',(#320),#2025,.T.);
#2103=ADVANCED_FACE('',(#321),#233,.F.);
#2104=ADVANCED_FACE('',(#322),#2026,.T.);
#2105=ADVANCED_FACE('',(#323),#51,.T.);
#2106=ADVANCED_FACE('',(#324),#234,.T.);
#2107=ADVANCED_FACE('',(#325),#52,.T.);
#2108=ADVANCED_FACE('',(#326),#235,.T.);
#2109=ADVANCED_FACE('',(#327),#236,.F.);
#2110=ADVANCED_FACE('',(#328),#2027,.T.);
#2111=ADVANCED_FACE('',(#329),#237,.F.);
#2112=ADVANCED_FACE('',(#330),#2028,.T.);
#2113=ADVANCED_FACE('',(#331),#53,.T.);
#2114=ADVANCED_FACE('',(#332),#238,.T.);
#2115=ADVANCED_FACE('',(#333),#54,.T.);
#2116=ADVANCED_FACE('',(#334),#239,.T.);
#2117=ADVANCED_FACE('',(#335),#240,.F.);
#2118=ADVANCED_FACE('',(#336),#2029,.T.);
#2119=ADVANCED_FACE('',(#337),#241,.F.);
#2120=ADVANCED_FACE('',(#338),#2030,.T.);
#2121=ADVANCED_FACE('',(#339),#55,.T.);
#2122=ADVANCED_FACE('',(#340),#242,.T.);
#2123=ADVANCED_FACE('',(#341),#56,.T.);
#2124=ADVANCED_FACE('',(#342),#243,.T.);
#2125=ADVANCED_FACE('',(#343),#244,.F.);
#2126=ADVANCED_FACE('',(#344),#2031,.T.);
#2127=ADVANCED_FACE('',(#345),#245,.F.);
#2128=ADVANCED_FACE('',(#346),#2032,.T.);
#2129=ADVANCED_FACE('',(#347),#57,.T.);
#2130=ADVANCED_FACE('',(#348),#246,.T.);
#2131=ADVANCED_FACE('',(#349),#58,.T.);
#2132=ADVANCED_FACE('',(#350),#247,.T.);
#2133=ADVANCED_FACE('',(#351),#248,.F.);
#2134=ADVANCED_FACE('',(#352),#2033,.T.);
#2135=ADVANCED_FACE('',(#353),#249,.F.);
#2136=ADVANCED_FACE('',(#354),#2034,.T.);
#2137=ADVANCED_FACE('',(#355),#59,.T.);
#2138=ADVANCED_FACE('',(#356),#250,.T.);
#2139=ADVANCED_FACE('',(#357),#60,.T.);
#2140=ADVANCED_FACE('',(#358),#251,.T.);
#2141=ADVANCED_FACE('',(#359),#252,.F.);
#2142=ADVANCED_FACE('',(#360),#2035,.T.);
#2143=ADVANCED_FACE('',(#361),#253,.F.);
#2144=ADVANCED_FACE('',(#362),#2036,.T.);
#2145=ADVANCED_FACE('',(#363),#61,.T.);
#2146=ADVANCED_FACE('',(#364),#254,.T.);
#2147=ADVANCED_FACE('',(#365),#62,.T.);
#2148=CLOSED_SHELL('',(#2037,#2038,#2039,#2040,#2041,#2042,#2043,#2044,
#2045,#2046,#2047,#2048,#2049,#2050,#2051,#2052,#2053,#2054,#2055,#2056,
#2057,#2058,#2059,#2060,#2061,#2062,#2063,#2064,#2065,#2066,#2067,#2068,
#2069,#2070,#2071,#2072,#2073,#2074,#2075,#2076,#2077,#2078,#2079,#2080,
#2081,#2082,#2083,#2084,#2085,#2086,#2087,#2088,#2089,#2090,#2091,#2092,
#2093,#2094,#2095,#2096,#2097,#2098,#2099,#2100,#2101,#2102,#2103,#2104,
#2105,#2106,#2107,#2108,#2109,#2110,#2111,#2112,#2113,#2114,#2115,#2116,
#2117,#2118,#2119,#2120,#2121,#2122,#2123,#2124,#2125,#2126,#2127,#2128,
#2129,#2130,#2131,#2132,#2133,#2134,#2135,#2136,#2137,#2138,#2139,#2140,
#2141,#2142,#2143,#2144,#2145,#2146,#2147));
#2149=DERIVED_UNIT_ELEMENT(#2151,1.);
#2150=DERIVED_UNIT_ELEMENT(#10249,-3.);
#2151=(
MASS_UNIT()
NAMED_UNIT(*)
SI_UNIT(.KILO.,.GRAM.)
);
#2152=DERIVED_UNIT((#2149,#2150));
#2153=MEASURE_REPRESENTATION_ITEM('density measure',
POSITIVE_RATIO_MEASURE(7850.),#2152);
#2154=PROPERTY_DEFINITION_REPRESENTATION(#2159,#2156);
#2155=PROPERTY_DEFINITION_REPRESENTATION(#2160,#2157);
#2156=REPRESENTATION('material name',(#2158),#10246);
#2157=REPRESENTATION('density',(#2153),#10246);
#2158=DESCRIPTIVE_REPRESENTATION_ITEM('Steel','Steel');
#2159=PROPERTY_DEFINITION('material property','material name',#10256);
#2160=PROPERTY_DEFINITION('material property','density of part',#10256);
#2161=AXIS2_PLACEMENT_3D('',#2916,#2357,#2358);
#2162=AXIS2_PLACEMENT_3D('',#2917,#2359,#2360);
#2163=AXIS2_PLACEMENT_3D('',#2926,#2365,#2366);
#2164=AXIS2_PLACEMENT_3D('',#2928,#2367,#2368);
#2165=AXIS2_PLACEMENT_3D('',#2931,#2370,#2371);
#2166=AXIS2_PLACEMENT_3D('',#2932,#2372,#2373);
#2167=AXIS2_PLACEMENT_3D('',#2938,#2377,#2378);
#2168=AXIS2_PLACEMENT_3D('',#2940,#2379,#2380);
#2169=AXIS2_PLACEMENT_3D('',#2943,#2382,#2383);
#2170=AXIS2_PLACEMENT_3D('',#2944,#2384,#2385);
#2171=AXIS2_PLACEMENT_3D('',#2946,#2386,#2387);
#2172=AXIS2_PLACEMENT_3D('',#2948,#2388,#2389);
#2173=AXIS2_PLACEMENT_3D('',#3017,#2391,#2392);
#2174=AXIS2_PLACEMENT_3D('',#3083,#2394,#2395);
#2175=AXIS2_PLACEMENT_3D('',#3085,#2396,#2397);
#2176=AXIS2_PLACEMENT_3D('',#3087,#2398,#2399);
#2177=AXIS2_PLACEMENT_3D('',#3156,#2401,#2402);
#2178=AXIS2_PLACEMENT_3D('',#3222,#2404,#2405);
#2179=AXIS2_PLACEMENT_3D('',#3224,#2406,#2407);
#2180=AXIS2_PLACEMENT_3D('',#3226,#2408,#2409);
#2181=AXIS2_PLACEMENT_3D('',#3295,#2411,#2412);
#2182=AXIS2_PLACEMENT_3D('',#3361,#2414,#2415);
#2183=AXIS2_PLACEMENT_3D('',#3363,#2416,#2417);
#2184=AXIS2_PLACEMENT_3D('',#3365,#2418,#2419);
#2185=AXIS2_PLACEMENT_3D('',#3434,#2421,#2422);
#2186=AXIS2_PLACEMENT_3D('',#3500,#2424,#2425);
#2187=AXIS2_PLACEMENT_3D('',#3502,#2426,#2427);
#2188=AXIS2_PLACEMENT_3D('',#3504,#2428,#2429);
#2189=AXIS2_PLACEMENT_3D('',#3573,#2431,#2432);
#2190=AXIS2_PLACEMENT_3D('',#3639,#2434,#2435);
#2191=AXIS2_PLACEMENT_3D('',#3641,#2436,#2437);
#2192=AXIS2_PLACEMENT_3D('',#3643,#2438,#2439);
#2193=AXIS2_PLACEMENT_3D('',#3712,#2441,#2442);
#2194=AXIS2_PLACEMENT_3D('',#3778,#2444,#2445);
#2195=AXIS2_PLACEMENT_3D('',#3780,#2446,#2447);
#2196=AXIS2_PLACEMENT_3D('',#3782,#2448,#2449);
#2197=AXIS2_PLACEMENT_3D('',#3851,#2451,#2452);
#2198=AXIS2_PLACEMENT_3D('',#3864,#2454,#2455);
#2199=AXIS2_PLACEMENT_3D('',#3866,#2456,#2457);
#2200=AXIS2_PLACEMENT_3D('',#3868,#2458,#2459);
#2201=AXIS2_PLACEMENT_3D('',#3937,#2461,#2462);
#2202=AXIS2_PLACEMENT_3D('',#4003,#2464,#2465);
#2203=AXIS2_PLACEMENT_3D('',#4005,#2466,#2467);
#2204=AXIS2_PLACEMENT_3D('',#4007,#2468,#2469);
#2205=AXIS2_PLACEMENT_3D('',#4076,#2471,#2472);
#2206=AXIS2_PLACEMENT_3D('',#4142,#2474,#2475);
#2207=AXIS2_PLACEMENT_3D('',#4144,#2476,#2477);
#2208=AXIS2_PLACEMENT_3D('',#4146,#2478,#2479);
#2209=AXIS2_PLACEMENT_3D('',#4215,#2481,#2482);
#2210=AXIS2_PLACEMENT_3D('',#4281,#2484,#2485);
#2211=AXIS2_PLACEMENT_3D('',#4283,#2486,#2487);
#2212=AXIS2_PLACEMENT_3D('',#4285,#2488,#2489);
#2213=AXIS2_PLACEMENT_3D('',#4354,#2491,#2492);
#2214=AXIS2_PLACEMENT_3D('',#4420,#2494,#2495);
#2215=AXIS2_PLACEMENT_3D('',#4422,#2496,#2497);
#2216=AXIS2_PLACEMENT_3D('',#4424,#2498,#2499);
#2217=AXIS2_PLACEMENT_3D('',#4493,#2501,#2502);
#2218=AXIS2_PLACEMENT_3D('',#4502,#2504,#2505);
#2219=AXIS2_PLACEMENT_3D('',#4507,#2508,#2509);
#2220=AXIS2_PLACEMENT_3D('',#4512,#2511,#2512);
#2221=AXIS2_PLACEMENT_3D('',#4515,#2514,#2515);
#2222=AXIS2_PLACEMENT_3D('',#4516,#2516,#2517);
#2223=AXIS2_PLACEMENT_3D('',#4522,#2521,#2522);
#2224=AXIS2_PLACEMENT_3D('',#4525,#2524,#2525);
#2225=AXIS2_PLACEMENT_3D('',#4526,#2526,#2527);
#2226=AXIS2_PLACEMENT_3D('',#4530,#2530,#2531);
#2227=AXIS2_PLACEMENT_3D('',#4531,#2532,#2533);
#2228=AXIS2_PLACEMENT_3D('',#4532,#2534,#2535);
#2229=AXIS2_PLACEMENT_3D('',#4534,#2536,#2537);
#2230=AXIS2_PLACEMENT_3D('',#4535,#2538,#2539);
#2231=AXIS2_PLACEMENT_3D('',#4539,#2542,#2543);
#2232=AXIS2_PLACEMENT_3D('',#4541,#2544,#2545);
#2233=AXIS2_PLACEMENT_3D('',#4543,#2547,#2548);
#2234=AXIS2_PLACEMENT_3D('',#4547,#2550,#2551);
#2235=AXIS2_PLACEMENT_3D('',#4549,#2553,#2554);
#2236=AXIS2_PLACEMENT_3D('',#4551,#2556,#2557);
#2237=AXIS2_PLACEMENT_3D('',#4740,#2560,#2561);
#2238=AXIS2_PLACEMENT_3D('',#4743,#2563,#2564);
#2239=AXIS2_PLACEMENT_3D('',#4971,#2566,#2567);
#2240=AXIS2_PLACEMENT_3D('',#4975,#2570,#2571);
#2241=AXIS2_PLACEMENT_3D('',#4978,#2573,#2574);
#2242=AXIS2_PLACEMENT_3D('',#4979,#2575,#2576);
#2243=AXIS2_PLACEMENT_3D('',#4982,#2578,#2579);
#2244=AXIS2_PLACEMENT_3D('',#4983,#2580,#2581);
#2245=AXIS2_PLACEMENT_3D('',#4986,#2583,#2584);
#2246=AXIS2_PLACEMENT_3D('',#4987,#2585,#2586);
#2247=AXIS2_PLACEMENT_3D('',#5218,#2590,#2591);
#2248=AXIS2_PLACEMENT_3D('',#5221,#2593,#2594);
#2249=AXIS2_PLACEMENT_3D('',#5449,#2596,#2597);
#2250=AXIS2_PLACEMENT_3D('',#5453,#2600,#2601);
#2251=AXIS2_PLACEMENT_3D('',#5456,#2603,#2604);
#2252=AXIS2_PLACEMENT_3D('',#5457,#2605,#2606);
#2253=AXIS2_PLACEMENT_3D('',#5460,#2608,#2609);
#2254=AXIS2_PLACEMENT_3D('',#5461,#2610,#2611);
#2255=AXIS2_PLACEMENT_3D('',#5464,#2613,#2614);
#2256=AXIS2_PLACEMENT_3D('',#5465,#2615,#2616);
#2257=AXIS2_PLACEMENT_3D('',#5696,#2620,#2621);
#2258=AXIS2_PLACEMENT_3D('',#5699,#2623,#2624);
#2259=AXIS2_PLACEMENT_3D('',#5927,#2626,#2627);
#2260=AXIS2_PLACEMENT_3D('',#5931,#2630,#2631);
#2261=AXIS2_PLACEMENT_3D('',#5934,#2633,#2634);
#2262=AXIS2_PLACEMENT_3D('',#5935,#2635,#2636);
#2263=AXIS2_PLACEMENT_3D('',#5938,#2638,#2639);
#2264=AXIS2_PLACEMENT_3D('',#5939,#2640,#2641);
#2265=AXIS2_PLACEMENT_3D('',#5942,#2643,#2644);
#2266=AXIS2_PLACEMENT_3D('',#5943,#2645,#2646);
#2267=AXIS2_PLACEMENT_3D('',#6174,#2650,#2651);
#2268=AXIS2_PLACEMENT_3D('',#6177,#2653,#2654);
#2269=AXIS2_PLACEMENT_3D('',#6405,#2656,#2657);
#2270=AXIS2_PLACEMENT_3D('',#6409,#2660,#2661);
#2271=AXIS2_PLACEMENT_3D('',#6412,#2663,#2664);
#2272=AXIS2_PLACEMENT_3D('',#6413,#2665,#2666);
#2273=AXIS2_PLACEMENT_3D('',#6416,#2668,#2669);
#2274=AXIS2_PLACEMENT_3D('',#6417,#2670,#2671);
#2275=AXIS2_PLACEMENT_3D('',#6420,#2673,#2674);
#2276=AXIS2_PLACEMENT_3D('',#6421,#2675,#2676);
#2277=AXIS2_PLACEMENT_3D('',#6652,#2680,#2681);
#2278=AXIS2_PLACEMENT_3D('',#6655,#2683,#2684);
#2279=AXIS2_PLACEMENT_3D('',#6883,#2686,#2687);
#2280=AXIS2_PLACEMENT_3D('',#6887,#2690,#2691);
#2281=AXIS2_PLACEMENT_3D('',#6890,#2693,#2694);
#2282=AXIS2_PLACEMENT_3D('',#6891,#2695,#2696);
#2283=AXIS2_PLACEMENT_3D('',#6894,#2698,#2699);
#2284=AXIS2_PLACEMENT_3D('',#6895,#2700,#2701);
#2285=AXIS2_PLACEMENT_3D('',#6897,#2702,#2703);
#2286=AXIS2_PLACEMENT_3D('',#6977,#2705,#2706);
#2287=AXIS2_PLACEMENT_3D('',#7057,#2708,#2709);
#2288=AXIS2_PLACEMENT_3D('',#7059,#2710,#2711);
#2289=AXIS2_PLACEMENT_3D('',#7061,#2712,#2713);
#2290=AXIS2_PLACEMENT_3D('',#7141,#2715,#2716);
#2291=AXIS2_PLACEMENT_3D('',#7221,#2718,#2719);
#2292=AXIS2_PLACEMENT_3D('',#7223,#2720,#2721);
#2293=AXIS2_PLACEMENT_3D('',#7225,#2722,#2723);
#2294=AXIS2_PLACEMENT_3D('',#7305,#2725,#2726);
#2295=AXIS2_PLACEMENT_3D('',#7385,#2728,#2729);
#2296=AXIS2_PLACEMENT_3D('',#7387,#2730,#2731);
#2297=AXIS2_PLACEMENT_3D('',#7389,#2732,#2733);
#2298=AXIS2_PLACEMENT_3D('',#7469,#2735,#2736);
#2299=AXIS2_PLACEMENT_3D('',#7549,#2738,#2739);
#2300=AXIS2_PLACEMENT_3D('',#7551,#2740,#2741);
#2301=AXIS2_PLACEMENT_3D('',#7553,#2742,#2743);
#2302=AXIS2_PLACEMENT_3D('',#7633,#2745,#2746);
#2303=AXIS2_PLACEMENT_3D('',#7713,#2748,#2749);
#2304=AXIS2_PLACEMENT_3D('',#7715,#2750,#2751);
#2305=AXIS2_PLACEMENT_3D('',#7717,#2752,#2753);
#2306=AXIS2_PLACEMENT_3D('',#7797,#2755,#2756);
#2307=AXIS2_PLACEMENT_3D('',#7877,#2758,#2759);
#2308=AXIS2_PLACEMENT_3D('',#7879,#2760,#2761);
#2309=AXIS2_PLACEMENT_3D('',#7881,#2762,#2763);
#2310=AXIS2_PLACEMENT_3D('',#7961,#2765,#2766);
#2311=AXIS2_PLACEMENT_3D('',#8041,#2768,#2769);
#2312=AXIS2_PLACEMENT_3D('',#8042,#2770,#2771);
#2313=AXIS2_PLACEMENT_3D('',#8044,#2772,#2773);
#2314=AXIS2_PLACEMENT_3D('',#8045,#2774,#2775);
#2315=AXIS2_PLACEMENT_3D('',#8047,#2777,#2778);
#2316=AXIS2_PLACEMENT_3D('',#8049,#2780,#2781);
#2317=AXIS2_PLACEMENT_3D('',#8051,#2783,#2784);
#2318=AXIS2_PLACEMENT_3D('',#8053,#2786,#2787);
#2319=AXIS2_PLACEMENT_3D('',#8056,#2790,#2791);
#2320=AXIS2_PLACEMENT_3D('',#8209,#2794,#2795);
#2321=AXIS2_PLACEMENT_3D('',#8361,#2797,#2798);
#2322=AXIS2_PLACEMENT_3D('',#8363,#2800,#2801);
#2323=AXIS2_PLACEMENT_3D('',#8365,#2803,#2804);
#2324=AXIS2_PLACEMENT_3D('',#8367,#2806,#2807);
#2325=AXIS2_PLACEMENT_3D('',#8370,#2810,#2811);
#2326=AXIS2_PLACEMENT_3D('',#8523,#2814,#2815);
#2327=AXIS2_PLACEMENT_3D('',#8675,#2817,#2818);
#2328=AXIS2_PLACEMENT_3D('',#8677,#2820,#2821);
#2329=AXIS2_PLACEMENT_3D('',#8679,#2823,#2824);
#2330=AXIS2_PLACEMENT_3D('',#8681,#2826,#2827);
#2331=AXIS2_PLACEMENT_3D('',#8684,#2830,#2831);
#2332=AXIS2_PLACEMENT_3D('',#8837,#2834,#2835);
#2333=AXIS2_PLACEMENT_3D('',#8989,#2837,#2838);
#2334=AXIS2_PLACEMENT_3D('',#8991,#2840,#2841);
#2335=AXIS2_PLACEMENT_3D('',#8993,#2843,#2844);
#2336=AXIS2_PLACEMENT_3D('',#8995,#2846,#2847);
#2337=AXIS2_PLACEMENT_3D('',#8998,#2850,#2851);
#2338=AXIS2_PLACEMENT_3D('',#9151,#2854,#2855);
#2339=AXIS2_PLACEMENT_3D('',#9303,#2857,#2858);
#2340=AXIS2_PLACEMENT_3D('',#9305,#2860,#2861);
#2341=AXIS2_PLACEMENT_3D('',#9307,#2863,#2864);
#2342=AXIS2_PLACEMENT_3D('',#9309,#2866,#2867);
#2343=AXIS2_PLACEMENT_3D('',#9312,#2870,#2871);
#2344=AXIS2_PLACEMENT_3D('',#9465,#2874,#2875);
#2345=AXIS2_PLACEMENT_3D('',#9617,#2877,#2878);
#2346=AXIS2_PLACEMENT_3D('',#9619,#2880,#2881);
#2347=AXIS2_PLACEMENT_3D('',#9621,#2883,#2884);
#2348=AXIS2_PLACEMENT_3D('',#9623,#2886,#2887);
#2349=AXIS2_PLACEMENT_3D('',#9626,#2890,#2891);
#2350=AXIS2_PLACEMENT_3D('',#9779,#2894,#2895);
#2351=AXIS2_PLACEMENT_3D('',#9931,#2897,#2898);
#2352=AXIS2_PLACEMENT_3D('',#9933,#2900,#2901);
#2353=AXIS2_PLACEMENT_3D('',#9935,#2903,#2904);
#2354=AXIS2_PLACEMENT_3D('',#9937,#2906,#2907);
#2355=AXIS2_PLACEMENT_3D('',#9939,#2909,#2910);
#2356=AXIS2_PLACEMENT_3D('',#10092,#2913,#2914);
#2357=DIRECTION('axis',(0.,0.,1.));
#2358=DIRECTION('refdir',(1.,0.,0.));
#2359=DIRECTION('center_axis',(0.99556246941553,-0.094102972807729,0.));
#2360=DIRECTION('ref_axis',(0.094102972807729,0.99556246941553,0.));
#2361=DIRECTION('',(-0.094102972807729,-0.99556246941553,0.));
#2362=DIRECTION('',(0.,0.,1.));
#2363=DIRECTION('',(0.094102972807729,0.99556246941553,0.));
#2364=DIRECTION('',(0.,0.,-1.));
#2365=DIRECTION('center_axis',(0.,0.,1.));
#2366=DIRECTION('ref_axis',(-0.703193387638616,0.710998635428597,0.));
#2367=DIRECTION('center_axis',(0.,0.,1.));
#2368=DIRECTION('ref_axis',(-0.703193387638616,0.710998635428597,0.));
#2369=DIRECTION('',(0.,0.,1.));
#2370=DIRECTION('center_axis',(0.,0.,-1.));
#2371=DIRECTION('ref_axis',(-0.703193387638616,0.710998635428597,0.));
#2372=DIRECTION('center_axis',(0.662275437156393,0.749260465618805,0.));
#2373=DIRECTION('ref_axis',(-0.749260465618805,0.662275437156393,0.));
#2374=DIRECTION('',(0.749260465618805,-0.662275437156393,0.));
#2375=DIRECTION('',(0.,0.,1.));
#2376=DIRECTION('',(-0.749260465618805,0.662275437156393,0.));
#2377=DIRECTION('center_axis',(0.,0.,1.));
#2378=DIRECTION('ref_axis',(1.,0.,0.));
#2379=DIRECTION('center_axis',(0.,0.,1.));
#2380=DIRECTION('ref_axis',(1.,0.,0.));
#2381=DIRECTION('',(0.,0.,1.));
#2382=DIRECTION('center_axis',(0.,0.,1.));
#2383=DIRECTION('ref_axis',(1.,0.,0.));
#2384=DIRECTION('center_axis',(0.,0.,1.));
#2385=DIRECTION('ref_axis',(1.,0.,0.));
#2386=DIRECTION('center_axis',(0.,0.,1.));
#2387=DIRECTION('ref_axis',(1.,0.,0.));
#2388=DIRECTION('center_axis',(0.,0.,-1.));
#2389=DIRECTION('ref_axis',(0.998755908557163,-0.0498661721225395,0.));
#2390=DIRECTION('',(0.660708878067096,-0.750642243977329,0.));
#2391=DIRECTION('center_axis',(0.,0.,1.));
#2392=DIRECTION('ref_axis',(-0.561943157032344,0.827175850871217,0.));
#2393=DIRECTION('',(-0.509732925883917,0.860332693944512,0.));
#2394=DIRECTION('center_axis',(0.,0.,-1.));
#2395=DIRECTION('ref_axis',(-0.261207001036718,-0.965282809651868,0.));
#2396=DIRECTION('center_axis',(0.,0.,1.));
#2397=DIRECTION('ref_axis',(1.,0.,0.));
#2398=DIRECTION('center_axis',(0.,0.,-1.));
#2399=DIRECTION('ref_axis',(0.934463820391284,-0.356058096916398,0.));
#2400=DIRECTION('',(0.396410273775032,-0.918073469198193,0.));
#2401=DIRECTION('center_axis',(0.,0.,1.));
#2402=DIRECTION('ref_axis',(-0.278828306027318,0.960340968488763,0.));
#2403=DIRECTION('',(-0.218927397486859,0.975741151448288,0.));
#2404=DIRECTION('center_axis',(0.,0.,-1.));
#2405=DIRECTION('ref_axis',(-0.546711412998304,-0.837321103817047,0.));
#2406=DIRECTION('center_axis',(0.,0.,1.));
#2407=DIRECTION('ref_axis',(1.,0.,0.));
#2408=DIRECTION('center_axis',(0.,0.,-1.));
#2409=DIRECTION('ref_axis',(0.778699902693228,-0.627396574381433,0.));
#2410=DIRECTION('',(0.0933082699330834,-0.995637266659949,0.));
#2411=DIRECTION('center_axis',(0.,0.,1.));
#2412=DIRECTION('ref_axis',(0.0315802022827036,0.999501221021657,0.));
#2413=DIRECTION('',(0.0933082699330835,0.995637266659949,0.));
#2414=DIRECTION('center_axis',(0.,0.,-1.));
#2415=DIRECTION('ref_axis',(-0.778699902693228,-0.627396574381433,0.));
#2416=DIRECTION('center_axis',(0.,0.,1.));
#2417=DIRECTION('ref_axis',(1.,0.,0.));
#2418=DIRECTION('center_axis',(0.,0.,-1.));
#2419=DIRECTION('ref_axis',(0.546711412998304,-0.837321103817047,0.));
#2420=DIRECTION('',(-0.218927397486859,-0.975741151448288,0.));
#2421=DIRECTION('center_axis',(0.,0.,1.));
#2422=DIRECTION('ref_axis',(0.338897420361087,0.940823330106456,0.));
#2423=DIRECTION('',(0.396410273775032,0.918073469198192,0.));
#2424=DIRECTION('center_axis',(0.,0.,-1.));
#2425=DIRECTION('ref_axis',(-0.934463820391284,-0.356058096916398,0.));
#2426=DIRECTION('center_axis',(0.,0.,1.));
#2427=DIRECTION('ref_axis',(1.,0.,0.));
#2428=DIRECTION('center_axis',(0.,0.,-1.));
#2429=DIRECTION('ref_axis',(0.261207001036714,-0.965282809651869,0.));
#2430=DIRECTION('',(-0.509732925883917,-0.860332693944512,0.));
#2431=DIRECTION('center_axis',(0.,0.,1.));
#2432=DIRECTION('ref_axis',(0.613040997697355,0.790051096538845,0.));
#2433=DIRECTION('',(0.660708878067096,0.750642243977328,0.));
#2434=DIRECTION('center_axis',(0.,0.,-1.));
#2435=DIRECTION('ref_axis',(-0.998755908557163,-0.0498661721225395,0.));
#2436=DIRECTION('center_axis',(0.,0.,1.));
#2437=DIRECTION('ref_axis',(1.,0.,0.));
#2438=DIRECTION('center_axis',(0.,0.,-1.));
#2439=DIRECTION('ref_axis',(-0.0498661721225397,-0.998755908557164,0.));
#2440=DIRECTION('',(-0.750642243977328,-0.660708878067096,0.));
#2441=DIRECTION('center_axis',(0.,0.,1.));
#2442=DIRECTION('ref_axis',(0.827175850871217,0.561943157032344,0.));
#2443=DIRECTION('',(0.860332693944512,0.509732925883917,0.));
#2444=DIRECTION('center_axis',(0.,0.,-1.));
#2445=DIRECTION('ref_axis',(-0.965282809651867,0.26120700103672,0.));
#2446=DIRECTION('center_axis',(0.,0.,1.));
#2447=DIRECTION('ref_axis',(1.,0.,0.));
#2448=DIRECTION('center_axis',(0.,0.,-1.));
#2449=DIRECTION('ref_axis',(-0.356058096916399,-0.934463820391283,0.));
#2450=DIRECTION('',(-0.918073469198192,-0.396410273775032,0.));
#2451=DIRECTION('center_axis',(0.,0.,1.));
#2452=DIRECTION('ref_axis',(0.960340968488763,0.278828306027318,0.));
#2453=DIRECTION('',(0.975741151448288,0.218927397486859,0.));
#2454=DIRECTION('center_axis',(0.,0.,-1.));
#2455=DIRECTION('ref_axis',(-0.837321103817046,0.546711412998305,0.));
#2456=DIRECTION('center_axis',(0.,0.,1.));
#2457=DIRECTION('ref_axis',(1.,0.,0.));
#2458=DIRECTION('center_axis',(0.,0.,-1.));
#2459=DIRECTION('ref_axis',(-0.627396574381433,-0.778699902693228,0.));
#2460=DIRECTION('',(-0.995637266659949,-0.0933082699330835,0.));
#2461=DIRECTION('center_axis',(0.,0.,1.));
#2462=DIRECTION('ref_axis',(0.999501221021657,-0.0315802022827036,0.));
#2463=DIRECTION('',(0.995637266659949,-0.0933082699330835,0.));
#2464=DIRECTION('center_axis',(0.,0.,-1.));
#2465=DIRECTION('ref_axis',(-0.627396574381434,0.778699902693227,0.));
#2466=DIRECTION('center_axis',(0.,0.,1.));
#2467=DIRECTION('ref_axis',(1.,0.,0.));
#2468=DIRECTION('center_axis',(0.,0.,-1.));
#2469=DIRECTION('ref_axis',(-0.837321103817047,-0.546711412998304,0.));
#2470=DIRECTION('',(-0.975741151448288,0.21892739748686,0.));
#2471=DIRECTION('center_axis',(0.,0.,1.));
#2472=DIRECTION('ref_axis',(0.940823330106456,-0.338897420361087,0.));
#2473=DIRECTION('',(0.918073469198192,-0.396410273775032,0.));
#2474=DIRECTION('center_axis',(0.,0.,-1.));
#2475=DIRECTION('ref_axis',(-0.356058096916399,0.934463820391283,0.));
#2476=DIRECTION('center_axis',(0.,0.,1.));
#2477=DIRECTION('ref_axis',(1.,0.,0.));
#2478=DIRECTION('center_axis',(0.,0.,-1.));
#2479=DIRECTION('ref_axis',(-0.965282809651869,-0.261207001036714,0.));
#2480=DIRECTION('',(-0.860332693944512,0.509732925883917,0.));
#2481=DIRECTION('center_axis',(0.,0.,1.));
#2482=DIRECTION('ref_axis',(0.790051096538845,-0.613040997697356,0.));
#2483=DIRECTION('',(0.750642243977328,-0.660708878067096,0.));
#2484=DIRECTION('center_axis',(0.,0.,-1.));
#2485=DIRECTION('ref_axis',(-0.0498661721225436,0.998755908557163,0.));
#2486=DIRECTION('center_axis',(0.,0.,1.));
#2487=DIRECTION('ref_axis',(1.,0.,0.));
#2488=DIRECTION('center_axis',(0.,0.,-1.));
#2489=DIRECTION('ref_axis',(-0.998755908557163,0.0498661721225438,0.));
#2490=DIRECTION('',(-0.660708878067096,0.750642243977329,0.));
#2491=DIRECTION('center_axis',(0.,0.,1.));
#2492=DIRECTION('ref_axis',(0.561943157032344,-0.827175850871217,0.));
#2493=DIRECTION('',(0.509732925883917,-0.860332693944512,0.));
#2494=DIRECTION('center_axis',(0.,0.,-1.));
#2495=DIRECTION('ref_axis',(0.261207001036714,0.965282809651869,0.));
#2496=DIRECTION('center_axis',(0.,0.,1.));
#2497=DIRECTION('ref_axis',(1.,0.,0.));
#2498=DIRECTION('center_axis',(0.,0.,-1.));
#2499=DIRECTION('ref_axis',(-0.934463820391283,0.356058096916399,0.));
#2500=DIRECTION('',(-0.396410273775032,0.918073469198193,0.));
#2501=DIRECTION('center_axis',(0.,0.,1.));
#2502=DIRECTION('ref_axis',(0.278828306027318,-0.960340968488763,0.));
#2503=DIRECTION('',(0.,1.,0.));
#2504=DIRECTION('center_axis',(0.,0.,1.));
#2505=DIRECTION('ref_axis',(-1.,0.,0.));
#2506=DIRECTION('',(0.,-1.,0.));
#2507=DIRECTION('',(1.11758711729415E-8,-1.,0.));
#2508=DIRECTION('center_axis',(0.,0.,1.));
#2509=DIRECTION('ref_axis',(1.,0.,0.));
#2510=DIRECTION('',(0.0153595207963548,-0.999882035602654,0.));
#2511=DIRECTION('center_axis',(0.,0.,1.));
#2512=DIRECTION('ref_axis',(-1.,0.,0.));
#2513=DIRECTION('',(0.,1.,0.));
#2514=DIRECTION('center_axis',(0.,0.,1.));
#2515=DIRECTION('ref_axis',(1.,0.,0.));
#2516=DIRECTION('center_axis',(-0.999882035602654,-0.0153595207963548,0.));
#2517=DIRECTION('ref_axis',(0.0153595207963548,-0.999882035602654,0.));
#2518=DIRECTION('',(0.,0.,1.));
#2519=DIRECTION('',(0.0153595207963548,-0.999882035602654,0.));
#2520=DIRECTION('',(0.,0.,1.));
#2521=DIRECTION('center_axis',(0.,0.,1.));
#2522=DIRECTION('ref_axis',(-0.164830199067527,0.986321958325657,0.));
#2523=DIRECTION('',(0.,0.,1.));
#2524=DIRECTION('center_axis',(0.,0.,1.));
#2525=DIRECTION('ref_axis',(1.,0.,0.));
#2526=DIRECTION('center_axis',(1.,0.,0.));
#2527=DIRECTION('ref_axis',(0.,1.,0.));
#2528=DIRECTION('',(0.,0.,1.));
#2529=DIRECTION('',(0.,1.,0.));
#2530=DIRECTION('center_axis',(0.,0.,1.));
#2531=DIRECTION('ref_axis',(-1.,0.,0.));
#2532=DIRECTION('center_axis',(0.,0.,1.));
#2533=DIRECTION('ref_axis',(-1.,0.,0.));
#2534=DIRECTION('center_axis',(0.,0.,1.));
#2535=DIRECTION('ref_axis',(1.,0.,0.));
#2536=DIRECTION('center_axis',(0.,0.,-1.));
#2537=DIRECTION('ref_axis',(1.,0.,0.));
#2538=DIRECTION('center_axis',(-1.,-1.11758711729415E-8,0.));
#2539=DIRECTION('ref_axis',(1.11758711729415E-8,-1.,0.));
#2540=DIRECTION('',(0.,0.,1.));
#2541=DIRECTION('',(1.11758711729415E-8,-1.,0.));
#2542=DIRECTION('center_axis',(0.,0.,1.));
#2543=DIRECTION('ref_axis',(1.,0.,0.));
#2544=DIRECTION('center_axis',(0.,0.,-1.));
#2545=DIRECTION('ref_axis',(1.,0.,0.));
#2546=DIRECTION('',(0.,0.,-1.));
#2547=DIRECTION('center_axis',(0.,0.,1.));
#2548=DIRECTION('ref_axis',(-1.,0.,0.));
#2549=DIRECTION('',(0.,0.,1.));
#2550=DIRECTION('center_axis',(0.,0.,1.));
#2551=DIRECTION('ref_axis',(-1.,0.,0.));
#2552=DIRECTION('',(0.,0.,1.));
#2553=DIRECTION('center_axis',(-1.,0.,0.));
#2554=DIRECTION('ref_axis',(0.,-1.,0.));
#2555=DIRECTION('',(0.,-1.,0.));
#2556=DIRECTION('center_axis',(1.,0.,0.));
#2557=DIRECTION('ref_axis',(0.,1.,0.));
#2558=DIRECTION('',(0.,1.,0.));
#2559=DIRECTION('',(0.,0.,1.));
#2560=DIRECTION('center_axis',(0.,0.,1.));
#2561=DIRECTION('ref_axis',(0.278828306027318,-0.960340968488763,0.));
#2562=DIRECTION('',(0.,0.,1.));
#2563=DIRECTION('center_axis',(0.,0.,1.));
#2564=DIRECTION('ref_axis',(0.278828306027318,-0.960340968488763,0.));
#2565=DIRECTION('',(0.,0.,1.));
#2566=DIRECTION('center_axis',(0.918073469198193,0.396410273775032,0.));
#2567=DIRECTION('ref_axis',(-0.396410273775032,0.918073469198193,0.));
#2568=DIRECTION('',(0.,0.,-1.));
#2569=DIRECTION('',(-0.396410273775032,0.918073469198193,0.));
#2570=DIRECTION('center_axis',(0.,0.,-1.));
#2571=DIRECTION('ref_axis',(-0.934463820391283,0.356058096916399,0.));
#2572=DIRECTION('',(0.,0.,1.));
#2573=DIRECTION('center_axis',(0.,0.,1.));
#2574=DIRECTION('ref_axis',(-0.934463820391283,0.356058096916399,0.));
#2575=DIRECTION('center_axis',(0.,0.,1.));
#2576=DIRECTION('ref_axis',(1.,0.,0.));
#2577=DIRECTION('',(0.,0.,-1.));
#2578=DIRECTION('center_axis',(0.,0.,1.));
#2579=DIRECTION('ref_axis',(1.,0.,0.));
#2580=DIRECTION('center_axis',(0.,0.,1.));
#2581=DIRECTION('ref_axis',(0.261207001036714,0.965282809651869,0.));
#2582=DIRECTION('',(0.,0.,1.));
#2583=DIRECTION('center_axis',(0.,0.,1.));
#2584=DIRECTION('ref_axis',(0.261207001036714,0.965282809651869,0.));
#2585=DIRECTION('center_axis',(-0.860332693944512,-0.509732925883917,0.));
#2586=DIRECTION('ref_axis',(0.509732925883917,-0.860332693944512,0.));
#2587=DIRECTION('',(0.,0.,1.));
#2588=DIRECTION('',(0.509732925883917,-0.860332693944512,0.));
#2589=DIRECTION('',(0.,0.,1.));
#2590=DIRECTION('center_axis',(0.,0.,1.));
#2591=DIRECTION('ref_axis',(0.561943157032344,-0.827175850871217,0.));
#2592=DIRECTION('',(0.,0.,1.));
#2593=DIRECTION('center_axis',(0.,0.,1.));
#2594=DIRECTION('ref_axis',(0.561943157032344,-0.827175850871217,0.));
#2595=DIRECTION('',(0.,0.,1.));
#2596=DIRECTION('center_axis',(0.750642243977329,0.660708878067096,0.));
#2597=DIRECTION('ref_axis',(-0.660708878067096,0.750642243977329,0.));
#2598=DIRECTION('',(0.,0.,-1.));
#2599=DIRECTION('',(-0.660708878067096,0.750642243977329,0.));
#2600=DIRECTION('center_axis',(0.,0.,-1.));
#2601=DIRECTION('ref_axis',(-0.998755908557163,0.0498661721225438,0.));
#2602=DIRECTION('',(0.,0.,1.));
#2603=DIRECTION('center_axis',(0.,0.,1.));
#2604=DIRECTION('ref_axis',(-0.998755908557163,0.0498661721225438,0.));
#2605=DIRECTION('center_axis',(0.,0.,1.));
#2606=DIRECTION('ref_axis',(1.,0.,0.));
#2607=DIRECTION('',(0.,0.,-1.));
#2608=DIRECTION('center_axis',(0.,0.,1.));
#2609=DIRECTION('ref_axis',(1.,0.,0.));
#2610=DIRECTION('center_axis',(0.,0.,1.));
#2611=DIRECTION('ref_axis',(-0.0498661721225436,0.998755908557163,0.));
#2612=DIRECTION('',(0.,0.,1.));
#2613=DIRECTION('center_axis',(0.,0.,1.));
#2614=DIRECTION('ref_axis',(-0.0498661721225436,0.998755908557163,0.));
#2615=DIRECTION('center_axis',(-0.660708878067096,-0.750642243977328,0.));
#2616=DIRECTION('ref_axis',(0.750642243977328,-0.660708878067096,0.));
#2617=DIRECTION('',(0.,0.,1.));
#2618=DIRECTION('',(0.750642243977328,-0.660708878067096,0.));
#2619=DIRECTION('',(0.,0.,1.));
#2620=DIRECTION('center_axis',(0.,0.,1.));
#2621=DIRECTION('ref_axis',(0.790051096538845,-0.613040997697356,0.));
#2622=DIRECTION('',(0.,0.,1.));
#2623=DIRECTION('center_axis',(0.,0.,1.));
#2624=DIRECTION('ref_axis',(0.790051096538845,-0.613040997697356,0.));
#2625=DIRECTION('',(0.,0.,1.));
#2626=DIRECTION('center_axis',(0.509732925883917,0.860332693944512,0.));
#2627=DIRECTION('ref_axis',(-0.860332693944512,0.509732925883917,0.));
#2628=DIRECTION('',(0.,0.,-1.));
#2629=DIRECTION('',(-0.860332693944512,0.509732925883917,0.));
#2630=DIRECTION('center_axis',(0.,0.,-1.));
#2631=DIRECTION('ref_axis',(-0.965282809651869,-0.261207001036714,0.));
#2632=DIRECTION('',(0.,0.,1.));
#2633=DIRECTION('center_axis',(0.,0.,1.));
#2634=DIRECTION('ref_axis',(-0.965282809651869,-0.261207001036714,0.));
#2635=DIRECTION('center_axis',(0.,0.,1.));
#2636=DIRECTION('ref_axis',(1.,0.,0.));
#2637=DIRECTION('',(0.,0.,-1.));
#2638=DIRECTION('center_axis',(0.,0.,1.));
#2639=DIRECTION('ref_axis',(1.,0.,0.));
#2640=DIRECTION('center_axis',(0.,0.,1.));
#2641=DIRECTION('ref_axis',(-0.356058096916399,0.934463820391283,0.));
#2642=DIRECTION('',(0.,0.,1.));
#2643=DIRECTION('center_axis',(0.,0.,1.));
#2644=DIRECTION('ref_axis',(-0.356058096916399,0.934463820391283,0.));
#2645=DIRECTION('center_axis',(-0.396410273775032,-0.918073469198192,0.));
#2646=DIRECTION('ref_axis',(0.918073469198192,-0.396410273775032,0.));
#2647=DIRECTION('',(0.,0.,1.));
#2648=DIRECTION('',(0.918073469198192,-0.396410273775032,0.));
#2649=DIRECTION('',(0.,0.,1.));
#2650=DIRECTION('center_axis',(0.,0.,1.));
#2651=DIRECTION('ref_axis',(0.940823330106456,-0.338897420361087,0.));
#2652=DIRECTION('',(0.,0.,1.));
#2653=DIRECTION('center_axis',(0.,0.,1.));
#2654=DIRECTION('ref_axis',(0.940823330106456,-0.338897420361087,0.));
#2655=DIRECTION('',(0.,0.,1.));
#2656=DIRECTION('center_axis',(0.21892739748686,0.975741151448288,0.));
#2657=DIRECTION('ref_axis',(-0.975741151448288,0.21892739748686,0.));
#2658=DIRECTION('',(0.,0.,-1.));
#2659=DIRECTION('',(-0.975741151448288,0.21892739748686,0.));
#2660=DIRECTION('center_axis',(0.,0.,-1.));
#2661=DIRECTION('ref_axis',(-0.837321103817047,-0.546711412998304,0.));
#2662=DIRECTION('',(0.,0.,1.));
#2663=DIRECTION('center_axis',(0.,0.,1.));
#2664=DIRECTION('ref_axis',(-0.837321103817047,-0.546711412998304,0.));
#2665=DIRECTION('center_axis',(0.,0.,1.));
#2666=DIRECTION('ref_axis',(1.,0.,0.));
#2667=DIRECTION('',(0.,0.,-1.));
#2668=DIRECTION('center_axis',(0.,0.,1.));
#2669=DIRECTION('ref_axis',(1.,0.,0.));
#2670=DIRECTION('center_axis',(0.,0.,1.));
#2671=DIRECTION('ref_axis',(-0.627396574381434,0.778699902693227,0.));
#2672=DIRECTION('',(0.,0.,1.));
#2673=DIRECTION('center_axis',(0.,0.,1.));
#2674=DIRECTION('ref_axis',(-0.627396574381434,0.778699902693227,0.));
#2675=DIRECTION('center_axis',(-0.0933082699330835,-0.995637266659949,0.));
#2676=DIRECTION('ref_axis',(0.995637266659949,-0.0933082699330835,0.));
#2677=DIRECTION('',(0.,0.,1.));
#2678=DIRECTION('',(0.995637266659949,-0.0933082699330835,0.));
#2679=DIRECTION('',(0.,0.,1.));
#2680=DIRECTION('center_axis',(0.,0.,1.));
#2681=DIRECTION('ref_axis',(0.999501221021657,-0.0315802022827036,0.));
#2682=DIRECTION('',(0.,0.,1.));
#2683=DIRECTION('center_axis',(0.,0.,1.));
#2684=DIRECTION('ref_axis',(0.999501221021657,-0.0315802022827036,0.));
#2685=DIRECTION('',(0.,0.,1.));
#2686=DIRECTION('center_axis',(-0.0933082699330835,0.995637266659949,0.));
#2687=DIRECTION('ref_axis',(-0.995637266659949,-0.0933082699330835,0.));
#2688=DIRECTION('',(0.,0.,-1.));
#2689=DIRECTION('',(-0.995637266659949,-0.0933082699330835,0.));
#2690=DIRECTION('center_axis',(0.,0.,1.));
#2691=DIRECTION('ref_axis',(-0.627396574381433,-0.778699902693228,0.));
#2692=DIRECTION('',(0.,0.,1.));
#2693=DIRECTION('center_axis',(0.,0.,1.));
#2694=DIRECTION('ref_axis',(-0.627396574381433,-0.778699902693228,0.));
#2695=DIRECTION('center_axis',(0.,0.,1.));
#2696=DIRECTION('ref_axis',(1.,0.,0.));
#2697=DIRECTION('',(0.,0.,-1.));
#2698=DIRECTION('center_axis',(0.,0.,1.));
#2699=DIRECTION('ref_axis',(1.,0.,0.));
#2700=DIRECTION('center_axis',(0.,0.,1.));
#2701=DIRECTION('ref_axis',(0.951056516295153,-0.309016994374948,0.));
#2702=DIRECTION('center_axis',(0.,0.,1.));
#2703=DIRECTION('ref_axis',(-0.837321103817046,0.546711412998305,0.));
#2704=DIRECTION('',(0.975741151448288,0.218927397486859,0.));
#2705=DIRECTION('center_axis',(0.,0.,1.));
#2706=DIRECTION('ref_axis',(0.960340968488763,0.278828306027318,0.));
#2707=DIRECTION('',(-0.918073469198192,-0.396410273775032,0.));
#2708=DIRECTION('center_axis',(0.,0.,1.));
#2709=DIRECTION('ref_axis',(-0.356058096916399,-0.934463820391283,0.));
#2710=DIRECTION('center_axis',(0.,0.,1.));
#2711=DIRECTION('ref_axis',(1.,0.,0.));
#2712=DIRECTION('center_axis',(0.,0.,1.));
#2713=DIRECTION('ref_axis',(-0.965282809651867,0.26120700103672,0.));
#2714=DIRECTION('',(0.860332693944512,0.509732925883917,0.));
#2715=DIRECTION('center_axis',(0.,0.,1.));
#2716=DIRECTION('ref_axis',(0.827175850871217,0.561943157032344,0.));
#2717=DIRECTION('',(-0.750642243977328,-0.660708878067096,0.));
#2718=DIRECTION('center_axis',(0.,0.,1.));
#2719=DIRECTION('ref_axis',(-0.0498661721225397,-0.998755908557164,0.));
#2720=DIRECTION('center_axis',(0.,0.,1.));
#2721=DIRECTION('ref_axis',(1.,0.,0.));
#2722=DIRECTION('center_axis',(0.,0.,1.));
#2723=DIRECTION('ref_axis',(-0.998755908557163,-0.0498661721225395,0.));
#2724=DIRECTION('',(0.660708878067096,0.750642243977328,0.));
#2725=DIRECTION('center_axis',(0.,0.,1.));
#2726=DIRECTION('ref_axis',(0.613040997697355,0.790051096538845,0.));
#2727=DIRECTION('',(-0.509732925883917,-0.860332693944512,0.));
#2728=DIRECTION('center_axis',(0.,0.,1.));
#2729=DIRECTION('ref_axis',(0.261207001036714,-0.965282809651869,0.));
#2730=DIRECTION('center_axis',(0.,0.,1.));
#2731=DIRECTION('ref_axis',(1.,0.,0.));
#2732=DIRECTION('center_axis',(0.,0.,1.));
#2733=DIRECTION('ref_axis',(-0.934463820391284,-0.356058096916398,0.));
#2734=DIRECTION('',(0.396410273775032,0.918073469198192,0.));
#2735=DIRECTION('center_axis',(0.,0.,1.));
#2736=DIRECTION('ref_axis',(0.338897420361087,0.940823330106456,0.));
#2737=DIRECTION('',(-0.218927397486859,-0.975741151448288,0.));
#2738=DIRECTION('center_axis',(0.,0.,1.));
#2739=DIRECTION('ref_axis',(0.546711412998304,-0.837321103817047,0.));
#2740=DIRECTION('center_axis',(0.,0.,1.));
#2741=DIRECTION('ref_axis',(1.,0.,0.));
#2742=DIRECTION('center_axis',(0.,0.,1.));
#2743=DIRECTION('ref_axis',(-0.778699902693228,-0.627396574381433,0.));
#2744=DIRECTION('',(0.0933082699330835,0.995637266659949,0.));
#2745=DIRECTION('center_axis',(0.,0.,1.));
#2746=DIRECTION('ref_axis',(0.0315802022827036,0.999501221021657,0.));
#2747=DIRECTION('',(0.0933082699330834,-0.995637266659949,0.));
#2748=DIRECTION('center_axis',(0.,0.,1.));
#2749=DIRECTION('ref_axis',(0.778699902693228,-0.627396574381433,0.));
#2750=DIRECTION('center_axis',(0.,0.,1.));
#2751=DIRECTION('ref_axis',(1.,0.,0.));
#2752=DIRECTION('center_axis',(0.,0.,1.));
#2753=DIRECTION('ref_axis',(-0.546711412998304,-0.837321103817047,0.));
#2754=DIRECTION('',(-0.218927397486859,0.975741151448288,0.));
#2755=DIRECTION('center_axis',(0.,0.,1.));
#2756=DIRECTION('ref_axis',(-0.278828306027318,0.960340968488763,0.));
#2757=DIRECTION('',(0.396410273775032,-0.918073469198193,0.));
#2758=DIRECTION('center_axis',(0.,0.,1.));
#2759=DIRECTION('ref_axis',(0.934463820391284,-0.356058096916398,0.));
#2760=DIRECTION('center_axis',(0.,0.,1.));
#2761=DIRECTION('ref_axis',(1.,0.,0.));
#2762=DIRECTION('center_axis',(0.,0.,1.));
#2763=DIRECTION('ref_axis',(-0.261207001036718,-0.965282809651868,0.));
#2764=DIRECTION('',(-0.509732925883917,0.860332693944512,0.));
#2765=DIRECTION('center_axis',(0.,0.,1.));
#2766=DIRECTION('ref_axis',(-0.561943157032344,0.827175850871217,0.));
#2767=DIRECTION('',(0.660708878067096,-0.750642243977329,0.));
#2768=DIRECTION('center_axis',(0.,0.,1.));
#2769=DIRECTION('ref_axis',(0.998755908557163,-0.0498661721225395,0.));
#2770=DIRECTION('center_axis',(0.,0.,1.));
#2771=DIRECTION('ref_axis',(1.,0.,0.));
#2772=DIRECTION('center_axis',(0.,0.,-1.));
#2773=DIRECTION('ref_axis',(1.,0.,0.));
#2774=DIRECTION('center_axis',(0.,0.,1.));
#2775=DIRECTION('ref_axis',(1.,0.,0.));
#2776=DIRECTION('',(0.,0.,-1.));
#2777=DIRECTION('center_axis',(0.,0.,1.));
#2778=DIRECTION('ref_axis',(1.,0.,0.));
#2779=DIRECTION('',(0.,0.,1.));
#2780=DIRECTION('center_axis',(0.,0.,-1.));
#2781=DIRECTION('ref_axis',(0.998755908557163,-0.0498661721225395,0.));
#2782=DIRECTION('',(0.,0.,-1.));
#2783=DIRECTION('center_axis',(-0.750642243977329,-0.660708878067096,0.));
#2784=DIRECTION('ref_axis',(0.660708878067096,-0.750642243977329,0.));
#2785=DIRECTION('',(0.,0.,1.));
#2786=DIRECTION('center_axis',(0.,0.,1.));
#2787=DIRECTION('ref_axis',(-0.261207001036718,-0.965282809651868,0.));
#2788=DIRECTION('',(0.,0.,1.));
#2789=DIRECTION('',(0.,0.,-1.));
#2790=DIRECTION('center_axis',(0.860332693944512,0.509732925883917,0.));
#2791=DIRECTION('ref_axis',(-0.509732925883917,0.860332693944512,0.));
#2792=DIRECTION('',(0.,0.,1.));
#2793=DIRECTION('',(0.,0.,1.));
#2794=DIRECTION('center_axis',(0.,0.,1.));
#2795=DIRECTION('ref_axis',(-0.561943157032344,0.827175850871217,0.));
#2796=DIRECTION('',(0.,0.,1.));
#2797=DIRECTION('center_axis',(0.,0.,1.));
#2798=DIRECTION('ref_axis',(1.,0.,0.));
#2799=DIRECTION('',(0.,0.,1.));
#2800=DIRECTION('center_axis',(0.,0.,-1.));
#2801=DIRECTION('ref_axis',(0.934463820391284,-0.356058096916398,0.));
#2802=DIRECTION('',(0.,0.,-1.));
#2803=DIRECTION('center_axis',(-0.918073469198193,-0.396410273775032,0.));
#2804=DIRECTION('ref_axis',(0.396410273775032,-0.918073469198193,0.));
#2805=DIRECTION('',(0.,0.,1.));
#2806=DIRECTION('center_axis',(0.,0.,1.));
#2807=DIRECTION('ref_axis',(-0.546711412998304,-0.837321103817047,0.));
#2808=DIRECTION('',(0.,0.,1.));
#2809=DIRECTION('',(0.,0.,-1.));
#2810=DIRECTION('center_axis',(0.975741151448288,0.218927397486859,0.));
#2811=DIRECTION('ref_axis',(-0.218927397486859,0.975741151448288,0.));
#2812=DIRECTION('',(0.,0.,1.));
#2813=DIRECTION('',(0.,0.,1.));
#2814=DIRECTION('center_axis',(0.,0.,1.));
#2815=DIRECTION('ref_axis',(-0.278828306027318,0.960340968488763,0.));
#2816=DIRECTION('',(0.,0.,1.));
#2817=DIRECTION('center_axis',(0.,0.,1.));
#2818=DIRECTION('ref_axis',(1.,0.,0.));
#2819=DIRECTION('',(0.,0.,1.));
#2820=DIRECTION('center_axis',(0.,0.,-1.));
#2821=DIRECTION('ref_axis',(0.778699902693228,-0.627396574381433,0.));
#2822=DIRECTION('',(0.,0.,-1.));
#2823=DIRECTION('center_axis',(-0.995637266659949,-0.0933082699330834,0.));
#2824=DIRECTION('ref_axis',(0.0933082699330834,-0.995637266659949,0.));
#2825=DIRECTION('',(0.,0.,1.));
#2826=DIRECTION('center_axis',(0.,0.,1.));
#2827=DIRECTION('ref_axis',(-0.778699902693228,-0.627396574381433,0.));
#2828=DIRECTION('',(0.,0.,1.));
#2829=DIRECTION('',(0.,0.,-1.));
#2830=DIRECTION('center_axis',(0.995637266659949,-0.0933082699330835,0.));
#2831=DIRECTION('ref_axis',(0.0933082699330835,0.995637266659949,0.));
#2832=DIRECTION('',(0.,0.,1.));
#2833=DIRECTION('',(0.,0.,1.));
#2834=DIRECTION('center_axis',(0.,0.,1.));
#2835=DIRECTION('ref_axis',(0.0315802022827036,0.999501221021657,0.));
#2836=DIRECTION('',(0.,0.,1.));
#2837=DIRECTION('center_axis',(0.,0.,1.));
#2838=DIRECTION('ref_axis',(1.,0.,0.));
#2839=DIRECTION('',(0.,0.,1.));
#2840=DIRECTION('center_axis',(0.,0.,-1.));
#2841=DIRECTION('ref_axis',(0.546711412998304,-0.837321103817047,0.));
#2842=DIRECTION('',(0.,0.,-1.));
#2843=DIRECTION('center_axis',(-0.975741151448288,0.218927397486859,0.));
#2844=DIRECTION('ref_axis',(-0.218927397486859,-0.975741151448288,0.));
#2845=DIRECTION('',(0.,0.,1.));
#2846=DIRECTION('center_axis',(0.,0.,1.));
#2847=DIRECTION('ref_axis',(-0.934463820391284,-0.356058096916398,0.));
#2848=DIRECTION('',(0.,0.,1.));
#2849=DIRECTION('',(0.,0.,-1.));
#2850=DIRECTION('center_axis',(0.918073469198193,-0.396410273775032,0.));
#2851=DIRECTION('ref_axis',(0.396410273775032,0.918073469198192,0.));
#2852=DIRECTION('',(0.,0.,1.));
#2853=DIRECTION('',(0.,0.,1.));
#2854=DIRECTION('center_axis',(0.,0.,1.));
#2855=DIRECTION('ref_axis',(0.338897420361087,0.940823330106456,0.));
#2856=DIRECTION('',(0.,0.,1.));
#2857=DIRECTION('center_axis',(0.,0.,1.));
#2858=DIRECTION('ref_axis',(1.,0.,0.));
#2859=DIRECTION('',(0.,0.,1.));
#2860=DIRECTION('center_axis',(0.,0.,-1.));
#2861=DIRECTION('ref_axis',(0.261207001036714,-0.965282809651869,0.));
#2862=DIRECTION('',(0.,0.,-1.));
#2863=DIRECTION('center_axis',(-0.860332693944512,0.509732925883917,0.));
#2864=DIRECTION('ref_axis',(-0.509732925883917,-0.860332693944512,0.));
#2865=DIRECTION('',(0.,0.,1.));
#2866=DIRECTION('center_axis',(0.,0.,1.));
#2867=DIRECTION('ref_axis',(-0.998755908557163,-0.0498661721225395,0.));
#2868=DIRECTION('',(0.,0.,1.));
#2869=DIRECTION('',(0.,0.,-1.));
#2870=DIRECTION('center_axis',(0.750642243977328,-0.660708878067096,0.));
#2871=DIRECTION('ref_axis',(0.660708878067096,0.750642243977328,0.));
#2872=DIRECTION('',(0.,0.,1.));
#2873=DIRECTION('',(0.,0.,1.));
#2874=DIRECTION('center_axis',(0.,0.,1.));
#2875=DIRECTION('ref_axis',(0.613040997697355,0.790051096538845,0.));
#2876=DIRECTION('',(0.,0.,1.));
#2877=DIRECTION('center_axis',(0.,0.,1.));
#2878=DIRECTION('ref_axis',(1.,0.,0.));
#2879=DIRECTION('',(0.,0.,1.));
#2880=DIRECTION('center_axis',(0.,0.,-1.));
#2881=DIRECTION('ref_axis',(-0.0498661721225397,-0.998755908557164,0.));
#2882=DIRECTION('',(0.,0.,-1.));
#2883=DIRECTION('center_axis',(-0.660708878067096,0.750642243977328,0.));
#2884=DIRECTION('ref_axis',(-0.750642243977328,-0.660708878067096,0.));
#2885=DIRECTION('',(0.,0.,1.));
#2886=DIRECTION('center_axis',(0.,0.,1.));
#2887=DIRECTION('ref_axis',(-0.965282809651867,0.26120700103672,0.));
#2888=DIRECTION('',(0.,0.,1.));
#2889=DIRECTION('',(0.,0.,-1.));
#2890=DIRECTION('center_axis',(0.509732925883917,-0.860332693944512,0.));
#2891=DIRECTION('ref_axis',(0.860332693944512,0.509732925883917,0.));
#2892=DIRECTION('',(0.,0.,1.));
#2893=DIRECTION('',(0.,0.,1.));
#2894=DIRECTION('center_axis',(0.,0.,1.));
#2895=DIRECTION('ref_axis',(0.827175850871217,0.561943157032344,0.));
#2896=DIRECTION('',(0.,0.,1.));
#2897=DIRECTION('center_axis',(0.,0.,1.));
#2898=DIRECTION('ref_axis',(1.,0.,0.));
#2899=DIRECTION('',(0.,0.,1.));
#2900=DIRECTION('center_axis',(0.,0.,-1.));
#2901=DIRECTION('ref_axis',(-0.356058096916399,-0.934463820391283,0.));
#2902=DIRECTION('',(0.,0.,-1.));
#2903=DIRECTION('center_axis',(-0.396410273775032,0.918073469198193,0.));
#2904=DIRECTION('ref_axis',(-0.918073469198192,-0.396410273775032,0.));
#2905=DIRECTION('',(0.,0.,1.));
#2906=DIRECTION('center_axis',(0.,0.,1.));
#2907=DIRECTION('ref_axis',(-0.837321103817046,0.546711412998305,0.));
#2908=DIRECTION('',(0.,0.,1.));
#2909=DIRECTION('center_axis',(0.218927397486859,-0.975741151448288,0.));
#2910=DIRECTION('ref_axis',(0.975741151448288,0.218927397486859,0.));
#2911=DIRECTION('',(0.,0.,1.));
#2912=DIRECTION('',(0.,0.,1.));
#2913=DIRECTION('center_axis',(0.,0.,1.));
#2914=DIRECTION('ref_axis',(0.960340968488763,0.278828306027318,0.));
#2915=DIRECTION('',(0.,0.,1.));
#2916=CARTESIAN_POINT('',(0.,0.,0.));
#2917=CARTESIAN_POINT('Origin',(-72.74100585503,189.160542302657,0.));
#2918=CARTESIAN_POINT('',(-72.0000010728836,197.000002935529,3.));
#2919=CARTESIAN_POINT('',(-72.010516632637,196.888753563452,3.));
#2920=CARTESIAN_POINT('',(-71.7526932053025,199.616396700878,3.));
#2921=CARTESIAN_POINT('',(-72.0000010728836,197.000002935529,0.));
#2922=CARTESIAN_POINT('',(-72.0000010728836,197.000002935529,0.));
#2923=CARTESIAN_POINT('',(-72.010516632637,196.888753563452,0.));
#2924=CARTESIAN_POINT('',(-71.7526930633387,199.616398202784,0.));
#2925=CARTESIAN_POINT('',(-72.010516632637,196.888753563452,-2.));
#2926=CARTESIAN_POINT('Origin',(-70.0000010430813,210.000003129244,0.));
#2927=CARTESIAN_POINT('',(-79.2490661440456,219.351730237855,3.));
#2928=CARTESIAN_POINT('Origin',(-70.0000010430813,210.000003129244,3.));
#2929=CARTESIAN_POINT('',(-79.2490661440456,219.351730237855,0.));
#2930=CARTESIAN_POINT('',(-79.2490661440456,219.351730237855,0.));
#2931=CARTESIAN_POINT('Origin',(-70.0000010430813,210.000003129244,0.));
#2932=CARTESIAN_POINT('Origin',(-79.2490661440456,219.351730237855,0.));
#2933=CARTESIAN_POINT('',(-79.332833183205,219.425772383443,3.));
#2934=CARTESIAN_POINT('',(-74.3326509258074,215.006083847434,3.));
#2935=CARTESIAN_POINT('',(-79.332833183205,219.425772383443,0.));
#2936=CARTESIAN_POINT('',(-79.332833183205,219.425772383443,-2.));
#2937=CARTESIAN_POINT('',(-74.3326519949874,215.006084792488,0.));
#2938=CARTESIAN_POINT('Origin',(-70.,210.,-2.));
#2939=CARTESIAN_POINT('',(-72.0000010120177,196.887145383177,0.));
#2940=CARTESIAN_POINT('Origin',(-70.,210.,0.));
#2941=CARTESIAN_POINT('',(-72.0000010120177,196.887145383177,3.));
#2942=CARTESIAN_POINT('',(-72.0000010120177,196.887145383177,-2.));
#2943=CARTESIAN_POINT('Origin',(-70.,210.,3.));
#2944=CARTESIAN_POINT('Origin',(-70.0000010430813,210.000003129244,0.));
#2945=CARTESIAN_POINT('',(-79.0344115569011,219.712176278802,0.));
#2946=CARTESIAN_POINT('Origin',(-70.,210.,0.));
#2947=CARTESIAN_POINT('',(-79.0083321017294,220.23451454613,0.));
#2948=CARTESIAN_POINT('Origin',(-79.2898229432208,219.986748716855,0.));
#2949=CARTESIAN_POINT('',(-79.3129488581108,220.580594662735,0.));
#2950=CARTESIAN_POINT('',(-74.6564754327104,215.290298471637,0.));
#2951=CARTESIAN_POINT('',(-80.1151764620064,223.035843092891,0.));
#2952=CARTESIAN_POINT('Ctrl Pts',(-80.1151764620064,223.035843092891,0.));
#2953=CARTESIAN_POINT('Ctrl Pts',(-80.1057243895808,222.95271184115,0.));
#2954=CARTESIAN_POINT('Ctrl Pts',(-80.0950974114525,222.870123491371,0.));
#2955=CARTESIAN_POINT('Ctrl Pts',(-80.083278589144,222.788098075502,0.));
#2956=CARTESIAN_POINT('Ctrl Pts',(-80.0636006942747,222.65152884145,0.));
#2957=CARTESIAN_POINT('Ctrl Pts',(-80.040617167016,222.516535226309,0.));
#2958=CARTESIAN_POINT('Ctrl Pts',(-80.0141955860279,222.383356158728,0.));
#2959=CARTESIAN_POINT('Ctrl Pts',(-79.9937598054854,222.280348764917,0.));
#2960=CARTESIAN_POINT('Ctrl Pts',(-79.97126488812,222.178427199284,0.));
#2961=CARTESIAN_POINT('Ctrl Pts',(-79.9466295148151,222.077720227596,0.));
#2962=CARTESIAN_POINT('Ctrl Pts',(-79.9252672135317,221.990393250898,0.));
#2963=CARTESIAN_POINT('Ctrl Pts',(-79.9022911063508,221.903982351839,0.));
#2964=CARTESIAN_POINT('Ctrl Pts',(-79.8776250903234,221.818592059943,0.));
#2965=CARTESIAN_POINT('Ctrl Pts',(-79.8619606646929,221.764364012921,0.));
#2966=CARTESIAN_POINT('Ctrl Pts',(-79.8456199162533,221.710543746143,0.));
#2967=CARTESIAN_POINT('Ctrl Pts',(-79.8285718344449,221.657167528727,0.));
#2968=CARTESIAN_POINT('Ctrl Pts',(-79.8135647696284,221.610181576676,0.));
#2969=CARTESIAN_POINT('Ctrl Pts',(-79.7980040693388,221.563543837388,0.));
#2970=CARTESIAN_POINT('Ctrl Pts',(-79.7818655025371,221.517282066947,0.));
#2971=CARTESIAN_POINT('Ctrl Pts',(-79.7670653282199,221.474856845726,0.));
#2972=CARTESIAN_POINT('Ctrl Pts',(-79.7517842041786,221.432744058468,0.));
#2973=CARTESIAN_POINT('Ctrl Pts',(-79.7360210930737,221.390952602504,0.));
#2974=CARTESIAN_POINT('Ctrl Pts',(-79.7218911366011,221.353490996748,0.));
#2975=CARTESIAN_POINT('Ctrl Pts',(-79.7073754637009,221.316286415518,0.));
#2976=CARTESIAN_POINT('Ctrl Pts',(-79.6924181450681,221.279386945744,0.));
#2977=CARTESIAN_POINT('Ctrl Pts',(-79.6810492902191,221.251340159674,0.));
#2978=CARTESIAN_POINT('Ctrl Pts',(-79.669421136298,221.22347274293,0.));
#2979=CARTESIAN_POINT('Ctrl Pts',(-79.6575218133519,221.195796653261,0.));
#2980=CARTESIAN_POINT('Ctrl Pts',(-79.6456845452857,221.168264894193,0.));
#2981=CARTESIAN_POINT('Ctrl Pts',(-79.6335806539091,221.140921180131,0.));
#2982=CARTESIAN_POINT('Ctrl Pts',(-79.6212392293519,221.113747247178,0.));
#2983=CARTESIAN_POINT('Ctrl Pts',(-79.6110706450619,221.091357576809,0.));
#2984=CARTESIAN_POINT('Ctrl Pts',(-79.6007438915318,221.069080871008,0.));
#2985=CARTESIAN_POINT('Ctrl Pts',(-79.5902563614966,221.046921214675,0.));
#2986=CARTESIAN_POINT('Ctrl Pts',(-79.5796164040848,221.024439486484,0.));
#2987=CARTESIAN_POINT('Ctrl Pts',(-79.5688119022005,221.002077529003,0.));
#2988=CARTESIAN_POINT('Ctrl Pts',(-79.5577830816329,220.979882401913,0.));
#2989=CARTESIAN_POINT('Ctrl Pts',(-79.5484540405157,220.961108023279,0.));
#2990=CARTESIAN_POINT('Ctrl Pts',(-79.5389605484451,220.942455956251,0.));
#2991=CARTESIAN_POINT('Ctrl Pts',(-79.5292636754585,220.923956965676,0.));
#2992=CARTESIAN_POINT('Ctrl Pts',(-79.5207013815374,220.907622442706,0.));
#2993=CARTESIAN_POINT('Ctrl Pts',(-79.5119792254731,220.891408232283,0.));
#2994=CARTESIAN_POINT('Ctrl Pts',(-79.5030979789304,220.875315158031,0.));
#2995=CARTESIAN_POINT('Ctrl Pts',(-79.4916533207145,220.854577108076,0.));
#2996=CARTESIAN_POINT('Ctrl Pts',(-79.4799445463164,220.834040085906,0.));
#2997=CARTESIAN_POINT('Ctrl Pts',(-79.4680655923856,220.813637854074,0.));
#2998=CARTESIAN_POINT('Ctrl Pts',(-79.4596026744352,220.799102700978,0.));
#2999=CARTESIAN_POINT('Ctrl Pts',(-79.4510571494953,220.784633159408,0.));
#3000=CARTESIAN_POINT('Ctrl Pts',(-79.4424513568243,220.770214633221,0.));
#3001=CARTESIAN_POINT('Ctrl Pts',(-79.4350486269808,220.757811771779,0.));
#3002=CARTESIAN_POINT('Ctrl Pts',(-79.4276019820108,220.745446154564,0.));
#3003=CARTESIAN_POINT('Ctrl Pts',(-79.4200953189262,220.733131643398,0.));
#3004=CARTESIAN_POINT('Ctrl Pts',(-79.4126806296987,220.720968013266,0.));
#3005=CARTESIAN_POINT('Ctrl Pts',(-79.405207913222,220.708853849946,0.));
#3006=CARTESIAN_POINT('Ctrl Pts',(-79.3976180750784,220.696835614068,0.));
#3007=CARTESIAN_POINT('Ctrl Pts',(-79.3847541488929,220.676466049357,0.));
#3008=CARTESIAN_POINT('Ctrl Pts',(-79.3715498807835,220.656375172808,-2.19265430099135E-16));
#3009=CARTESIAN_POINT('Ctrl Pts',(-79.3575670744549,220.636902284284,-2.22044604925031E-16));
#3010=CARTESIAN_POINT('Ctrl Pts',(-79.3496811212716,220.625920062,-2.23611990044307E-16));
#3011=CARTESIAN_POINT('Ctrl Pts',(-79.3415455759488,220.615135857986,4.42547935915047E-16));
#3012=CARTESIAN_POINT('Ctrl Pts',(-79.333100612657,220.604595797559,4.44089209850063E-16));
#3013=CARTESIAN_POINT('Ctrl Pts',(-79.3265715730075,220.596446979139,4.45280812262619E-16));
#3014=CARTESIAN_POINT('Ctrl Pts',(-79.3198577459919,220.588443964106,0.));
#3015=CARTESIAN_POINT('Ctrl Pts',(-79.3129488581108,220.580594662735,0.));
#3016=CARTESIAN_POINT('',(-79.2720620910336,223.648401539375,0.));
#3017=CARTESIAN_POINT('Origin',(-69.9999999999986,209.999999999998,0.));
#3018=CARTESIAN_POINT('',(-77.1848840353709,222.126724258808,0.));
#3019=CARTESIAN_POINT('Ctrl Pts',(-77.1848840353709,222.126724258808,0.));
#3020=CARTESIAN_POINT('Ctrl Pts',(-77.1914320350315,222.137776042795,0.));
#3021=CARTESIAN_POINT('Ctrl Pts',(-77.1982928291075,222.148618719515,0.));
#3022=CARTESIAN_POINT('Ctrl Pts',(-77.2054426066791,222.159268593262,0.));
#3023=CARTESIAN_POINT('Ctrl Pts',(-77.2140513122308,222.172091597381,0.));
#3024=CARTESIAN_POINT('Ctrl Pts',(-77.2230781544082,222.184635659743,0.));
#3025=CARTESIAN_POINT('Ctrl Pts',(-77.2324190835993,222.196971900784,0.));
#3026=CARTESIAN_POINT('Ctrl Pts',(-77.2437065901282,222.211878918966,0.));
#3027=CARTESIAN_POINT('Ctrl Pts',(-77.2554471599144,222.226486336817,0.));
#3028=CARTESIAN_POINT('Ctrl Pts',(-77.2674231679469,222.240942247186,0.));
#3029=CARTESIAN_POINT('Ctrl Pts',(-77.2763926783863,222.251769096885,0.));
#3030=CARTESIAN_POINT('Ctrl Pts',(-77.2854926523029,222.262512045404,0.));
#3031=CARTESIAN_POINT('Ctrl Pts',(-77.2946595189656,222.273213770502,0.));
#3032=CARTESIAN_POINT('Ctrl Pts',(-77.3045571480897,222.284768613603,0.));
#3033=CARTESIAN_POINT('Ctrl Pts',(-77.3145325912192,222.296275507112,0.));
#3034=CARTESIAN_POINT('Ctrl Pts',(-77.3245621082885,222.307749079577,0.));
#3035=CARTESIAN_POINT('Ctrl Pts',(-77.3364800104516,222.321382927862,0.));
#3036=CARTESIAN_POINT('Ctrl Pts',(-77.3484754682736,222.334968868834,0.));
#3037=CARTESIAN_POINT('Ctrl Pts',(-77.3605752216476,222.348485454612,0.));
#3038=CARTESIAN_POINT('Ctrl Pts',(-77.3759076758354,222.365613277453,0.));
#3039=CARTESIAN_POINT('Ctrl Pts',(-77.3914157417299,222.382623985326,0.));
#3040=CARTESIAN_POINT('Ctrl Pts',(-77.4071831996193,222.399454870456,0.));
#3041=CARTESIAN_POINT('Ctrl Pts',(-77.4202409559711,222.413393299768,0.));
#3042=CARTESIAN_POINT('Ctrl Pts',(-77.4334768365025,222.427208284922,0.));
#3043=CARTESIAN_POINT('Ctrl Pts',(-77.4468885435942,222.440899920319,0.));
#3044=CARTESIAN_POINT('Ctrl Pts',(-77.4728363956419,222.4673893543,0.));
#3045=CARTESIAN_POINT('Ctrl Pts',(-77.4994380808854,222.493420005062,0.));
#3046=CARTESIAN_POINT('Ctrl Pts',(-77.5264459544089,222.519158171195,0.));
#3047=CARTESIAN_POINT('Ctrl Pts',(-77.5430803546187,222.535010546827,0.));
#3048=CARTESIAN_POINT('Ctrl Pts',(-77.5598667186334,222.550753520188,0.));
#3049=CARTESIAN_POINT('Ctrl Pts',(-77.5767877427063,222.566397541979,0.));
#3050=CARTESIAN_POINT('Ctrl Pts',(-77.6063477143727,222.593726670459,0.));
#3051=CARTESIAN_POINT('Ctrl Pts',(-77.6363240297392,222.620749932395,0.));
#3052=CARTESIAN_POINT('Ctrl Pts',(-77.6667774335434,222.647415915605,0.));
#3053=CARTESIAN_POINT('Ctrl Pts',(-77.691599122911,222.669150587898,0.));
#3054=CARTESIAN_POINT('Ctrl Pts',(-77.7167402631816,222.690646169912,0.));
#3055=CARTESIAN_POINT('Ctrl Pts',(-77.7421767768071,222.711915736505,0.));
#3056=CARTESIAN_POINT('Ctrl Pts',(-77.7713065482805,222.736273540538,0.));
#3057=CARTESIAN_POINT('Ctrl Pts',(-77.8008160817142,222.760340324532,0.));
#3058=CARTESIAN_POINT('Ctrl Pts',(-77.8306542327999,222.784146903779,0.));
#3059=CARTESIAN_POINT('Ctrl Pts',(-77.8816707332873,222.824850778435,0.));
#3060=CARTESIAN_POINT('Ctrl Pts',(-77.9336550378985,222.864788789114,0.));
#3061=CARTESIAN_POINT('Ctrl Pts',(-77.9865822687411,222.903954253521,0.));
#3062=CARTESIAN_POINT('Ctrl Pts',(-78.0341694212253,222.939168129199,0.));
#3063=CARTESIAN_POINT('Ctrl Pts',(-78.0825132680363,222.973761492212,0.));
#3064=CARTESIAN_POINT('Ctrl Pts',(-78.1315426165508,223.007768819653,0.));
#3065=CARTESIAN_POINT('Ctrl Pts',(-78.2047385433863,223.058538367417,0.));
#3066=CARTESIAN_POINT('Ctrl Pts',(-78.2794691389044,223.107996857541,0.));
#3067=CARTESIAN_POINT('Ctrl Pts',(-78.3556184343594,223.156177675162,0.));
#3068=CARTESIAN_POINT('Ctrl Pts',(-78.4313698048611,223.204106719613,0.));
#3069=CARTESIAN_POINT('Ctrl Pts',(-78.5085165473802,223.250777490089,0.));
#3070=CARTESIAN_POINT('Ctrl Pts',(-78.5869543280318,223.296220211845,0.));
#3071=CARTESIAN_POINT('Ctrl Pts',(-78.6793144047905,223.349728779206,0.));
#3072=CARTESIAN_POINT('Ctrl Pts',(-78.7734647375459,223.401532893022,0.));
#3073=CARTESIAN_POINT('Ctrl Pts',(-78.8692643725534,223.451667494638,0.));
#3074=CARTESIAN_POINT('Ctrl Pts',(-78.9481104302902,223.492929819837,0.));
#3075=CARTESIAN_POINT('Ctrl Pts',(-79.0280758846927,223.533060445732,0.));
#3076=CARTESIAN_POINT('Ctrl Pts',(-79.1090870904766,223.572070274817,0.));
#3077=CARTESIAN_POINT('Ctrl Pts',(-79.1629516234762,223.598007997946,0.));
#3078=CARTESIAN_POINT('Ctrl Pts',(-79.2172786398792,223.623450630894,0.));
#3079=CARTESIAN_POINT('Ctrl Pts',(-79.2720620910336,223.648401539375,0.));
#3080=CARTESIAN_POINT('',(-76.949874039807,221.730071870232,0.));
#3081=CARTESIAN_POINT('',(-73.378128354724,215.70164123275,0.));
#3082=CARTESIAN_POINT('',(-76.4450418321023,221.593463504598,0.));
#3083=CARTESIAN_POINT('Origin',(-76.6272492795778,221.921221717439,0.));
#3084=CARTESIAN_POINT('',(-75.5910084595679,222.028615242622,0.));
#3085=CARTESIAN_POINT('Origin',(-70.,210.,0.));
#3086=CARTESIAN_POINT('',(-75.4047940223686,222.517329460623,0.));
#3087=CARTESIAN_POINT('Origin',(-75.749071573318,222.368675607957,0.));
#3088=CARTESIAN_POINT('',(-75.5875571360518,222.940602965173,0.));
#3089=CARTESIAN_POINT('',(-72.7937792194001,216.470302991148,0.));
#3090=CARTESIAN_POINT('',(-75.591807435958,225.523584946756,0.));
#3091=CARTESIAN_POINT('Ctrl Pts',(-75.591807435958,225.523584946757,0.));
#3092=CARTESIAN_POINT('Ctrl Pts',(-75.6085069505504,225.441601576511,0.));
#3093=CARTESIAN_POINT('Ctrl Pts',(-75.6239212974683,225.359771470887,0.));
#3094=CARTESIAN_POINT('Ctrl Pts',(-75.638028177049,225.278108447123,0.));
#3095=CARTESIAN_POINT('Ctrl Pts',(-75.6615156010428,225.142142583603,0.));
#3096=CARTESIAN_POINT('Ctrl Pts',(-75.6813722888116,225.00665372613,4.6260870631142E-16));
#3097=CARTESIAN_POINT('Ctrl Pts',(-75.697398467165,224.871828188904,4.44089209850063E-16));
#3098=CARTESIAN_POINT('Ctrl Pts',(-75.7097939198079,224.767547335111,4.29765299539512E-16));
#3099=CARTESIAN_POINT('Ctrl Pts',(-75.7198954777203,224.663662856989,0.));
#3100=CARTESIAN_POINT('Ctrl Pts',(-75.7275860110259,224.560272089063,0.));
#3101=CARTESIAN_POINT('Ctrl Pts',(-75.734254775418,224.470617881193,0.));
#3102=CARTESIAN_POINT('Ctrl Pts',(-75.7391056354992,224.381336221509,0.));
#3103=CARTESIAN_POINT('Ctrl Pts',(-75.7420339116516,224.292503006402,0.));
#3104=CARTESIAN_POINT('Ctrl Pts',(-75.7438935456313,224.23608849604,0.));
#3105=CARTESIAN_POINT('Ctrl Pts',(-75.744983947394,224.179852812488,0.));
#3106=CARTESIAN_POINT('Ctrl Pts',(-75.7452644163718,224.123820866939,0.));
#3107=CARTESIAN_POINT('Ctrl Pts',(-75.7455113072683,224.074497132887,0.));
#3108=CARTESIAN_POINT('Ctrl Pts',(-75.7451240558758,224.025333486083,0.));
#3109=CARTESIAN_POINT('Ctrl Pts',(-75.7440710400051,223.976348836329,0.));
#3110=CARTESIAN_POINT('Ctrl Pts',(-75.7431053521225,223.931426547867,0.));
#3111=CARTESIAN_POINT('Ctrl Pts',(-75.7415857064675,223.886652780122,0.));
#3112=CARTESIAN_POINT('Ctrl Pts',(-75.7395083670443,223.842035674405,0.));
#3113=CARTESIAN_POINT('Ctrl Pts',(-75.7376462526928,223.802041173771,0.));
#3114=CARTESIAN_POINT('Ctrl Pts',(-75.7353378752799,223.762171925055,0.));
#3115=CARTESIAN_POINT('Ctrl Pts',(-75.7325151831984,223.722456378537,0.));
#3116=CARTESIAN_POINT('Ctrl Pts',(-75.7303696932523,223.692269130584,0.));
#3117=CARTESIAN_POINT('Ctrl Pts',(-75.7279221670653,223.662172345178,0.));
#3118=CARTESIAN_POINT('Ctrl Pts',(-75.7251576204936,223.632173726795,0.));
#3119=CARTESIAN_POINT('Ctrl Pts',(-75.7224074910036,223.602331550896,0.));
#3120=CARTESIAN_POINT('Ctrl Pts',(-75.7193456785731,223.572585825294,0.));
#3121=CARTESIAN_POINT('Ctrl Pts',(-75.7160054934147,223.542928169331,0.));
#3122=CARTESIAN_POINT('Ctrl Pts',(-75.7132533836819,223.518492061825,0.));
#3123=CARTESIAN_POINT('Ctrl Pts',(-75.7103159380874,223.494114513025,0.));
#3124=CARTESIAN_POINT('Ctrl Pts',(-75.7071894146716,223.469798602213,0.));
#3125=CARTESIAN_POINT('Ctrl Pts',(-75.7040174499035,223.445129280367,0.));
#3126=CARTESIAN_POINT('Ctrl Pts',(-75.7006519828562,223.420523020199,0.));
#3127=CARTESIAN_POINT('Ctrl Pts',(-75.697021622635,223.396006106876,0.));
#3128=CARTESIAN_POINT('Ctrl Pts',(-75.6939507793509,223.375267779538,0.));
#3129=CARTESIAN_POINT('Ctrl Pts',(-75.6906857375517,223.354594959309,0.));
#3130=CARTESIAN_POINT('Ctrl Pts',(-75.6871799657824,223.334004875281,0.));
#3131=CARTESIAN_POINT('Ctrl Pts',(-75.6840843855447,223.315823926432,0.));
#3132=CARTESIAN_POINT('Ctrl Pts',(-75.6807995887517,223.297708001497,0.));
#3133=CARTESIAN_POINT('Ctrl Pts',(-75.6773260547873,223.279658122245,0.));
#3134=CARTESIAN_POINT('Ctrl Pts',(-75.6728499478181,223.256398470505,0.));
#3135=CARTESIAN_POINT('Ctrl Pts',(-75.6680605304228,223.233248391164,0.));
#3136=CARTESIAN_POINT('Ctrl Pts',(-75.6630676101656,223.210173916686,0.));
#3137=CARTESIAN_POINT('Ctrl Pts',(-75.659510506239,223.193734979243,0.));
#3138=CARTESIAN_POINT('Ctrl Pts',(-75.6558545633227,223.177332915104,0.));
#3139=CARTESIAN_POINT('Ctrl Pts',(-75.6521255377682,223.160960745724,0.));
#3140=CARTESIAN_POINT('Ctrl Pts',(-75.6489178182868,223.146877354258,0.));
#3141=CARTESIAN_POINT('Ctrl Pts',(-75.6456568239391,223.132815813638,0.));
#3142=CARTESIAN_POINT('Ctrl Pts',(-75.642322956335,223.118784331139,0.));
#3143=CARTESIAN_POINT('Ctrl Pts',(-75.6390299362309,223.10492476638,0.));
#3144=CARTESIAN_POINT('Ctrl Pts',(-75.6356664428461,223.09109431595,0.));
#3145=CARTESIAN_POINT('Ctrl Pts',(-75.6321619169231,223.077318905355,0.));
#3146=CARTESIAN_POINT('Ctrl Pts',(-75.6262221377932,223.053971126465,0.));
#3147=CARTESIAN_POINT('Ctrl Pts',(-75.6198725548791,223.030783224331,0.));
#3148=CARTESIAN_POINT('Ctrl Pts',(-75.612591569326,223.00794248219,0.));
#3149=CARTESIAN_POINT('Ctrl Pts',(-75.6084852754805,222.995060874584,0.));
#3150=CARTESIAN_POINT('Ctrl Pts',(-75.6040804143933,222.98229046533,0.));
#3151=CARTESIAN_POINT('Ctrl Pts',(-75.5993058348125,222.969656635016,0.));
#3152=CARTESIAN_POINT('Ctrl Pts',(-75.5956144725347,222.959889064102,0.));
#3153=CARTESIAN_POINT('Ctrl Pts',(-75.5917023113101,222.95020305801,0.));
#3154=CARTESIAN_POINT('Ctrl Pts',(-75.5875571360518,222.940602965173,0.));
#3155=CARTESIAN_POINT('',(-74.6006670494507,225.845625980065,0.));
#3156=CARTESIAN_POINT('Origin',(-69.9999999999992,209.999999999998,0.));
#3157=CARTESIAN_POINT('',(-73.085866898594,223.753451397197,0.));
#3158=CARTESIAN_POINT('Ctrl Pts',(-73.085866898594,223.753451397197,0.));
#3159=CARTESIAN_POINT('Ctrl Pts',(-73.0886792272732,223.765985711564,0.));
#3160=CARTESIAN_POINT('Ctrl Pts',(-73.0918536588194,223.778417811892,0.));
#3161=CARTESIAN_POINT('Ctrl Pts',(-73.0953625093983,223.790755846508,0.));
#3162=CARTESIAN_POINT('Ctrl Pts',(-73.09958734871,223.805611484415,0.));
#3163=CARTESIAN_POINT('Ctrl Pts',(-73.1042960573253,223.82033104427,0.));
#3164=CARTESIAN_POINT('Ctrl Pts',(-73.1093677007602,223.83495001253,0.));
#3165=CARTESIAN_POINT('Ctrl Pts',(-73.115496235449,223.852615460671,0.));
#3166=CARTESIAN_POINT('Ctrl Pts',(-73.1221482404959,223.870135976211,0.));
#3167=CARTESIAN_POINT('Ctrl Pts',(-73.1290709790088,223.887585153992,0.));
#3168=CARTESIAN_POINT('Ctrl Pts',(-73.1342558098097,223.900653831112,0.));
#3169=CARTESIAN_POINT('Ctrl Pts',(-73.1395906456416,223.913683028898,0.));
#3170=CARTESIAN_POINT('Ctrl Pts',(-73.1450018389929,223.926693691878,0.));
#3171=CARTESIAN_POINT('Ctrl Pts',(-73.1508444007839,223.940741536311,0.));
#3172=CARTESIAN_POINT('Ctrl Pts',(-73.1567757853303,223.954767823824,0.));
#3173=CARTESIAN_POINT('Ctrl Pts',(-73.1627688940186,223.968779130906,0.));
#3174=CARTESIAN_POINT('Ctrl Pts',(-73.1698904017108,223.985428525462,0.));
#3175=CARTESIAN_POINT('Ctrl Pts',(-73.1771004733916,224.002056323471,0.));
#3176=CARTESIAN_POINT('Ctrl Pts',(-73.1844311679706,224.018650389869,0.));
#3177=CARTESIAN_POINT('Ctrl Pts',(-73.1937204101022,224.039677906301,0.));
#3178=CARTESIAN_POINT('Ctrl Pts',(-73.2032128594072,224.060648306782,0.));
#3179=CARTESIAN_POINT('Ctrl Pts',(-73.2130075734428,224.081527842206,0.));
#3180=CARTESIAN_POINT('Ctrl Pts',(-73.2211190261936,224.098819144885,0.));
#3181=CARTESIAN_POINT('Ctrl Pts',(-73.2294380314493,224.116048088593,0.));
#3182=CARTESIAN_POINT('Ctrl Pts',(-73.2379623748731,224.133214053105,0.));
#3183=CARTESIAN_POINT('Ctrl Pts',(-73.2544545633192,224.166425329037,0.));
#3184=CARTESIAN_POINT('Ctrl Pts',(-73.271710355892,224.199402321771,0.));
#3185=CARTESIAN_POINT('Ctrl Pts',(-73.2894428391938,224.232226664174,0.));
#3186=CARTESIAN_POINT('Ctrl Pts',(-73.3003644402657,224.252443481361,0.));
#3187=CARTESIAN_POINT('Ctrl Pts',(-73.3114643746603,224.272603210204,4.47399237517694E-16));
#3188=CARTESIAN_POINT('Ctrl Pts',(-73.3227229560923,224.29271044276,4.44089209850063E-16));
#3189=CARTESIAN_POINT('Ctrl Pts',(-73.342390994628,224.327836522112,4.38306798263473E-16));
#3190=CARTESIAN_POINT('Ctrl Pts',(-73.3625495175127,224.362800362373,0.));
#3191=CARTESIAN_POINT('Ctrl Pts',(-73.3832721836633,224.397571838808,0.));
#3192=CARTESIAN_POINT('Ctrl Pts',(-73.4001626295266,224.425913063631,0.));
#3193=CARTESIAN_POINT('Ctrl Pts',(-73.4174307741923,224.45412561585,0.));
#3194=CARTESIAN_POINT('Ctrl Pts',(-73.4350496782019,224.482214490022,0.));
#3195=CARTESIAN_POINT('Ctrl Pts',(-73.4552267617074,224.514381732629,0.));
#3196=CARTESIAN_POINT('Ctrl Pts',(-73.4758549504382,224.546389551632,0.));
#3197=CARTESIAN_POINT('Ctrl Pts',(-73.4968760808162,224.578251449653,0.));
#3198=CARTESIAN_POINT('Ctrl Pts',(-73.5328174681057,224.63272810224,0.));
#3199=CARTESIAN_POINT('Ctrl Pts',(-73.5699159568714,224.686775442796,0.));
#3200=CARTESIAN_POINT('Ctrl Pts',(-73.6081499517706,224.740379428388,0.));
#3201=CARTESIAN_POINT('Ctrl Pts',(-73.6425263370202,224.788575052844,0.));
#3202=CARTESIAN_POINT('Ctrl Pts',(-73.6778141302866,224.836414366098,0.));
#3203=CARTESIAN_POINT('Ctrl Pts',(-73.7139349693555,224.883908158082,0.));
#3204=CARTESIAN_POINT('Ctrl Pts',(-73.7678597780244,224.954811650685,0.));
#3205=CARTESIAN_POINT('Ctrl Pts',(-73.8236492823334,225.024942492122,0.));
#3206=CARTESIAN_POINT('Ctrl Pts',(-73.8811828728867,225.094296597233,0.));
#3207=CARTESIAN_POINT('Ctrl Pts',(-73.9384158198709,225.163288290308,0.));
#3208=CARTESIAN_POINT('Ctrl Pts',(-73.9973646726572,225.231514487338,0.));
#3209=CARTESIAN_POINT('Ctrl Pts',(-74.0579208636961,225.298971693307,0.));
#3210=CARTESIAN_POINT('Ctrl Pts',(-74.1292254584855,225.378402196692,0.));
#3211=CARTESIAN_POINT('Ctrl Pts',(-74.2027593929274,225.456764887997,0.));
#3212=CARTESIAN_POINT('Ctrl Pts',(-74.2783778145843,225.534049441313,0.));
#3213=CARTESIAN_POINT('Ctrl Pts',(-74.3406141100031,225.597657014521,0.));
#3214=CARTESIAN_POINT('Ctrl Pts',(-74.4042647291518,225.660534190368,0.));
#3215=CARTESIAN_POINT('Ctrl Pts',(-74.4692562621525,225.722668580098,0.));
#3216=CARTESIAN_POINT('Ctrl Pts',(-74.5124692829262,225.763981879694,0.));
#3217=CARTESIAN_POINT('Ctrl Pts',(-74.5562751429175,225.804967235733,0.));
#3218=CARTESIAN_POINT('Ctrl Pts',(-74.6006670494507,225.845625980065,0.));
#3219=CARTESIAN_POINT('',(-72.9849314398476,223.303590475861,0.));
#3220=CARTESIAN_POINT('',(-71.4508869542208,216.466482146976,0.));
#3221=CARTESIAN_POINT('',(-72.5470217856292,223.017666468055,0.));
#3222=CARTESIAN_POINT('Origin',(-72.6190285080545,223.385688249918,0.));
#3223=CARTESIAN_POINT('',(-71.6003184993656,223.167609538204,0.));
#3224=CARTESIAN_POINT('Origin',(-70.,210.,0.));
#3225=CARTESIAN_POINT('',(-71.2721970466842,223.574860954146,0.));
#3226=CARTESIAN_POINT('Origin',(-71.6455610216817,223.539870352921,0.));
#3227=CARTESIAN_POINT('',(-71.3152163907163,224.033894886897,0.));
#3228=CARTESIAN_POINT('',(-70.6576083452541,217.0169490429,0.));
#3229=CARTESIAN_POINT('',(-70.5210733376647,226.491770146857,0.));
#3230=CARTESIAN_POINT('Ctrl Pts',(-70.5210733376647,226.491770146857,0.));
#3231=CARTESIAN_POINT('Ctrl Pts',(-70.5622897723893,226.41895976589,0.));
#3232=CARTESIAN_POINT('Ctrl Pts',(-70.6022365787797,226.345898009615,0.));
#3233=CARTESIAN_POINT('Ctrl Pts',(-70.6408882788396,226.272591128028,0.));
#3234=CARTESIAN_POINT('Ctrl Pts',(-70.7052419085415,226.150537921962,0.));
#3235=CARTESIAN_POINT('Ctrl Pts',(-70.7659951000013,226.027816416418,0.));
#3236=CARTESIAN_POINT('Ctrl Pts',(-70.8229002833804,225.904542073417,0.));
#3237=CARTESIAN_POINT('Ctrl Pts',(-70.8669136181385,225.809195488038,0.));
#3238=CARTESIAN_POINT('Ctrl Pts',(-70.9086228422925,225.713517025829,0.));
#3239=CARTESIAN_POINT('Ctrl Pts',(-70.9478864806647,225.617563062309,0.));
#3240=CARTESIAN_POINT('Ctrl Pts',(-70.9819335252037,225.534357607973,0.));
#3241=CARTESIAN_POINT('Ctrl Pts',(-71.0141365164024,225.450944704705,0.));
#3242=CARTESIAN_POINT('Ctrl Pts',(-71.0443724447651,225.367364186477,0.));
#3243=CARTESIAN_POINT('Ctrl Pts',(-71.0635741042427,225.314285457398,0.));
#3244=CARTESIAN_POINT('Ctrl Pts',(-71.0819889198883,225.261139096896,0.));
#3245=CARTESIAN_POINT('Ctrl Pts',(-71.0995704851826,225.207936219753,0.));
#3246=CARTESIAN_POINT('Ctrl Pts',(-71.1150471645177,225.161102854494,0.));
#3247=CARTESIAN_POINT('Ctrl Pts',(-71.1298712690174,225.114225780512,0.));
#3248=CARTESIAN_POINT('Ctrl Pts',(-71.1440068807399,225.067313210302,0.));
#3249=CARTESIAN_POINT('Ctrl Pts',(-71.1569702077028,225.024291160868,0.));
#3250=CARTESIAN_POINT('Ctrl Pts',(-71.1693607940822,224.981239180663,0.));
#3251=CARTESIAN_POINT('Ctrl Pts',(-71.1811725709338,224.938163858048,0.));
#3252=CARTESIAN_POINT('Ctrl Pts',(-71.1917605758446,224.899551400912,0.));
#3253=CARTESIAN_POINT('Ctrl Pts',(-71.2018854543534,224.860920162556,0.));
#3254=CARTESIAN_POINT('Ctrl Pts',(-71.2114736939076,224.822276171703,0.));
#3255=CARTESIAN_POINT('Ctrl Pts',(-71.2187615843817,224.792903399858,0.));
#3256=CARTESIAN_POINT('Ctrl Pts',(-71.2257342668545,224.763523328677,-2.17464139893481E-16));
#3257=CARTESIAN_POINT('Ctrl Pts',(-71.2323751097434,224.734138655196,-2.22044604925031E-16));
#3258=CARTESIAN_POINT('Ctrl Pts',(-71.2389813206874,224.704907222562,-2.26601182866462E-16));
#3259=CARTESIAN_POINT('Ctrl Pts',(-71.2452612987583,224.675671204286,0.));
#3260=CARTESIAN_POINT('Ctrl Pts',(-71.2512493136156,224.646432923311,0.));
#3261=CARTESIAN_POINT('Ctrl Pts',(-71.2561830742288,224.622342355317,0.));
#3262=CARTESIAN_POINT('Ctrl Pts',(-71.2609224743264,224.598250208032,0.));
#3263=CARTESIAN_POINT('Ctrl Pts',(-71.2654630035441,224.574158253697,0.));
#3264=CARTESIAN_POINT('Ctrl Pts',(-71.2700695254238,224.549716143658,0.));
#3265=CARTESIAN_POINT('Ctrl Pts',(-71.2744725285749,224.525274213346,0.));
#3266=CARTESIAN_POINT('Ctrl Pts',(-71.2785959936613,224.50083540044,0.));
#3267=CARTESIAN_POINT('Ctrl Pts',(-71.2820839437534,224.480163136232,0.));
#3268=CARTESIAN_POINT('Ctrl Pts',(-71.2853669572716,224.459493162345,0.));
#3269=CARTESIAN_POINT('Ctrl Pts',(-71.2883954560896,224.438827485609,0.));
#3270=CARTESIAN_POINT('Ctrl Pts',(-71.2910696064984,224.420579788907,0.));
#3271=CARTESIAN_POINT('Ctrl Pts',(-71.2935437077771,224.402335462491,4.41711668758292E-16));
#3272=CARTESIAN_POINT('Ctrl Pts',(-71.2958179001017,224.384095626258,4.44089209850063E-16));
#3273=CARTESIAN_POINT('Ctrl Pts',(-71.2987484968757,224.360591191457,4.47152985142054E-16));
#3274=CARTESIAN_POINT('Ctrl Pts',(-71.3013472580403,224.337094147951,0.));
#3275=CARTESIAN_POINT('Ctrl Pts',(-71.3037291133136,224.313606123099,0.));
#3276=CARTESIAN_POINT('Ctrl Pts',(-71.3054260175584,224.296872558502,0.));
#3277=CARTESIAN_POINT('Ctrl Pts',(-71.3070175258487,224.280143519575,0.));
#3278=CARTESIAN_POINT('Ctrl Pts',(-71.3085302904264,224.263420328476,0.));
#3279=CARTESIAN_POINT('Ctrl Pts',(-71.3098315752437,224.249034987233,0.));
#3280=CARTESIAN_POINT('Ctrl Pts',(-71.3110754403679,224.234653964539,0.));
#3281=CARTESIAN_POINT('Ctrl Pts',(-71.3122407104389,224.220279009743,0.));
#3282=CARTESIAN_POINT('Ctrl Pts',(-71.3133917032541,224.206080181421,0.));
#3283=CARTESIAN_POINT('Ctrl Pts',(-71.3144666751812,224.191887265029,0.));
#3284=CARTESIAN_POINT('Ctrl Pts',(-71.3153905089669,224.177703113179,0.));
#3285=CARTESIAN_POINT('Ctrl Pts',(-71.3169563038979,224.153662562366,0.));
#3286=CARTESIAN_POINT('Ctrl Pts',(-71.3180829476416,224.129647427049,0.));
#3287=CARTESIAN_POINT('Ctrl Pts',(-71.3182164964478,224.105674641265,0.));
#3288=CARTESIAN_POINT('Ctrl Pts',(-71.3182918146338,224.092154589768,0.));
#3289=CARTESIAN_POINT('Ctrl Pts',(-71.3180488163216,224.078648031837,0.));
#3290=CARTESIAN_POINT('Ctrl Pts',(-71.3174119896131,224.065157118899,0.));
#3291=CARTESIAN_POINT('Ctrl Pts',(-71.3169196408693,224.054726912456,0.));
#3292=CARTESIAN_POINT('Ctrl Pts',(-71.3161920948973,224.044306048143,0.));
#3293=CARTESIAN_POINT('Ctrl Pts',(-71.3152163907163,224.033894886897,0.));
#3294=CARTESIAN_POINT('',(-69.4789266623353,226.491770146857,0.));
#3295=CARTESIAN_POINT('Origin',(-70.,209.999999999998,0.));
#3296=CARTESIAN_POINT('',(-68.6847836092837,224.033894886897,0.));
#3297=CARTESIAN_POINT('Ctrl Pts',(-68.6847836092837,224.033894886897,0.));
#3298=CARTESIAN_POINT('Ctrl Pts',(-68.6835849766476,224.046684785611,0.));
#3299=CARTESIAN_POINT('Ctrl Pts',(-68.6827623101778,224.059489368936,0.));
#3300=CARTESIAN_POINT('Ctrl Pts',(-68.6822867630123,224.072307831617,0.));
#3301=CARTESIAN_POINT('Ctrl Pts',(-68.681714179393,224.087741930036,0.));
#3302=CARTESIAN_POINT('Ctrl Pts',(-68.681643833261,224.103196134375,0.));
#3303=CARTESIAN_POINT('Ctrl Pts',(-68.6819497431684,224.118666823448,0.));
#3304=CARTESIAN_POINT('Ctrl Pts',(-68.6823194023319,224.137361484334,0.));
#3305=CARTESIAN_POINT('Ctrl Pts',(-68.6832316980238,224.156080067362,0.));
#3306=CARTESIAN_POINT('Ctrl Pts',(-68.6844235211213,224.174814465391,0.));
#3307=CARTESIAN_POINT('Ctrl Pts',(-68.6853161449159,224.188845716751,0.));
#3308=CARTESIAN_POINT('Ctrl Pts',(-68.6863636317576,224.202885775138,0.));
#3309=CARTESIAN_POINT('Ctrl Pts',(-68.6874894664859,224.216931801646,0.));
#3310=CARTESIAN_POINT('Ctrl Pts',(-68.6887050502844,224.232097546518,0.));
#3311=CARTESIAN_POINT('Ctrl Pts',(-68.6900117709983,224.24727023728,0.));
#3312=CARTESIAN_POINT('Ctrl Pts',(-68.6913818240671,224.262447754615,0.));
#3313=CARTESIAN_POINT('Ctrl Pts',(-68.6930098344987,224.280482936691,0.));
#3314=CARTESIAN_POINT('Ctrl Pts',(-68.6947287479884,224.298524947009,4.4637083264788E-16));
#3315=CARTESIAN_POINT('Ctrl Pts',(-68.6965728043125,224.316572151183,4.44089209850063E-16));
#3316=CARTESIAN_POINT('Ctrl Pts',(-68.6989095386458,224.339441041391,4.41198004056768E-16));
#3317=CARTESIAN_POINT('Ctrl Pts',(-68.701457184285,224.362318405572,0.));
#3318=CARTESIAN_POINT('Ctrl Pts',(-68.7043203796125,224.385202756887,0.));
#3319=CARTESIAN_POINT('Ctrl Pts',(-68.7066915232216,224.404154339703,0.));
#3320=CARTESIAN_POINT('Ctrl Pts',(-68.7092793309746,224.423110752864,0.));
#3321=CARTESIAN_POINT('Ctrl Pts',(-68.7120818885717,224.442070722235,0.));
#3322=CARTESIAN_POINT('Ctrl Pts',(-68.7175040431844,224.478752889082,0.));
#3323=CARTESIAN_POINT('Ctrl Pts',(-68.7237248259658,224.515448206021,-2.27233186568855E-16));
#3324=CARTESIAN_POINT('Ctrl Pts',(-68.7304461401173,224.552145649403,-2.22044604925031E-16));
#3325=CARTESIAN_POINT('Ctrl Pts',(-68.7345858598847,224.574747945377,-2.18848909334564E-16));
#3326=CARTESIAN_POINT('Ctrl Pts',(-68.738912825988,224.597351055137,0.));
#3327=CARTESIAN_POINT('Ctrl Pts',(-68.7434068966333,224.619953262593,0.));
#3328=CARTESIAN_POINT('Ctrl Pts',(-68.7512577573774,224.659437907417,0.));
#3329=CARTESIAN_POINT('Ctrl Pts',(-68.7596252310939,224.698919821697,0.));
#3330=CARTESIAN_POINT('Ctrl Pts',(-68.7685886806311,224.738393116962,0.));
#3331=CARTESIAN_POINT('Ctrl Pts',(-68.7758945291036,224.770566658266,0.));
#3332=CARTESIAN_POINT('Ctrl Pts',(-68.7835993525031,224.802734540001,-2.27360755854759E-16));
#3333=CARTESIAN_POINT('Ctrl Pts',(-68.7916759864796,224.834893187522,-2.22044604925031E-16));
#3334=CARTESIAN_POINT('Ctrl Pts',(-68.8009253085535,224.871721114755,-2.15956574653369E-16));
#3335=CARTESIAN_POINT('Ctrl Pts',(-68.8106529217911,224.908536820311,0.));
#3336=CARTESIAN_POINT('Ctrl Pts',(-68.8207993368022,224.945335172415,0.));
#3337=CARTESIAN_POINT('Ctrl Pts',(-68.8381474168044,225.008252050499,0.));
#3338=CARTESIAN_POINT('Ctrl Pts',(-68.8567286305448,225.071118192594,0.));
#3339=CARTESIAN_POINT('Ctrl Pts',(-68.8765267791319,225.133913569746,0.));
#3340=CARTESIAN_POINT('Ctrl Pts',(-68.8943273965195,225.190373216841,0.));
#3341=CARTESIAN_POINT('Ctrl Pts',(-68.9131049205547,225.246775632418,0.));
#3342=CARTESIAN_POINT('Ctrl Pts',(-68.9327814900829,225.303106863058,0.));
#3343=CARTESIAN_POINT('Ctrl Pts',(-68.9621566466575,225.387203774244,0.));
#3344=CARTESIAN_POINT('Ctrl Pts',(-68.9935439965232,225.471142073146,0.));
#3345=CARTESIAN_POINT('Ctrl Pts',(-69.026830095711,225.554880604192,0.));
#3346=CARTESIAN_POINT('Ctrl Pts',(-69.0599422551881,225.638181551495,0.));
#3347=CARTESIAN_POINT('Ctrl Pts',(-69.0949228891127,225.721284712875,0.));
#3348=CARTESIAN_POINT('Ctrl Pts',(-69.1316698236464,225.804153215162,0.));
#3349=CARTESIAN_POINT('Ctrl Pts',(-69.1749391465948,225.901730442575,0.));
#3350=CARTESIAN_POINT('Ctrl Pts',(-69.2206586695327,225.998981024208,0.));
#3351=CARTESIAN_POINT('Ctrl Pts',(-69.2686938204928,226.095850377674,0.));
#3352=CARTESIAN_POINT('Ctrl Pts',(-69.3082282330845,226.175576846954,0.));
#3353=CARTESIAN_POINT('Ctrl Pts',(-69.3493334526517,226.25504571714,-2.12289860273058E-16));
#3354=CARTESIAN_POINT('Ctrl Pts',(-69.3919434905883,226.334222520925,-2.22044604925031E-16));
#3355=CARTESIAN_POINT('Ctrl Pts',(-69.4202750078377,226.3868673692,-2.28530558229793E-16));
#3356=CARTESIAN_POINT('Ctrl Pts',(-69.4492716890155,226.439383521973,0.));
#3357=CARTESIAN_POINT('Ctrl Pts',(-69.4789266623353,226.491770146857,0.));
#3358=CARTESIAN_POINT('',(-68.7278029533157,223.574860954146,0.));
#3359=CARTESIAN_POINT('',(-69.3816226272715,216.59833857802,0.));
#3360=CARTESIAN_POINT('',(-68.3996815006344,223.167609538204,0.));
#3361=CARTESIAN_POINT('Origin',(-68.3544389783183,223.539870352921,0.));
#3362=CARTESIAN_POINT('',(-67.4529782143708,223.017666468055,0.));
#3363=CARTESIAN_POINT('Origin',(-70.,210.,0.));
#3364=CARTESIAN_POINT('',(-67.0150685601524,223.303590475861,0.));
#3365=CARTESIAN_POINT('Origin',(-67.3809714919455,223.385688249918,0.));
#3366=CARTESIAN_POINT('',(-66.914133101406,223.753451397197,0.));
#3367=CARTESIAN_POINT('',(-68.457066241471,216.876727076819,0.));
#3368=CARTESIAN_POINT('',(-65.3993329505493,225.845625980065,0.));
#3369=CARTESIAN_POINT('Ctrl Pts',(-65.3993329505493,225.845625980065,0.));
#3370=CARTESIAN_POINT('Ctrl Pts',(-65.4610317569015,225.789115769332,0.));
#3371=CARTESIAN_POINT('Ctrl Pts',(-65.5216007541065,225.731974149692,0.));
#3372=CARTESIAN_POINT('Ctrl Pts',(-65.5810137797902,225.674199192111,0.));
#3373=CARTESIAN_POINT('Ctrl Pts',(-65.6799342400167,225.578006053862,0.));
#3374=CARTESIAN_POINT('Ctrl Pts',(-65.7756369954517,225.480064728203,0.));
#3375=CARTESIAN_POINT('Ctrl Pts',(-65.8678509134036,225.38040852276,0.));
#3376=CARTESIAN_POINT('Ctrl Pts',(-65.9391737967537,225.303329399849,0.));
#3377=CARTESIAN_POINT('Ctrl Pts',(-66.0084078962766,225.22522263399,0.));
#3378=CARTESIAN_POINT('Ctrl Pts',(-66.075401240087,225.146098123254,0.));
#3379=CARTESIAN_POINT('Ctrl Pts',(-66.13349379412,225.077486158934,0.));
#3380=CARTESIAN_POINT('Ctrl Pts',(-66.18989665493,225.008107055358,0.));
#3381=CARTESIAN_POINT('Ctrl Pts',(-66.2444805242178,224.937960684861,0.));
#3382=CARTESIAN_POINT('Ctrl Pts',(-66.2791446175734,224.893413452002,0.));
#3383=CARTESIAN_POINT('Ctrl Pts',(-66.3130812772092,224.84855874971,0.));
#3384=CARTESIAN_POINT('Ctrl Pts',(-66.3462429332435,224.803392808369,0.));
#3385=CARTESIAN_POINT('Ctrl Pts',(-66.3754344350312,224.763634189075,0.));
#3386=CARTESIAN_POINT('Ctrl Pts',(-66.4040188080382,224.723632343613,0.));
#3387=CARTESIAN_POINT('Ctrl Pts',(-66.431959354473,224.683383983276,0.));
#3388=CARTESIAN_POINT('Ctrl Pts',(-66.457582755606,224.646473471011,0.));
#3389=CARTESIAN_POINT('Ctrl Pts',(-66.4826706971866,224.609357506316,0.));
#3390=CARTESIAN_POINT('Ctrl Pts',(-66.5072153713923,224.572040479687,0.));
#3391=CARTESIAN_POINT('Ctrl Pts',(-66.5292170685265,224.538589723284,0.));
#3392=CARTESIAN_POINT('Ctrl Pts',(-66.5507841099727,224.504977990942,0.));
#3393=CARTESIAN_POINT('Ctrl Pts',(-66.5718447181561,224.471188299689,0.));
#3394=CARTESIAN_POINT('Ctrl Pts',(-66.5878525995622,224.44550521563,0.));
#3395=CARTESIAN_POINT('Ctrl Pts',(-66.6035629559641,224.419717784859,0.));
#3396=CARTESIAN_POINT('Ctrl Pts',(-66.6189591363558,224.39382343297,0.));
#3397=CARTESIAN_POINT('Ctrl Pts',(-66.6342750257951,224.36806411991,0.));
#3398=CARTESIAN_POINT('Ctrl Pts',(-66.6492820663756,224.342199634143,0.));
#3399=CARTESIAN_POINT('Ctrl Pts',(-66.6640121326507,224.316242774826,0.));
#3400=CARTESIAN_POINT('Ctrl Pts',(-66.6761488127358,224.294855899054,0.));
#3401=CARTESIAN_POINT('Ctrl Pts',(-66.688101133014,224.273407460585,0.));
#3402=CARTESIAN_POINT('Ctrl Pts',(-66.6998642562219,224.251897751141,0.));
#3403=CARTESIAN_POINT('Ctrl Pts',(-66.7117983460695,224.230075417006,0.));
#3404=CARTESIAN_POINT('Ctrl Pts',(-66.7235388225721,224.208190363058,0.));
#3405=CARTESIAN_POINT('Ctrl Pts',(-66.7350124792555,224.186221891931,0.));
#3406=CARTESIAN_POINT('Ctrl Pts',(-66.7447177979612,224.167639236056,0.));
#3407=CARTESIAN_POINT('Ctrl Pts',(-66.754227502653,224.148995429523,0.));
#3408=CARTESIAN_POINT('Ctrl Pts',(-66.7634938215851,224.130277060454,0.));
#3409=CARTESIAN_POINT('Ctrl Pts',(-66.7716759381136,224.113748827607,0.));
#3410=CARTESIAN_POINT('Ctrl Pts',(-66.7796667551404,224.097161981512,0.));
#3411=CARTESIAN_POINT('Ctrl Pts',(-66.7874660599121,224.080517630571,0.));
#3412=CARTESIAN_POINT('Ctrl Pts',(-66.7975164920945,224.059069190581,0.));
#3413=CARTESIAN_POINT('Ctrl Pts',(-66.8072490458706,224.037525237305,0.));
#3414=CARTESIAN_POINT('Ctrl Pts',(-66.8167725229886,224.015922833675,0.));
#3415=CARTESIAN_POINT('Ctrl Pts',(-66.823557330886,224.000532639849,0.));
#3416=CARTESIAN_POINT('Ctrl Pts',(-66.8302405027535,223.985114181044,0.));
#3417=CARTESIAN_POINT('Ctrl Pts',(-66.8368469778171,223.969676950709,0.));
#3418=CARTESIAN_POINT('Ctrl Pts',(-66.8425298882237,223.956397797139,0.));
#3419=CARTESIAN_POINT('Ctrl Pts',(-66.8481568547504,223.943105007092,0.));
#3420=CARTESIAN_POINT('Ctrl Pts',(-66.8537071978593,223.929793700754,0.));
#3421=CARTESIAN_POINT('Ctrl Pts',(-66.8591895362449,223.916645489145,0.));
#3422=CARTESIAN_POINT('Ctrl Pts',(-66.8645977475908,223.903479408371,0.));
#3423=CARTESIAN_POINT('Ctrl Pts',(-66.8698595096492,223.890274958922,0.));
#3424=CARTESIAN_POINT('Ctrl Pts',(-66.8787776083149,223.867894892758,0.));
#3425=CARTESIAN_POINT('Ctrl Pts',(-66.8872701955688,223.845403292989,0.));
#3426=CARTESIAN_POINT('Ctrl Pts',(-66.8948052066298,223.822645086791,0.));
#3427=CARTESIAN_POINT('Ctrl Pts',(-66.8990547642258,223.809810028258,0.));
#3428=CARTESIAN_POINT('Ctrl Pts',(-66.9029974151042,223.796889437661,0.));
#3429=CARTESIAN_POINT('Ctrl Pts',(-66.9065606783506,223.78386202667,0.));
#3430=CARTESIAN_POINT('Ctrl Pts',(-66.9093155381956,223.773790165867,0.));
#3431=CARTESIAN_POINT('Ctrl Pts',(-66.9118438252689,223.763654510008,0.));
#3432=CARTESIAN_POINT('Ctrl Pts',(-66.914133101406,223.753451397197,0.));
#3433=CARTESIAN_POINT('',(-64.408192564042,225.523584946756,0.));
#3434=CARTESIAN_POINT('Origin',(-70.0000000000008,209.999999999998,0.));
#3435=CARTESIAN_POINT('',(-64.4124428639482,222.940602965173,0.));
#3436=CARTESIAN_POINT('Ctrl Pts',(-64.4124428639482,222.940602965173,0.));
#3437=CARTESIAN_POINT('Ctrl Pts',(-64.4073506005127,222.952396483827,0.));
#3438=CARTESIAN_POINT('Ctrl Pts',(-64.4026113643545,222.964320148311,0.));
#3439=CARTESIAN_POINT('Ctrl Pts',(-64.3981979693159,222.97636427861,0.));
#3440=CARTESIAN_POINT('Ctrl Pts',(-64.3928840112267,222.990866040422,0.));
#3441=CARTESIAN_POINT('Ctrl Pts',(-64.388041496302,223.005542124018,-2.23846804874801E-16));
#3442=CARTESIAN_POINT('Ctrl Pts',(-64.3835517280727,223.020350155039,-2.22044604925031E-16));
#3443=CARTESIAN_POINT('Ctrl Pts',(-64.3781263269092,223.038244065064,-2.19866840460378E-16));
#3444=CARTESIAN_POINT('Ctrl Pts',(-64.3732096114039,223.056328410308,0.));
#3445=CARTESIAN_POINT('Ctrl Pts',(-64.3685538551554,223.07451417523,0.));
#3446=CARTESIAN_POINT('Ctrl Pts',(-64.3650668957089,223.088134524191,0.));
#3447=CARTESIAN_POINT('Ctrl Pts',(-64.3617244982517,223.101811104446,0.));
#3448=CARTESIAN_POINT('Ctrl Pts',(-64.3584547698113,223.115517571552,0.));
#3449=CARTESIAN_POINT('Ctrl Pts',(-64.3549243858081,223.130316688081,0.));
#3450=CARTESIAN_POINT('Ctrl Pts',(-64.3514785317638,223.145150573401,-2.23918493427699E-16));
#3451=CARTESIAN_POINT('Ctrl Pts',(-64.3480914188751,223.160008619838,-2.22044604925031E-16));
#3452=CARTESIAN_POINT('Ctrl Pts',(-64.3440665710474,223.177664180161,-2.19817895536426E-16));
#3453=CARTESIAN_POINT('Ctrl Pts',(-64.3401260671224,223.195354325118,0.));
#3454=CARTESIAN_POINT('Ctrl Pts',(-64.3363029761157,223.213088080989,0.));
#3455=CARTESIAN_POINT('Ctrl Pts',(-64.3314584668132,223.235559778662,0.));
#3456=CARTESIAN_POINT('Ctrl Pts',(-64.3268119274811,223.25810471074,0.));
#3457=CARTESIAN_POINT('Ctrl Pts',(-64.3224633345932,223.280753798194,0.));
#3458=CARTESIAN_POINT('Ctrl Pts',(-64.3188620649995,223.299510548268,0.));
#3459=CARTESIAN_POINT('Ctrl Pts',(-64.3154653625945,223.318338845177,0.));
#3460=CARTESIAN_POINT('Ctrl Pts',(-64.3122718005006,223.337236885593,0.));
#3461=CARTESIAN_POINT('Ctrl Pts',(-64.3060931630493,223.373799237236,0.));
#3462=CARTESIAN_POINT('Ctrl Pts',(-64.3006700025163,223.410620885032,0.));
#3463=CARTESIAN_POINT('Ctrl Pts',(-64.2957222184948,223.447599227897,0.));
#3464=CARTESIAN_POINT('Ctrl Pts',(-64.2926748324093,223.470374532359,0.));
#3465=CARTESIAN_POINT('Ctrl Pts',(-64.2898052766954,223.493208473078,0.));
#3466=CARTESIAN_POINT('Ctrl Pts',(-64.2870949256701,223.516093193796,0.));
#3467=CARTESIAN_POINT('Ctrl Pts',(-64.2823601116656,223.556071371951,0.));
#3468=CARTESIAN_POINT('Ctrl Pts',(-64.2781174695798,223.596206595391,0.));
#3469=CARTESIAN_POINT('Ctrl Pts',(-64.2744442976036,223.636517788318,0.));
#3470=CARTESIAN_POINT('Ctrl Pts',(-64.2714504013603,223.669374275804,0.));
#3471=CARTESIAN_POINT('Ctrl Pts',(-64.2688377017253,223.702348670752,0.));
#3472=CARTESIAN_POINT('Ctrl Pts',(-64.2665814684927,223.735429179228,0.));
#3473=CARTESIAN_POINT('Ctrl Pts',(-64.2639976411371,223.773312817098,0.));
#3474=CARTESIAN_POINT('Ctrl Pts',(-64.2618724724154,223.811332631561,0.));
#3475=CARTESIAN_POINT('Ctrl Pts',(-64.260150970361,223.849465358775,0.));
#3476=CARTESIAN_POINT('Ctrl Pts',(-64.2572075901483,223.91466372113,0.));
#3477=CARTESIAN_POINT('Ctrl Pts',(-64.25545266824,223.980194890014,0.));
#3478=CARTESIAN_POINT('Ctrl Pts',(-64.2548769878573,224.046034811021,0.));
#3479=CARTESIAN_POINT('Ctrl Pts',(-64.254359390731,224.105231815,0.));
#3480=CARTESIAN_POINT('Ctrl Pts',(-64.254788572398,224.164676269286,0.));
#3481=CARTESIAN_POINT('Ctrl Pts',(-64.2560947943588,224.224330842975,0.));
#3482=CARTESIAN_POINT('Ctrl Pts',(-64.2580448536841,224.313389181609,0.));
#3483=CARTESIAN_POINT('Ctrl Pts',(-64.2619576364724,224.402918472925,0.));
#3484=CARTESIAN_POINT('Ctrl Pts',(-64.2677379688671,224.492844519535,0.));
#3485=CARTESIAN_POINT('Ctrl Pts',(-64.2734880958882,224.582300653751,0.));
#3486=CARTESIAN_POINT('Ctrl Pts',(-64.281076367144,224.672146072782,4.3095655900772E-16));
#3487=CARTESIAN_POINT('Ctrl Pts',(-64.2904170039614,224.762314134695,4.44089209850063E-16));
#3488=CARTESIAN_POINT('Ctrl Pts',(-64.3014155545805,224.868486552332,4.59552836996211E-16));
#3489=CARTESIAN_POINT('Ctrl Pts',(-64.3148453231163,224.975105464832,0.));
#3490=CARTESIAN_POINT('Ctrl Pts',(-64.3305951908991,225.082077376226,0.));
#3491=CARTESIAN_POINT('Ctrl Pts',(-64.3435578181108,225.170118560358,0.));
#3492=CARTESIAN_POINT('Ctrl Pts',(-64.3580939740457,225.25840015924,0.));
#3493=CARTESIAN_POINT('Ctrl Pts',(-64.3741515507941,225.346869000916,0.));
#3494=CARTESIAN_POINT('Ctrl Pts',(-64.3848282705886,225.405692137677,0.));
#3495=CARTESIAN_POINT('Ctrl Pts',(-64.3961773677484,225.464598424672,0.));
#3496=CARTESIAN_POINT('Ctrl Pts',(-64.408192564042,225.523584946757,0.));
#3497=CARTESIAN_POINT('',(-64.5952059776314,222.517329460623,0.));
#3498=CARTESIAN_POINT('',(-67.3728895256612,216.084303527693,0.));
#3499=CARTESIAN_POINT('',(-64.4089915404321,222.028615242622,0.));
#3500=CARTESIAN_POINT('Origin',(-64.250928426682,222.368675607957,0.));
#3501=CARTESIAN_POINT('',(-63.5549581678977,221.593463504598,0.));
#3502=CARTESIAN_POINT('Origin',(-70.,210.,0.));
#3503=CARTESIAN_POINT('',(-63.050125960193,221.730071870232,0.));
#3504=CARTESIAN_POINT('Origin',(-63.3727507204222,221.921221717439,0.));
#3505=CARTESIAN_POINT('',(-62.8151159646291,222.126724258808,0.));
#3506=CARTESIAN_POINT('',(-66.4075574316761,216.063363058777,0.));
#3507=CARTESIAN_POINT('',(-60.7279379089664,223.648401539375,0.));
#3508=CARTESIAN_POINT('Ctrl Pts',(-60.7279379089664,223.648401539375,0.));
#3509=CARTESIAN_POINT('Ctrl Pts',(-60.804079578041,223.613723114108,0.));
#3510=CARTESIAN_POINT('Ctrl Pts',(-60.8793418508064,223.578095053014,0.));
#3511=CARTESIAN_POINT('Ctrl Pts',(-60.9537004414669,223.541507436855,0.));
#3512=CARTESIAN_POINT('Ctrl Pts',(-61.0775046939792,223.480590434132,0.));
#3513=CARTESIAN_POINT('Ctrl Pts',(-61.1987889474108,223.417016481354,4.62608705775162E-16));
#3514=CARTESIAN_POINT('Ctrl Pts',(-61.3172850466937,223.350733471359,4.44089209850063E-16));
#3515=CARTESIAN_POINT('Ctrl Pts',(-61.4089358988143,223.299466852593,4.297652988298E-16));
#3516=CARTESIAN_POINT('Ctrl Pts',(-61.4989177586132,223.246577417609,-2.38992408538775E-16));
#3517=CARTESIAN_POINT('Ctrl Pts',(-61.5870830335691,223.192027618139,-2.22044604925031E-16));
#3518=CARTESIAN_POINT('Ctrl Pts',(-61.6635346083054,223.144725343256,-2.0734849837695E-16));
#3519=CARTESIAN_POINT('Ctrl Pts',(-61.7386162480344,223.096171331361,0.));
#3520=CARTESIAN_POINT('Ctrl Pts',(-61.8122050221711,223.046325505649,0.));
#3521=CARTESIAN_POINT('Ctrl Pts',(-61.8589383855364,223.014670363781,0.));
#3522=CARTESIAN_POINT('Ctrl Pts',(-61.9050749316138,222.982498011733,0.));
#3523=CARTESIAN_POINT('Ctrl Pts',(-61.9505705836326,222.949790164484,0.));
#3524=CARTESIAN_POINT('Ctrl Pts',(-61.990619441545,222.920998139995,0.));
#3525=CARTESIAN_POINT('Ctrl Pts',(-62.0301660466695,222.891787180543,0.));
#3526=CARTESIAN_POINT('Ctrl Pts',(-62.069176513598,222.86214281814,0.));
#3527=CARTESIAN_POINT('Ctrl Pts',(-62.1049517914912,222.834956901477,0.));
#3528=CARTESIAN_POINT('Ctrl Pts',(-62.1402813053866,222.807410121845,0.));
#3529=CARTESIAN_POINT('Ctrl Pts',(-62.175156272864,222.779504242103,0.));
#3530=CARTESIAN_POINT('Ctrl Pts',(-62.2064179811208,222.75448958161,0.));
#3531=CARTESIAN_POINT('Ctrl Pts',(-62.237316051583,222.729187507931,0.));
#3532=CARTESIAN_POINT('Ctrl Pts',(-62.2677874677535,222.703559688812,0.));
#3533=CARTESIAN_POINT('Ctrl Pts',(-62.290948376982,222.684080331863,0.));
#3534=CARTESIAN_POINT('Ctrl Pts',(-62.313858568026,222.664409795014,0.));
#3535=CARTESIAN_POINT('Ctrl Pts',(-62.3365030003737,222.644540484415,0.));
#3536=CARTESIAN_POINT('Ctrl Pts',(-62.3590293423058,222.624774792008,0.));
#3537=CARTESIAN_POINT('Ctrl Pts',(-62.3812944516728,222.604813634866,0.));
#3538=CARTESIAN_POINT('Ctrl Pts',(-62.4033246878189,222.584679035492,0.));
#3539=CARTESIAN_POINT('Ctrl Pts',(-62.4214762645426,222.568089348349,0.));
#3540=CARTESIAN_POINT('Ctrl Pts',(-62.439471528591,222.551384141288,0.));
#3541=CARTESIAN_POINT('Ctrl Pts',(-62.4573057893057,222.534562196958,0.));
#3542=CARTESIAN_POINT('Ctrl Pts',(-62.4753992554997,222.517495760287,0.));
#3543=CARTESIAN_POINT('Ctrl Pts',(-62.4933279659453,222.500309843712,0.));
#3544=CARTESIAN_POINT('Ctrl Pts',(-62.5110286929835,222.482962140823,0.));
#3545=CARTESIAN_POINT('Ctrl Pts',(-62.5260013559824,222.468288093333,0.));
#3546=CARTESIAN_POINT('Ctrl Pts',(-62.5408068755918,222.453495440056,4.41325604593618E-16));
#3547=CARTESIAN_POINT('Ctrl Pts',(-62.5554039626806,222.438556663259,4.44089209850063E-16));
#3548=CARTESIAN_POINT('Ctrl Pts',(-62.5682931228025,222.425365792711,4.46529460459477E-16));
#3549=CARTESIAN_POINT('Ctrl Pts',(-62.5810184587747,222.412060062853,0.));
#3550=CARTESIAN_POINT('Ctrl Pts',(-62.5935794257426,222.398640462095,0.));
#3551=CARTESIAN_POINT('Ctrl Pts',(-62.6097658879922,222.381347536986,0.));
#3552=CARTESIAN_POINT('Ctrl Pts',(-62.6256795451157,222.363865543495,0.));
#3553=CARTESIAN_POINT('Ctrl Pts',(-62.6414124206624,222.346263352168,0.));
#3554=CARTESIAN_POINT('Ctrl Pts',(-62.6526209876558,222.33372302919,0.));
#3555=CARTESIAN_POINT('Ctrl Pts',(-62.6637416274055,222.321124417366,0.));
#3556=CARTESIAN_POINT('Ctrl Pts',(-62.6747951248844,222.30848425214,0.));
#3557=CARTESIAN_POINT('Ctrl Pts',(-62.6843033779004,222.297611142578,0.));
#3558=CARTESIAN_POINT('Ctrl Pts',(-62.6937626390287,222.286707776347,-2.20301259216093E-16));
#3559=CARTESIAN_POINT('Ctrl Pts',(-62.7031547488031,222.275763122136,-2.22044604925031E-16));
#3560=CARTESIAN_POINT('Ctrl Pts',(-62.7124317834009,222.26495256538,-2.23766590596655E-16));
#3561=CARTESIAN_POINT('Ctrl Pts',(-62.7216438408654,222.254102107521,0.));
#3562=CARTESIAN_POINT('Ctrl Pts',(-62.7307284733422,222.243169903558,0.));
#3563=CARTESIAN_POINT('Ctrl Pts',(-62.7461259095218,222.224641040309,0.));
#3564=CARTESIAN_POINT('Ctrl Pts',(-62.7611531260759,222.205874612039,0.));
#3565=CARTESIAN_POINT('Ctrl Pts',(-62.7753520195007,222.186558718691,0.));
#3566=CARTESIAN_POINT('Ctrl Pts',(-62.7833598400954,222.175665038181,0.));
#3567=CARTESIAN_POINT('Ctrl Pts',(-62.7911022059159,222.164595172454,0.));
#3568=CARTESIAN_POINT('Ctrl Pts',(-62.7985167619751,222.153306477268,0.));
#3569=CARTESIAN_POINT('Ctrl Pts',(-62.8042491651956,222.144578867399,0.));
#3570=CARTESIAN_POINT('Ctrl Pts',(-62.8097857986827,222.135720570003,0.));
#3571=CARTESIAN_POINT('Ctrl Pts',(-62.8151159646291,222.126724258808,0.));
#3572=CARTESIAN_POINT('',(-59.8848235379936,223.035843092891,0.));
#3573=CARTESIAN_POINT('Origin',(-70.0000000000014,209.999999999998,0.));
#3574=CARTESIAN_POINT('',(-60.6870511418892,220.580594662735,0.));
#3575=CARTESIAN_POINT('Ctrl Pts',(-60.6870511418892,220.580594662735,0.));
#3576=CARTESIAN_POINT('Ctrl Pts',(-60.678563713879,220.590237369559,0.));
#3577=CARTESIAN_POINT('Ctrl Pts',(-60.6703718174879,220.600112943851,0.));
#3578=CARTESIAN_POINT('Ctrl Pts',(-60.6624525884329,220.610203778385,0.));
#3579=CARTESIAN_POINT('Ctrl Pts',(-60.6529174231251,220.622353670086,0.));
#3580=CARTESIAN_POINT('Ctrl Pts',(-60.6437767585161,220.634815035606,0.));
#3581=CARTESIAN_POINT('Ctrl Pts',(-60.6349308019536,220.647510895306,0.));
#3582=CARTESIAN_POINT('Ctrl Pts',(-60.6242414165205,220.662852473889,0.));
#3583=CARTESIAN_POINT('Ctrl Pts',(-60.6139769721795,220.678532359641,0.));
#3584=CARTESIAN_POINT('Ctrl Pts',(-60.6039293744364,220.694389342084,0.));
#3585=CARTESIAN_POINT('Ctrl Pts',(-60.5964041596383,220.706265533984,0.));
#3586=CARTESIAN_POINT('Ctrl Pts',(-60.5889990550367,220.718239877134,0.));
#3587=CARTESIAN_POINT('Ctrl Pts',(-60.5816538272325,220.730265100328,0.));
#3588=CARTESIAN_POINT('Ctrl Pts',(-60.5737230540034,220.743248947899,0.));
#3589=CARTESIAN_POINT('Ctrl Pts',(-60.5658619293956,220.756291983748,0.));
#3590=CARTESIAN_POINT('Ctrl Pts',(-60.5580492047509,220.769376150201,0.));
#3591=CARTESIAN_POINT('Ctrl Pts',(-60.5487654788392,220.784923839472,0.));
#3592=CARTESIAN_POINT('Ctrl Pts',(-60.5395512815059,220.800530484383,0.));
#3593=CARTESIAN_POINT('Ctrl Pts',(-60.5304352739796,220.816214888324,0.));
#3594=CARTESIAN_POINT('Ctrl Pts',(-60.5188837353644,220.836089707125,0.));
#3595=CARTESIAN_POINT('Ctrl Pts',(-60.5074978467038,220.856095352069,0.));
#3596=CARTESIAN_POINT('Ctrl Pts',(-60.4963631361692,220.876292125177,0.));
#3597=CARTESIAN_POINT('Ctrl Pts',(-60.4871419707419,220.893018001017,0.));
#3598=CARTESIAN_POINT('Ctrl Pts',(-60.4780932510842,220.909875136678,0.));
#3599=CARTESIAN_POINT('Ctrl Pts',(-60.4692161774133,220.926861376163,0.));
#3600=CARTESIAN_POINT('Ctrl Pts',(-60.4520415557695,220.959724935387,0.));
#3601=CARTESIAN_POINT('Ctrl Pts',(-60.4355053084704,220.993068555126,0.));
#3602=CARTESIAN_POINT('Ctrl Pts',(-60.4193727496693,221.026708100157,0.));
#3603=CARTESIAN_POINT('Ctrl Pts',(-60.4094365569621,221.047427008183,0.));
#3604=CARTESIAN_POINT('Ctrl Pts',(-60.3996513713938,221.068256635212,0.));
#3605=CARTESIAN_POINT('Ctrl Pts',(-60.3900019066044,221.089183753849,0.));
#3606=CARTESIAN_POINT('Ctrl Pts',(-60.3731448944771,221.125742122666,0.));
#3607=CARTESIAN_POINT('Ctrl Pts',(-60.3567074359984,221.162601939911,0.));
#3608=CARTESIAN_POINT('Ctrl Pts',(-60.3407571982161,221.199805090025,0.));
#3609=CARTESIAN_POINT('Ctrl Pts',(-60.3277566203145,221.230128302622,0.));
#3610=CARTESIAN_POINT('Ctrl Pts',(-60.3150821465409,221.260681448124,0.));
#3611=CARTESIAN_POINT('Ctrl Pts',(-60.3027139015944,221.291445667774,0.));
#3612=CARTESIAN_POINT('Ctrl Pts',(-60.2885498478587,221.326676701938,0.));
#3613=CARTESIAN_POINT('Ctrl Pts',(-60.2747799235222,221.362178981048,0.));
#3614=CARTESIAN_POINT('Ctrl Pts',(-60.2613590170409,221.397913386426,0.));
#3615=CARTESIAN_POINT('Ctrl Pts',(-60.2384122990486,221.4590111464,0.));
#3616=CARTESIAN_POINT('Ctrl Pts',(-60.2164930287602,221.520792677712,0.));
#3617=CARTESIAN_POINT('Ctrl Pts',(-60.1955998737269,221.583232255146,0.));
#3618=CARTESIAN_POINT('Ctrl Pts',(-60.1768147248823,221.639372017379,0.));
#3619=CARTESIAN_POINT('Ctrl Pts',(-60.1588535502031,221.696039689821,0.));
#3620=CARTESIAN_POINT('Ctrl Pts',(-60.1416615602821,221.753178218254,0.));
#3621=CARTESIAN_POINT('Ctrl Pts',(-60.1159956372061,221.838480331748,0.));
#3622=CARTESIAN_POINT('Ctrl Pts',(-60.092050842634,221.924836862733,0.));
#3623=CARTESIAN_POINT('Ctrl Pts',(-60.0697595891067,222.012147834962,0.));
#3624=CARTESIAN_POINT('Ctrl Pts',(-60.047584819498,222.099002559895,0.));
#3625=CARTESIAN_POINT('Ctrl Pts',(-60.0270379332664,222.186795534463,0.));
#3626=CARTESIAN_POINT('Ctrl Pts',(-60.0080579435378,222.275436871361,0.));
#3627=CARTESIAN_POINT('Ctrl Pts',(-59.9857091059218,222.379811577181,0.));
#3628=CARTESIAN_POINT('Ctrl Pts',(-59.9655345193313,222.485362212441,0.));
#3629=CARTESIAN_POINT('Ctrl Pts',(-59.9474573954794,222.591965519644,0.));
#3630=CARTESIAN_POINT('Ctrl Pts',(-59.9325793638315,222.679703336307,0.));
#3631=CARTESIAN_POINT('Ctrl Pts',(-59.9191235547777,222.768156048152,0.));
#3632=CARTESIAN_POINT('Ctrl Pts',(-59.9070568417858,222.857256983404,0.));
#3633=CARTESIAN_POINT('Ctrl Pts',(-59.8990336564818,222.916500400791,0.));
#3634=CARTESIAN_POINT('Ctrl Pts',(-59.8916242452593,222.976030674803,0.));
#3635=CARTESIAN_POINT('Ctrl Pts',(-59.8848235379936,223.035843092891,0.));
#3636=CARTESIAN_POINT('',(-60.9916678982707,220.23451454613,0.));
#3637=CARTESIAN_POINT('',(-65.6213165395176,214.974694434345,0.));
#3638=CARTESIAN_POINT('',(-60.9655884430989,219.712176278802,0.));
#3639=CARTESIAN_POINT('Origin',(-60.7101770567792,219.986748716855,0.));
#3640=CARTESIAN_POINT('',(-60.2878237211976,219.034411556901,0.));
#3641=CARTESIAN_POINT('Origin',(-70.,210.,0.));
#3642=CARTESIAN_POINT('',(-59.7654854538697,219.008332101729,0.));
#3643=CARTESIAN_POINT('Origin',(-60.0132512831449,219.289822943221,0.));
#3644=CARTESIAN_POINT('',(-59.4194053372649,219.312948858111,0.));
#3645=CARTESIAN_POINT('',(-64.7097021865181,214.656474853408,0.));
#3646=CARTESIAN_POINT('',(-56.9641569071091,220.115176462006,0.));
#3647=CARTESIAN_POINT('Ctrl Pts',(-56.9641569071091,220.115176462006,0.));
#3648=CARTESIAN_POINT('Ctrl Pts',(-57.0472881614861,220.105724389281,0.));
#3649=CARTESIAN_POINT('Ctrl Pts',(-57.1298765138677,220.095097410779,0.));
#3650=CARTESIAN_POINT('Ctrl Pts',(-57.2119019323015,220.08327858802,0.));
#3651=CARTESIAN_POINT('Ctrl Pts',(-57.3484711616458,220.063600693694,0.));
#3652=CARTESIAN_POINT('Ctrl Pts',(-57.48346477218,220.040617167201,0.));
#3653=CARTESIAN_POINT('Ctrl Pts',(-57.6166438352833,220.014195587216,0.));
#3654=CARTESIAN_POINT('Ctrl Pts',(-57.7196512351784,219.993759805555,0.));
#3655=CARTESIAN_POINT('Ctrl Pts',(-57.82157280677,219.971264886831,0.));
#3656=CARTESIAN_POINT('Ctrl Pts',(-57.9222797842693,219.946629511913,0.));
#3657=CARTESIAN_POINT('Ctrl Pts',(-58.0096067577095,219.92526721126,0.));
#3658=CARTESIAN_POINT('Ctrl Pts',(-58.0960176535732,219.902291104823,0.));
#3659=CARTESIAN_POINT('Ctrl Pts',(-58.1814079423463,219.877625089662,0.));
#3660=CARTESIAN_POINT('Ctrl Pts',(-58.2356359893306,219.86196066402,0.));
#3661=CARTESIAN_POINT('Ctrl Pts',(-58.2894562560721,219.845619915569,0.));
#3662=CARTESIAN_POINT('Ctrl Pts',(-58.3428324734503,219.828571833749,0.));
#3663=CARTESIAN_POINT('Ctrl Pts',(-58.3898184255201,219.813564768907,0.));
#3664=CARTESIAN_POINT('Ctrl Pts',(-58.4364561648254,219.798004068589,0.));
#3665=CARTESIAN_POINT('Ctrl Pts',(-58.4827179352829,219.781865501759,0.));
#3666=CARTESIAN_POINT('Ctrl Pts',(-58.5251431563996,219.767065327457,0.));
#3667=CARTESIAN_POINT('Ctrl Pts',(-58.5672559435553,219.751784203434,0.));
#3668=CARTESIAN_POINT('Ctrl Pts',(-58.609047399418,219.736021092349,0.));
#3669=CARTESIAN_POINT('Ctrl Pts',(-58.6465090043947,219.721891136153,0.));
#3670=CARTESIAN_POINT('Ctrl Pts',(-58.683713584856,219.707375463545,0.));
#3671=CARTESIAN_POINT('Ctrl Pts',(-58.720613053874,219.692418145223,0.));
#3672=CARTESIAN_POINT('Ctrl Pts',(-58.7486598395822,219.681049290524,0.));
#3673=CARTESIAN_POINT('Ctrl Pts',(-58.7765272559689,219.669421136759,0.));
#3674=CARTESIAN_POINT('Ctrl Pts',(-58.8042033452859,219.657521813976,0.));
#3675=CARTESIAN_POINT('Ctrl Pts',(-58.8317351044218,219.645684545894,0.));
#3676=CARTESIAN_POINT('Ctrl Pts',(-58.8590788185494,219.633580654499,0.));
#3677=CARTESIAN_POINT('Ctrl Pts',(-58.8862527515672,219.621239229922,0.));
#3678=CARTESIAN_POINT('Ctrl Pts',(-58.9086424221325,219.611070645551,0.));
#3679=CARTESIAN_POINT('Ctrl Pts',(-58.930919128127,219.600743891937,4.40644319943254E-16));
#3680=CARTESIAN_POINT('Ctrl Pts',(-58.9530787846524,219.590256361815,4.44089209850063E-16));
#3681=CARTESIAN_POINT('Ctrl Pts',(-58.9755605125876,219.579616404529,4.47584168247198E-16));
#3682=CARTESIAN_POINT('Ctrl Pts',(-58.997922469815,219.568811902774,0.));
#3683=CARTESIAN_POINT('Ctrl Pts',(-59.0201175966569,219.557783082343,0.));
#3684=CARTESIAN_POINT('Ctrl Pts',(-59.0388919753931,219.548454041187,0.));
#3685=CARTESIAN_POINT('Ctrl Pts',(-59.0575440425236,219.538960549076,0.));
#3686=CARTESIAN_POINT('Ctrl Pts',(-59.0760430331987,219.529263676048,0.));
#3687=CARTESIAN_POINT('Ctrl Pts',(-59.0923775560544,219.520701382197,0.));
#3688=CARTESIAN_POINT('Ctrl Pts',(-59.1085917663642,219.511979226206,0.));
#3689=CARTESIAN_POINT('Ctrl Pts',(-59.1246848405053,219.503097979738,0.));
#3690=CARTESIAN_POINT('Ctrl Pts',(-59.1454228888,219.491653322456,0.));
#3691=CARTESIAN_POINT('Ctrl Pts',(-59.1659599093419,219.479944549032,0.));
#3692=CARTESIAN_POINT('Ctrl Pts',(-59.1863621395597,219.468065596092,0.));
#3693=CARTESIAN_POINT('Ctrl Pts',(-59.2008972930994,219.45960267792,0.));
#3694=CARTESIAN_POINT('Ctrl Pts',(-59.215366835106,219.451057152748,0.));
#3695=CARTESIAN_POINT('Ctrl Pts',(-59.229785361726,219.44245135984,0.));
#3696=CARTESIAN_POINT('Ctrl Pts',(-59.2421882233364,219.435048629916,0.));
#3697=CARTESIAN_POINT('Ctrl Pts',(-59.2545538407177,219.427601984863,0.));
#3698=CARTESIAN_POINT('Ctrl Pts',(-59.2668683520536,219.420095321699,0.));
#3699=CARTESIAN_POINT('Ctrl Pts',(-59.2790319819628,219.412680632631,0.));
#3700=CARTESIAN_POINT('Ctrl Pts',(-59.291146145065,219.40520791632,0.));
#3701=CARTESIAN_POINT('Ctrl Pts',(-59.3031643807384,219.397618078358,0.));
#3702=CARTESIAN_POINT('Ctrl Pts',(-59.3235339463632,219.384754151685,0.));
#3703=CARTESIAN_POINT('Ctrl Pts',(-59.3436248238295,219.371549883094,0.));
#3704=CARTESIAN_POINT('Ctrl Pts',(-59.3630977132338,219.357567076237,0.));
#3705=CARTESIAN_POINT('Ctrl Pts',(-59.3740799355849,219.349681123064,0.));
#3706=CARTESIAN_POINT('Ctrl Pts',(-59.3848641396703,219.341545577755,0.));
#3707=CARTESIAN_POINT('Ctrl Pts',(-59.395404200168,219.333100614478,0.));
#3708=CARTESIAN_POINT('Ctrl Pts',(-59.4035530193729,219.326571574256,0.));
#3709=CARTESIAN_POINT('Ctrl Pts',(-59.4115560351642,219.319857746634,0.));
#3710=CARTESIAN_POINT('Ctrl Pts',(-59.4194053372649,219.312948858111,0.));
#3711=CARTESIAN_POINT('',(-56.3515984606249,219.272062091034,0.));
#3712=CARTESIAN_POINT('Origin',(-70.000000000002,209.999999999999,0.));
#3713=CARTESIAN_POINT('',(-57.8732757411922,217.184884035371,0.));
#3714=CARTESIAN_POINT('Ctrl Pts',(-57.8732757411922,217.184884035371,0.));
#3715=CARTESIAN_POINT('Ctrl Pts',(-57.8622239571843,217.191432035044,0.));
#3716=CARTESIAN_POINT('Ctrl Pts',(-57.8513812804438,217.198292829133,0.));
#3717=CARTESIAN_POINT('Ctrl Pts',(-57.8407314066776,217.20544260672,0.));
#3718=CARTESIAN_POINT('Ctrl Pts',(-57.8279084025666,217.214051312268,0.));
#3719=CARTESIAN_POINT('Ctrl Pts',(-57.8153643402123,217.223078154441,0.));
#3720=CARTESIAN_POINT('Ctrl Pts',(-57.8030280991789,217.232419083628,0.));
#3721=CARTESIAN_POINT('Ctrl Pts',(-57.7881210810005,217.243706590155,0.));
#3722=CARTESIAN_POINT('Ctrl Pts',(-57.7735136631524,217.255447159939,0.));
#3723=CARTESIAN_POINT('Ctrl Pts',(-57.7590577527869,217.267423167969,0.));
#3724=CARTESIAN_POINT('Ctrl Pts',(-57.7482309030941,217.276392678404,0.));
#3725=CARTESIAN_POINT('Ctrl Pts',(-57.7374879545821,217.285492652315,0.));
#3726=CARTESIAN_POINT('Ctrl Pts',(-57.7267862294901,217.294659518973,0.));
#3727=CARTESIAN_POINT('Ctrl Pts',(-57.7152313863836,217.304557148102,0.));
#3728=CARTESIAN_POINT('Ctrl Pts',(-57.7037244928683,217.314532591236,0.));
#3729=CARTESIAN_POINT('Ctrl Pts',(-57.6922509203977,217.324562108311,0.));
#3730=CARTESIAN_POINT('Ctrl Pts',(-57.6786170721252,217.336480010463,0.));
#3731=CARTESIAN_POINT('Ctrl Pts',(-57.6650311311657,217.348475468274,0.));
#3732=CARTESIAN_POINT('Ctrl Pts',(-57.6515145454008,217.360575221636,0.));
#3733=CARTESIAN_POINT('Ctrl Pts',(-57.6343867225598,217.375907675824,0.));
#3734=CARTESIAN_POINT('Ctrl Pts',(-57.6173760146863,217.391415741718,0.));
#3735=CARTESIAN_POINT('Ctrl Pts',(-57.6005451295559,217.407183199608,0.));
#3736=CARTESIAN_POINT('Ctrl Pts',(-57.58660670018,217.42024095602,0.));
#3737=CARTESIAN_POINT('Ctrl Pts',(-57.5727917149624,217.433476836613,0.));
#3738=CARTESIAN_POINT('Ctrl Pts',(-57.5591000795036,217.446888543768,0.));
#3739=CARTESIAN_POINT('Ctrl Pts',(-57.5326106458312,217.472836395518,0.));
#3740=CARTESIAN_POINT('Ctrl Pts',(-57.5065799953655,217.49943808045,0.));
#3741=CARTESIAN_POINT('Ctrl Pts',(-57.4808418295246,217.526445953654,0.));
#3742=CARTESIAN_POINT('Ctrl Pts',(-57.4649894546401,217.543080353071,0.));
#3743=CARTESIAN_POINT('Ctrl Pts',(-57.4492464820173,217.55986671628,0.));
#3744=CARTESIAN_POINT('Ctrl Pts',(-57.4336024609541,217.576787739534,0.));
#3745=CARTESIAN_POINT('Ctrl Pts',(-57.4062733323907,217.606347711236,0.));
#3746=CARTESIAN_POINT('Ctrl Pts',(-57.379250070371,217.636324026639,0.));
#3747=CARTESIAN_POINT('Ctrl Pts',(-57.3525840870781,217.666777430479,0.));
#3748=CARTESIAN_POINT('Ctrl Pts',(-57.3308494162855,217.691599118085,0.));
#3749=CARTESIAN_POINT('Ctrl Pts',(-57.3093538357386,217.716740256548,0.));
#3750=CARTESIAN_POINT('Ctrl Pts',(-57.2880842705844,217.742176768329,0.));
#3751=CARTESIAN_POINT('Ctrl Pts',(-57.2637264666018,217.7713065396,0.));
#3752=CARTESIAN_POINT('Ctrl Pts',(-57.2396596826602,217.800816072835,0.));
#3753=CARTESIAN_POINT('Ctrl Pts',(-57.2158531034643,217.830654223722,0.));
#3754=CARTESIAN_POINT('Ctrl Pts',(-57.1751492159742,217.881670740064,0.));
#3755=CARTESIAN_POINT('Ctrl Pts',(-57.1352111929443,217.933655061143,0.));
#3756=CARTESIAN_POINT('Ctrl Pts',(-57.0960457166662,217.986582309029,0.));
#3757=CARTESIAN_POINT('Ctrl Pts',(-57.0608318521611,218.034169447315,0.));
#3758=CARTESIAN_POINT('Ctrl Pts',(-57.0262384999291,218.082513279444,0.));
#3759=CARTESIAN_POINT('Ctrl Pts',(-56.99223118291,218.131542612856,0.));
#3760=CARTESIAN_POINT('Ctrl Pts',(-56.9414616345907,218.204738540377,0.));
#3761=CARTESIAN_POINT('Ctrl Pts',(-56.8920031439384,218.279469136613,0.));
#3762=CARTESIAN_POINT('Ctrl Pts',(-56.8438223258143,218.355618432816,0.));
#3763=CARTESIAN_POINT('Ctrl Pts',(-56.7958932801224,218.431369805233,0.));
#3764=CARTESIAN_POINT('Ctrl Pts',(-56.7492225084701,218.50851654974,0.));
#3765=CARTESIAN_POINT('Ctrl Pts',(-56.7037797855987,218.586954332443,0.));
#3766=CARTESIAN_POINT('Ctrl Pts',(-56.6502712193896,218.679314407366,0.));
#3767=CARTESIAN_POINT('Ctrl Pts',(-56.5984671066535,218.773464738209,0.));
#3768=CARTESIAN_POINT('Ctrl Pts',(-56.5483325060499,218.869264371238,0.));
#3769=CARTESIAN_POINT('Ctrl Pts',(-56.5070701790467,218.948110432386,0.));
#3770=CARTESIAN_POINT('Ctrl Pts',(-56.4669395514459,219.028075890297,0.));
#3771=CARTESIAN_POINT('Ctrl Pts',(-56.4279297207526,219.109087099678,0.));
#3772=CARTESIAN_POINT('Ctrl Pts',(-56.4019919991563,219.162951629663,0.));
#3773=CARTESIAN_POINT('Ctrl Pts',(-56.3765493676857,219.217278642999,0.));
#3774=CARTESIAN_POINT('Ctrl Pts',(-56.3515984606249,219.272062091034,0.));
#3775=CARTESIAN_POINT('',(-58.2699281297676,216.949874039807,0.));
#3776=CARTESIAN_POINT('',(-64.2983598539371,213.37812771088,0.));
#3777=CARTESIAN_POINT('',(-58.4065364954018,216.445041832102,0.));
#3778=CARTESIAN_POINT('Origin',(-58.0787782825612,216.627249279578,0.));
#3779=CARTESIAN_POINT('',(-57.9713847573779,215.591008459568,0.));
#3780=CARTESIAN_POINT('Origin',(-70.,210.,0.));
#3781=CARTESIAN_POINT('',(-57.4826705393775,215.404794022369,0.));
#3782=CARTESIAN_POINT('Origin',(-57.6313243920431,215.749071573318,0.));
#3783=CARTESIAN_POINT('',(-57.0593970348271,215.587557136052,0.));
#3784=CARTESIAN_POINT('',(-63.52969838758,212.793778624086,0.));
#3785=CARTESIAN_POINT('',(-54.4764150532435,215.591807435958,0.));
#3786=CARTESIAN_POINT('Ctrl Pts',(-54.4764150532435,215.591807435958,0.));
#3787=CARTESIAN_POINT('Ctrl Pts',(-54.5583984182906,215.608506949492,0.));
#3788=CARTESIAN_POINT('Ctrl Pts',(-54.6402285187354,215.623921295513,0.));
#3789=CARTESIAN_POINT('Ctrl Pts',(-54.7218915373431,215.638028174366,0.));
#3790=CARTESIAN_POINT('Ctrl Pts',(-54.8578574125374,215.661515600647,0.));
#3791=CARTESIAN_POINT('Ctrl Pts',(-54.9933462816108,215.681372290089,0.));
#3792=CARTESIAN_POINT('Ctrl Pts',(-55.1281718303159,215.69739846945,0.));
#3793=CARTESIAN_POINT('Ctrl Pts',(-55.2324526899157,215.709793922506,0.));
#3794=CARTESIAN_POINT('Ctrl Pts',(-55.3363371737933,215.719895480569,0.));
#3795=CARTESIAN_POINT('Ctrl Pts',(-55.4397279474082,215.727586013739,0.));
#3796=CARTESIAN_POINT('Ctrl Pts',(-55.5293821424792,215.734254776694,0.));
#3797=CARTESIAN_POINT('Ctrl Pts',(-55.6186637894594,215.739105635838,0.));
#3798=CARTESIAN_POINT('Ctrl Pts',(-55.7074969919902,215.742033911599,0.));
#3799=CARTESIAN_POINT('Ctrl Pts',(-55.7639115033777,215.743893545627,0.));
#3800=CARTESIAN_POINT('Ctrl Pts',(-55.8201471879485,215.74498394741,0.));
#3801=CARTESIAN_POINT('Ctrl Pts',(-55.876179134509,215.745264416379,0.));
#3802=CARTESIAN_POINT('Ctrl Pts',(-55.9255028683345,215.745511307262,0.));
#3803=CARTESIAN_POINT('Ctrl Pts',(-55.9746665149124,215.745124055861,0.));
#3804=CARTESIAN_POINT('Ctrl Pts',(-56.023651164442,215.744071039989,0.));
#3805=CARTESIAN_POINT('Ctrl Pts',(-56.0685734528704,215.7431053521,0.));
#3806=CARTESIAN_POINT('Ctrl Pts',(-56.1133472205814,215.741585706441,0.));
#3807=CARTESIAN_POINT('Ctrl Pts',(-56.1579643262653,215.739508367013,0.));
#3808=CARTESIAN_POINT('Ctrl Pts',(-56.1979588267143,215.737646252665,0.));
#3809=CARTESIAN_POINT('Ctrl Pts',(-56.2378280752476,215.73533787526,0.));
#3810=CARTESIAN_POINT('Ctrl Pts',(-56.2775436215834,215.73251518319,0.));
#3811=CARTESIAN_POINT('Ctrl Pts',(-56.3077308695797,215.73036969324,0.));
#3812=CARTESIAN_POINT('Ctrl Pts',(-56.3378276550292,215.727922167048,0.));
#3813=CARTESIAN_POINT('Ctrl Pts',(-56.3678262734549,215.725157620471,0.));
#3814=CARTESIAN_POINT('Ctrl Pts',(-56.3976684493424,215.72240749098,0.));
#3815=CARTESIAN_POINT('Ctrl Pts',(-56.4274141749344,215.719345678549,0.));
#3816=CARTESIAN_POINT('Ctrl Pts',(-56.457071830886,215.71600549339,0.));
#3817=CARTESIAN_POINT('Ctrl Pts',(-56.4815079382676,215.71325338367,0.));
#3818=CARTESIAN_POINT('Ctrl Pts',(-56.5058854869427,215.710315938091,4.40644319956457E-16));
#3819=CARTESIAN_POINT('Ctrl Pts',(-56.530201397631,215.707189414692,4.44089209850063E-16));
#3820=CARTESIAN_POINT('Ctrl Pts',(-56.5548707195438,215.704017449916,4.47584168308697E-16));
#3821=CARTESIAN_POINT('Ctrl Pts',(-56.5794769797793,215.70065198286,0.));
#3822=CARTESIAN_POINT('Ctrl Pts',(-56.6039938931685,215.697021622628,0.));
#3823=CARTESIAN_POINT('Ctrl Pts',(-56.6247322205111,215.693950779343,0.));
#3824=CARTESIAN_POINT('Ctrl Pts',(-56.6454050407436,215.690685737543,0.));
#3825=CARTESIAN_POINT('Ctrl Pts',(-56.6659951247766,215.687179965773,0.));
#3826=CARTESIAN_POINT('Ctrl Pts',(-56.6841760736148,215.684084385536,0.));
#3827=CARTESIAN_POINT('Ctrl Pts',(-56.7022919985392,215.680799588745,0.));
#3828=CARTESIAN_POINT('Ctrl Pts',(-56.7203418777811,215.677326054782,0.));
#3829=CARTESIAN_POINT('Ctrl Pts',(-56.7436015301589,215.67284994769,0.));
#3830=CARTESIAN_POINT('Ctrl Pts',(-56.7667516101323,215.668060530154,0.));
#3831=CARTESIAN_POINT('Ctrl Pts',(-56.7898260852396,215.663067609749,0.));
#3832=CARTESIAN_POINT('Ctrl Pts',(-56.8062650225092,215.659510505851,0.));
#3833=CARTESIAN_POINT('Ctrl Pts',(-56.8226670864755,215.655854562968,0.));
#3834=CARTESIAN_POINT('Ctrl Pts',(-56.8390392556828,215.652125537448,0.));
#3835=CARTESIAN_POINT('Ctrl Pts',(-56.8531226471101,215.648917817971,0.));
#3836=CARTESIAN_POINT('Ctrl Pts',(-56.8671841876923,215.645656823628,0.));
#3837=CARTESIAN_POINT('Ctrl Pts',(-56.8812156701517,215.642322956028,0.));
#3838=CARTESIAN_POINT('Ctrl Pts',(-56.8950752349685,215.639029935905,0.));
#3839=CARTESIAN_POINT('Ctrl Pts',(-56.9089056854557,215.6356664425,0.));
#3840=CARTESIAN_POINT('Ctrl Pts',(-56.922681096107,215.632161916551,0.));
#3841=CARTESIAN_POINT('Ctrl Pts',(-56.9460288747458,215.626222137466,0.));
#3842=CARTESIAN_POINT('Ctrl Pts',(-56.9692167766295,215.619872554595,0.));
#3843=CARTESIAN_POINT('Ctrl Pts',(-56.992057518525,215.612591569098,0.));
#3844=CARTESIAN_POINT('Ctrl Pts',(-57.0049391260929,215.608485275252,0.));
#3845=CARTESIAN_POINT('Ctrl Pts',(-57.0177095353085,215.604080414165,0.));
#3846=CARTESIAN_POINT('Ctrl Pts',(-57.0303433655846,215.599305834585,0.));
#3847=CARTESIAN_POINT('Ctrl Pts',(-57.0401109362958,215.595614472374,0.));
#3848=CARTESIAN_POINT('Ctrl Pts',(-57.049796942187,215.591702311225,0.));
#3849=CARTESIAN_POINT('Ctrl Pts',(-57.0593970348271,215.587557136052,0.));
#3850=CARTESIAN_POINT('',(-54.1543740199354,214.600667049451,0.));
#3851=CARTESIAN_POINT('Origin',(-70.0000000000023,209.999999999999,0.));
#3852=CARTESIAN_POINT('',(-56.2465486028035,213.085866898594,0.));
#3853=CARTESIAN_POINT('Ctrl Pts',(-56.2465486028035,213.085866898594,0.));
#3854=CARTESIAN_POINT('Ctrl Pts',(-56.0540199230022,213.129064628595,0.));
#3855=CARTESIAN_POINT('Ctrl Pts',(-55.7838461074018,213.278989334191,0.));
#3856=CARTESIAN_POINT('Ctrl Pts',(-55.5344146773532,213.421020999836,0.));
#3857=CARTESIAN_POINT('Ctrl Pts',(-55.3559990938763,213.533382025541,0.));
#3858=CARTESIAN_POINT('Ctrl Pts',(-54.786889040184,213.9614344155,0.));
#3859=CARTESIAN_POINT('Ctrl Pts',(-54.4542823256498,214.273222075563,0.));
#3860=CARTESIAN_POINT('Ctrl Pts',(-54.1543740199354,214.600667049451,0.));
#3861=CARTESIAN_POINT('',(-56.6964095241394,212.984931439848,0.));
#3862=CARTESIAN_POINT('',(-63.5335196163789,211.450886558576,0.));
#3863=CARTESIAN_POINT('',(-56.9823335319447,212.547021785629,0.));
#3864=CARTESIAN_POINT('Origin',(-56.6143117500818,212.619028508055,0.));
#3865=CARTESIAN_POINT('',(-56.8323904617965,211.600318499366,0.));
#3866=CARTESIAN_POINT('Origin',(-70.,210.,0.));
#3867=CARTESIAN_POINT('',(-56.4251390458536,211.272197046684,0.));
#3868=CARTESIAN_POINT('Origin',(-56.4601296470785,211.645561021682,0.));
#3869=CARTESIAN_POINT('',(-55.9661051131029,211.315216390716,0.));
#3870=CARTESIAN_POINT('',(-62.9830529281961,210.657608160529,0.));
#3871=CARTESIAN_POINT('',(-53.5082298531427,210.521073337665,0.));
#3872=CARTESIAN_POINT('Ctrl Pts',(-53.5082298531427,210.521073337665,0.));
#3873=CARTESIAN_POINT('Ctrl Pts',(-53.5810402398053,210.562289775614,0.));
#3874=CARTESIAN_POINT('Ctrl Pts',(-53.6541020018172,210.60223658503,4.53357119502253E-16));
#3875=CARTESIAN_POINT('Ctrl Pts',(-53.7274088891766,210.640888287911,4.44089209850063E-16));
#3876=CARTESIAN_POINT('Ctrl Pts',(-53.8494621036299,210.705241921663,4.28658488330457E-16));
#3877=CARTESIAN_POINT('Ctrl Pts',(-53.9721836176453,210.765995116672,0.));
#3878=CARTESIAN_POINT('Ctrl Pts',(-54.0954579691813,210.822900303044,0.));
#3879=CARTESIAN_POINT('Ctrl Pts',(-54.1908045587833,210.86691363902,0.));
#3880=CARTESIAN_POINT('Ctrl Pts',(-54.2864830252357,210.908622864172,0.));
#3881=CARTESIAN_POINT('Ctrl Pts',(-54.382436993011,210.947886503301,0.));
#3882=CARTESIAN_POINT('Ctrl Pts',(-54.4656424272737,210.981933538773,0.));
#3883=CARTESIAN_POINT('Ctrl Pts',(-54.5490553103595,211.014136521769,0.));
#3884=CARTESIAN_POINT('Ctrl Pts',(-54.6326358083251,211.044372442885,0.));
#3885=CARTESIAN_POINT('Ctrl Pts',(-54.6857145389414,211.063574102972,0.));
#3886=CARTESIAN_POINT('Ctrl Pts',(-54.7388609009866,211.081988919182,0.));
#3887=CARTESIAN_POINT('Ctrl Pts',(-54.7920637796752,211.099570484994,0.));
#3888=CARTESIAN_POINT('Ctrl Pts',(-54.8388971438235,211.115047163967,0.));
#3889=CARTESIAN_POINT('Ctrl Pts',(-54.8857742166932,211.129871268137,0.));
#3890=CARTESIAN_POINT('Ctrl Pts',(-54.9326867857893,211.144006879562,0.));
#3891=CARTESIAN_POINT('Ctrl Pts',(-54.9757088353845,211.156970206609,0.));
#3892=CARTESIAN_POINT('Ctrl Pts',(-55.0187608157505,211.169360793067,0.));
#3893=CARTESIAN_POINT('Ctrl Pts',(-55.0618361385276,211.181172569995,0.));
#3894=CARTESIAN_POINT('Ctrl Pts',(-55.1004485965726,211.191760575183,0.));
#3895=CARTESIAN_POINT('Ctrl Pts',(-55.1390798358389,211.201885453949,0.));
#3896=CARTESIAN_POINT('Ctrl Pts',(-55.1777238276024,211.211473693735,0.));
#3897=CARTESIAN_POINT('Ctrl Pts',(-55.2070965996196,211.218761584257,0.));
#3898=CARTESIAN_POINT('Ctrl Pts',(-55.2364766709741,211.225734266774,0.));
#3899=CARTESIAN_POINT('Ctrl Pts',(-55.2658613446277,211.232375109704,0.));
#3900=CARTESIAN_POINT('Ctrl Pts',(-55.2950927772683,211.23898132065,0.));
#3901=CARTESIAN_POINT('Ctrl Pts',(-55.3243287955522,211.245261298724,4.39746511563159E-16));
#3902=CARTESIAN_POINT('Ctrl Pts',(-55.3535670765344,211.251249313584,4.44089209850063E-16));
#3903=CARTESIAN_POINT('Ctrl Pts',(-55.3776576446467,211.256183074222,4.47667329539655E-16));
#3904=CARTESIAN_POINT('Ctrl Pts',(-55.4017497920499,211.260922474343,0.));
#3905=CARTESIAN_POINT('Ctrl Pts',(-55.4258417465037,211.265463003582,0.));
#3906=CARTESIAN_POINT('Ctrl Pts',(-55.4502838566145,211.270069525474,0.));
#3907=CARTESIAN_POINT('Ctrl Pts',(-55.4747257869992,211.274472528636,0.));
#3908=CARTESIAN_POINT('Ctrl Pts',(-55.4991645999766,211.278595993732,0.));
#3909=CARTESIAN_POINT('Ctrl Pts',(-55.5198368641059,211.282083943808,0.));
#3910=CARTESIAN_POINT('Ctrl Pts',(-55.5405068379128,211.285366957311,0.));
#3911=CARTESIAN_POINT('Ctrl Pts',(-55.5611725145698,211.288395456116,0.));
#3912=CARTESIAN_POINT('Ctrl Pts',(-55.5794202112675,211.291069606523,0.));
#3913=CARTESIAN_POINT('Ctrl Pts',(-55.5976645376793,211.293543707799,0.));
#3914=CARTESIAN_POINT('Ctrl Pts',(-55.6159043739078,211.295817900122,0.));
#3915=CARTESIAN_POINT('Ctrl Pts',(-55.6394088086194,211.298748496884,0.));
#3916=CARTESIAN_POINT('Ctrl Pts',(-55.6629058520348,211.301347258038,0.));
#3917=CARTESIAN_POINT('Ctrl Pts',(-55.6863938767969,211.303729113303,0.));
#3918=CARTESIAN_POINT('Ctrl Pts',(-55.7031274414332,211.305426017552,0.));
#3919=CARTESIAN_POINT('Ctrl Pts',(-55.7198564804004,211.307017525847,0.));
#3920=CARTESIAN_POINT('Ctrl Pts',(-55.7365796715386,211.308530290428,0.));
#3921=CARTESIAN_POINT('Ctrl Pts',(-55.7509650127948,211.309831575246,0.));
#3922=CARTESIAN_POINT('Ctrl Pts',(-55.7653460355013,211.311075440371,0.));
#3923=CARTESIAN_POINT('Ctrl Pts',(-55.7797209903094,211.312240710443,0.));
#3924=CARTESIAN_POINT('Ctrl Pts',(-55.7939198186459,211.313391703259,0.));
#3925=CARTESIAN_POINT('Ctrl Pts',(-55.8081127350521,211.314466675187,0.));
#3926=CARTESIAN_POINT('Ctrl Pts',(-55.822296886917,211.315390508973,0.));
#3927=CARTESIAN_POINT('Ctrl Pts',(-55.846337437714,211.316956303902,0.));
#3928=CARTESIAN_POINT('Ctrl Pts',(-55.8703525730146,211.318082947643,0.));
#3929=CARTESIAN_POINT('Ctrl Pts',(-55.894325358783,211.318216496448,0.));
#3930=CARTESIAN_POINT('Ctrl Pts',(-55.9078454102666,211.318291814633,0.));
#3931=CARTESIAN_POINT('Ctrl Pts',(-55.9213519681844,211.318048816321,0.));
#3932=CARTESIAN_POINT('Ctrl Pts',(-55.934842881109,211.317411989613,0.));
#3933=CARTESIAN_POINT('Ctrl Pts',(-55.9452730875496,211.316919640869,0.));
#3934=CARTESIAN_POINT('Ctrl Pts',(-55.9556939518592,211.316192094897,0.));
#3935=CARTESIAN_POINT('Ctrl Pts',(-55.9661051131029,211.315216390716,0.));
#3936=CARTESIAN_POINT('',(-53.5082298531427,209.478926662335,0.));
#3937=CARTESIAN_POINT('Origin',(-70.0000000000024,210.,0.));
#3938=CARTESIAN_POINT('',(-55.9661051131029,208.684783609284,0.));
#3939=CARTESIAN_POINT('Ctrl Pts',(-55.9661051131029,208.684783609284,0.));
#3940=CARTESIAN_POINT('Ctrl Pts',(-55.9533152143911,208.683584976648,0.));
#3941=CARTESIAN_POINT('Ctrl Pts',(-55.9405106310672,208.682762310178,0.));
#3942=CARTESIAN_POINT('Ctrl Pts',(-55.9276921683888,208.682286763012,0.));
#3943=CARTESIAN_POINT('Ctrl Pts',(-55.9122580699456,208.681714179392,0.));
#3944=CARTESIAN_POINT('Ctrl Pts',(-55.8968038655824,208.681643833261,-2.23846804876898E-16));
#3945=CARTESIAN_POINT('Ctrl Pts',(-55.8813331764852,208.68194974317,-2.22044604925031E-16));
#3946=CARTESIAN_POINT('Ctrl Pts',(-55.8626385156136,208.682319402334,-2.19866840462735E-16));
#3947=CARTESIAN_POINT('Ctrl Pts',(-55.8439199325999,208.683231698026,0.));
#3948=CARTESIAN_POINT('Ctrl Pts',(-55.8251855345857,208.684423521123,0.));
#3949=CARTESIAN_POINT('Ctrl Pts',(-55.8111542832054,208.685316144919,0.));
#3950=CARTESIAN_POINT('Ctrl Pts',(-55.7971142247983,208.686363631762,4.45790291268851E-16));
#3951=CARTESIAN_POINT('Ctrl Pts',(-55.783068198269,208.687489466493,4.44089209850063E-16));
#3952=CARTESIAN_POINT('Ctrl Pts',(-55.7679024534019,208.688705050291,4.4225252196245E-16));
#3953=CARTESIAN_POINT('Ctrl Pts',(-55.7527297626442,208.690011771005,0.));
#3954=CARTESIAN_POINT('Ctrl Pts',(-55.7375522453136,208.691381824073,0.));
#3955=CARTESIAN_POINT('Ctrl Pts',(-55.7195170631723,208.693009834511,0.));
#3956=CARTESIAN_POINT('Ctrl Pts',(-55.7014750527888,208.694728748008,0.));
#3957=CARTESIAN_POINT('Ctrl Pts',(-55.6834278485492,208.69657280434,0.));
#3958=CARTESIAN_POINT('Ctrl Pts',(-55.6605589583434,208.698909538675,0.));
#3959=CARTESIAN_POINT('Ctrl Pts',(-55.6376815941653,208.701457184315,0.));
#3960=CARTESIAN_POINT('Ctrl Pts',(-55.6147972428531,208.704320379645,0.));
#3961=CARTESIAN_POINT('Ctrl Pts',(-55.595845659944,208.706691523268,0.));
#3962=CARTESIAN_POINT('Ctrl Pts',(-55.5768892466899,208.709279331037,0.));
#3963=CARTESIAN_POINT('Ctrl Pts',(-55.557929277227,208.712081888651,0.));
#3964=CARTESIAN_POINT('Ctrl Pts',(-55.5212471111711,208.717504043155,0.));
#3965=CARTESIAN_POINT('Ctrl Pts',(-55.4845517950257,208.723724825791,0.));
#3966=CARTESIAN_POINT('Ctrl Pts',(-55.4478543524359,208.73044613978,0.));
#3967=CARTESIAN_POINT('Ctrl Pts',(-55.4252520580968,208.734585859238,0.));
#3968=CARTESIAN_POINT('Ctrl Pts',(-55.4026489499711,208.738912825006,0.));
#3969=CARTESIAN_POINT('Ctrl Pts',(-55.3800467441498,208.743406895293,0.));
#3970=CARTESIAN_POINT('Ctrl Pts',(-55.3405620991847,208.751257756005,0.));
#3971=CARTESIAN_POINT('Ctrl Pts',(-55.3010801847644,208.75962522969,0.));
#3972=CARTESIAN_POINT('Ctrl Pts',(-55.2616068893579,208.768588679196,0.));
#3973=CARTESIAN_POINT('Ctrl Pts',(-55.2294333507125,208.775894527013,0.));
#3974=CARTESIAN_POINT('Ctrl Pts',(-55.1972654716355,208.78359934969,0.));
#3975=CARTESIAN_POINT('Ctrl Pts',(-55.1651068267707,208.79167598289,0.));
#3976=CARTESIAN_POINT('Ctrl Pts',(-55.1282788996484,208.800925304811,0.));
#3977=CARTESIAN_POINT('Ctrl Pts',(-55.0914631942026,208.810652917903,0.));
#3978=CARTESIAN_POINT('Ctrl Pts',(-55.0546648422082,208.82079933277,0.));
#3979=CARTESIAN_POINT('Ctrl Pts',(-54.9917479435189,208.838147418259,0.));
#3980=CARTESIAN_POINT('Ctrl Pts',(-54.9288817808512,208.856728638302,0.));
#3981=CARTESIAN_POINT('Ctrl Pts',(-54.8660863831775,208.876526793974,0.));
#3982=CARTESIAN_POINT('Ctrl Pts',(-54.8096267541585,208.894327406216,0.));
#3983=CARTESIAN_POINT('Ctrl Pts',(-54.7532243566258,208.913104924459,0.));
#3984=CARTESIAN_POINT('Ctrl Pts',(-54.6968931439848,208.932781487623,0.));
#3985=CARTESIAN_POINT('Ctrl Pts',(-54.6127962282396,208.962156645674,0.));
#3986=CARTESIAN_POINT('Ctrl Pts',(-54.5288579247951,208.993543997238,0.));
#3987=CARTESIAN_POINT('Ctrl Pts',(-54.4451193892298,209.026830098326,0.));
#3988=CARTESIAN_POINT('Ctrl Pts',(-54.3618184426707,209.05994225761,0.));
#3989=CARTESIAN_POINT('Ctrl Pts',(-54.2787152820319,209.094922891306,0.));
#3990=CARTESIAN_POINT('Ctrl Pts',(-54.1958467804819,209.131669825578,0.));
#3991=CARTESIAN_POINT('Ctrl Pts',(-54.0982695546967,209.174939147882,0.));
#3992=CARTESIAN_POINT('Ctrl Pts',(-54.0010189746821,209.220658670092,0.));
#3993=CARTESIAN_POINT('Ctrl Pts',(-53.9041496228219,209.268693820247,0.));
#3994=CARTESIAN_POINT('Ctrl Pts',(-53.8244231480101,209.308228235575,0.));
#3995=CARTESIAN_POINT('Ctrl Pts',(-53.7449542723284,209.349333458096,0.));
#3996=CARTESIAN_POINT('Ctrl Pts',(-53.6657774630905,209.391943499191,0.));
#3997=CARTESIAN_POINT('Ctrl Pts',(-53.6131326201694,209.420275013707,0.));
#3998=CARTESIAN_POINT('Ctrl Pts',(-53.5606164727244,209.449271692017,0.));
#3999=CARTESIAN_POINT('Ctrl Pts',(-53.5082298531427,209.478926662335,0.));
#4000=CARTESIAN_POINT('',(-56.4251390458536,208.727802953316,0.));
#4001=CARTESIAN_POINT('',(-63.401663586883,209.38162283016,0.));
#4002=CARTESIAN_POINT('',(-56.8323904617965,208.399681500634,0.));
#4003=CARTESIAN_POINT('Origin',(-56.4601296470785,208.354438978318,0.));
#4004=CARTESIAN_POINT('',(-56.9823335319447,207.452978214371,0.));
#4005=CARTESIAN_POINT('Origin',(-70.,210.,0.));
#4006=CARTESIAN_POINT('',(-56.6964095241394,207.015068560152,0.));
#4007=CARTESIAN_POINT('Origin',(-56.6143117500818,207.380971491945,0.));
#4008=CARTESIAN_POINT('',(-56.2465486028035,206.914133101406,0.));
#4009=CARTESIAN_POINT('',(-63.1232751321744,208.457066737104,0.));
#4010=CARTESIAN_POINT('',(-54.1543740199354,205.399332950549,0.));
#4011=CARTESIAN_POINT('Ctrl Pts',(-54.1543740199354,205.399332950549,0.));
#4012=CARTESIAN_POINT('Ctrl Pts',(-54.2108842348341,205.46103176145,0.));
#4013=CARTESIAN_POINT('Ctrl Pts',(-54.2680258587342,205.521600763038,4.53357119860067E-16));
#4014=CARTESIAN_POINT('Ctrl Pts',(-54.3258008206669,205.581013792931,4.44089209850063E-16));
#4015=CARTESIAN_POINT('Ctrl Pts',(-54.4219939548468,205.679934248528,4.2865848897486E-16));
#4016=CARTESIAN_POINT('Ctrl Pts',(-54.5199352762798,205.775636999604,0.));
#4017=CARTESIAN_POINT('Ctrl Pts',(-54.6195914773478,205.867850913504,0.));
#4018=CARTESIAN_POINT('Ctrl Pts',(-54.6966706083167,205.939173804307,0.));
#4019=CARTESIAN_POINT('Ctrl Pts',(-54.7747773824475,206.008407910847,0.));
#4020=CARTESIAN_POINT('Ctrl Pts',(-54.8539019016674,206.075401261188,0.));
#4021=CARTESIAN_POINT('Ctrl Pts',(-54.9225138595724,206.133493809223,0.));
#4022=CARTESIAN_POINT('Ctrl Pts',(-54.9918929565859,206.189896664343,0.));
#4023=CARTESIAN_POINT('Ctrl Pts',(-55.0620393203718,206.244480528289,0.));
#4024=CARTESIAN_POINT('Ctrl Pts',(-55.106586553546,206.279144621815,0.));
#4025=CARTESIAN_POINT('Ctrl Pts',(-55.1514412561582,206.31308128161,0.));
#4026=CARTESIAN_POINT('Ctrl Pts',(-55.1966071978241,206.34624293779,0.));
#4027=CARTESIAN_POINT('Ctrl Pts',(-55.2363658182959,206.375434440362,0.));
#4028=CARTESIAN_POINT('Ctrl Pts',(-55.2763676649508,206.404018814114,0.));
#4029=CARTESIAN_POINT('Ctrl Pts',(-55.316616026495,206.431959361256,0.));
#4030=CARTESIAN_POINT('Ctrl Pts',(-55.3535265383892,206.457582762011,0.));
#4031=CARTESIAN_POINT('Ctrl Pts',(-55.390642502708,206.482670703227,0.));
#4032=CARTESIAN_POINT('Ctrl Pts',(-55.4279595289566,206.507215377077,0.));
#4033=CARTESIAN_POINT('Ctrl Pts',(-55.4614102828768,206.529217072484,0.));
#4034=CARTESIAN_POINT('Ctrl Pts',(-55.4950220127127,206.550784112265,0.));
#4035=CARTESIAN_POINT('Ctrl Pts',(-55.5288117014334,206.571844718856,0.));
#4036=CARTESIAN_POINT('Ctrl Pts',(-55.554494785447,206.587852600223,0.));
#4037=CARTESIAN_POINT('Ctrl Pts',(-55.5802822161716,206.603562956586,0.));
#4038=CARTESIAN_POINT('Ctrl Pts',(-55.6061765680132,206.61895913694,0.));
#4039=CARTESIAN_POINT('Ctrl Pts',(-55.6319358810344,206.634275026347,0.));
#4040=CARTESIAN_POINT('Ctrl Pts',(-55.6578003667633,206.649282066897,0.));
#4041=CARTESIAN_POINT('Ctrl Pts',(-55.6837572260407,206.664012133143,0.));
#4042=CARTESIAN_POINT('Ctrl Pts',(-55.705144101869,206.676148813254,0.));
#4043=CARTESIAN_POINT('Ctrl Pts',(-55.7265925403946,206.688101133557,0.));
#4044=CARTESIAN_POINT('Ctrl Pts',(-55.7481022498962,206.699864256789,0.));
#4045=CARTESIAN_POINT('Ctrl Pts',(-55.7699245848016,206.711798347051,0.));
#4046=CARTESIAN_POINT('Ctrl Pts',(-55.7918096395254,206.723538823953,4.40721470244092E-16));
#4047=CARTESIAN_POINT('Ctrl Pts',(-55.8137781114353,206.735012481013,4.44089209850063E-16));
#4048=CARTESIAN_POINT('Ctrl Pts',(-55.8323607670432,206.744717799553,4.46937907999461E-16));
#4049=CARTESIAN_POINT('Ctrl Pts',(-55.8510045733089,206.75422750408,0.));
#4050=CARTESIAN_POINT('Ctrl Pts',(-55.8697229421091,206.763493822854,0.));
#4051=CARTESIAN_POINT('Ctrl Pts',(-55.8862511750562,206.77167593941,0.));
#4052=CARTESIAN_POINT('Ctrl Pts',(-55.9028380212521,206.77966675646,4.4171166875856E-16));
#4053=CARTESIAN_POINT('Ctrl Pts',(-55.919482372294,206.787466061254,4.44089209850063E-16));
#4054=CARTESIAN_POINT('Ctrl Pts',(-55.9409308157658,206.797516495037,4.47152985396187E-16));
#4055=CARTESIAN_POINT('Ctrl Pts',(-55.9624747725554,206.807249050313,0.));
#4056=CARTESIAN_POINT('Ctrl Pts',(-55.9840771797079,206.816772528889,0.));
#4057=CARTESIAN_POINT('Ctrl Pts',(-55.9994673726585,206.823557336332,0.));
#4058=CARTESIAN_POINT('Ctrl Pts',(-56.0148858305793,206.830240507769,-2.19979015202921E-16));
#4059=CARTESIAN_POINT('Ctrl Pts',(-56.0303230600282,206.836846982412,-2.22044604925031E-16));
#4060=CARTESIAN_POINT('Ctrl Pts',(-56.0436022132534,206.842529892636,-2.23821431687298E-16));
#4061=CARTESIAN_POINT('Ctrl Pts',(-56.056895002954,206.848156858983,0.));
#4062=CARTESIAN_POINT('Ctrl Pts',(-56.0702063089484,206.853707201905,0.));
#4063=CARTESIAN_POINT('Ctrl Pts',(-56.0833545210528,206.859189540454,0.));
#4064=CARTESIAN_POINT('Ctrl Pts',(-56.096520602326,206.864597751947,0.));
#4065=CARTESIAN_POINT('Ctrl Pts',(-56.1097250522846,206.869859514115,0.));
#4066=CARTESIAN_POINT('Ctrl Pts',(-56.1321051166196,206.878777611892,0.));
#4067=CARTESIAN_POINT('Ctrl Pts',(-56.1545967145641,206.887270198244,0.));
#4068=CARTESIAN_POINT('Ctrl Pts',(-56.1773549189069,206.894805208516,0.));
#4069=CARTESIAN_POINT('Ctrl Pts',(-56.1901899773155,206.899054765973,0.));
#4070=CARTESIAN_POINT('Ctrl Pts',(-56.2031105677889,206.902997416705,-2.20503330994548E-16));
#4071=CARTESIAN_POINT('Ctrl Pts',(-56.2161379786565,206.906560679808,-2.22044604925031E-16));
#4072=CARTESIAN_POINT('Ctrl Pts',(-56.2262098377061,206.909315539088,-2.23236207304224E-16));
#4073=CARTESIAN_POINT('Ctrl Pts',(-56.2363454917909,206.911843825672,0.));
#4074=CARTESIAN_POINT('Ctrl Pts',(-56.2465486028035,206.914133101406,0.));
#4075=CARTESIAN_POINT('',(-54.4764150532435,204.408192564042,0.));
#4076=CARTESIAN_POINT('Origin',(-70.0000000000023,210.000000000001,0.));
#4077=CARTESIAN_POINT('',(-57.0593970348271,204.412442863948,0.));
#4078=CARTESIAN_POINT('Ctrl Pts',(-57.0593970348271,204.412442863948,0.));
#4079=CARTESIAN_POINT('Ctrl Pts',(-57.0476035162235,204.407350600534,0.));
#4080=CARTESIAN_POINT('Ctrl Pts',(-57.0356798517904,204.402611364395,-2.23512784657735E-16));
#4081=CARTESIAN_POINT('Ctrl Pts',(-57.0236357215437,204.398197969372,-2.22044604925031E-16));
#4082=CARTESIAN_POINT('Ctrl Pts',(-57.0091339597891,204.3928840113,-2.20276839859352E-16));
#4083=CARTESIAN_POINT('Ctrl Pts',(-56.9944578762504,204.388041496389,0.));
#4084=CARTESIAN_POINT('Ctrl Pts',(-56.9796498452883,204.383551728172,0.));
#4085=CARTESIAN_POINT('Ctrl Pts',(-56.9617559351822,204.378126326977,0.));
#4086=CARTESIAN_POINT('Ctrl Pts',(-56.9436715898555,204.373209611447,0.));
#4087=CARTESIAN_POINT('Ctrl Pts',(-56.9254858248496,204.368553855176,0.));
#4088=CARTESIAN_POINT('Ctrl Pts',(-56.9118654758935,204.36506689573,0.));
#4089=CARTESIAN_POINT('Ctrl Pts',(-56.8981888956439,204.361724498274,4.45790291265826E-16));
#4090=CARTESIAN_POINT('Ctrl Pts',(-56.8844824285443,204.358454769834,4.44089209850063E-16));
#4091=CARTESIAN_POINT('Ctrl Pts',(-56.8696833120226,204.354924385832,4.42252521963842E-16));
#4092=CARTESIAN_POINT('Ctrl Pts',(-56.8548494267107,204.351478531789,0.));
#4093=CARTESIAN_POINT('Ctrl Pts',(-56.8399913802813,204.348091418902,0.));
#4094=CARTESIAN_POINT('Ctrl Pts',(-56.822335820021,204.344066571088,0.));
#4095=CARTESIAN_POINT('Ctrl Pts',(-56.8046456751268,204.340126067177,0.));
#4096=CARTESIAN_POINT('Ctrl Pts',(-56.78691191932,204.336302976182,0.));
#4097=CARTESIAN_POINT('Ctrl Pts',(-56.7644402216437,204.331458466877,0.));
#4098=CARTESIAN_POINT('Ctrl Pts',(-56.7418952895634,204.326811927542,0.));
#4099=CARTESIAN_POINT('Ctrl Pts',(-56.7192462021073,204.322463334651,0.));
#4100=CARTESIAN_POINT('Ctrl Pts',(-56.7004894519624,204.318862065042,0.));
#4101=CARTESIAN_POINT('Ctrl Pts',(-56.681661154983,204.315465362622,4.4662862595841E-16));
#4102=CARTESIAN_POINT('Ctrl Pts',(-56.6627631144955,204.312271800516,4.44089209850063E-16));
#4103=CARTESIAN_POINT('Ctrl Pts',(-56.6262007626557,204.30609316303,4.39176159458285E-16));
#4104=CARTESIAN_POINT('Ctrl Pts',(-56.5893791146593,204.30067000247,0.));
#4105=CARTESIAN_POINT('Ctrl Pts',(-56.5524007715942,204.295722218427,0.));
#4106=CARTESIAN_POINT('Ctrl Pts',(-56.5296254671178,204.292674832342,0.));
#4107=CARTESIAN_POINT('Ctrl Pts',(-56.5067915263853,204.289805276629,0.));
#4108=CARTESIAN_POINT('Ctrl Pts',(-56.483906805653,204.287094925605,0.));
#4109=CARTESIAN_POINT('Ctrl Pts',(-56.4439286275085,204.282360111606,0.));
#4110=CARTESIAN_POINT('Ctrl Pts',(-56.4037934040787,204.278117469527,0.));
#4111=CARTESIAN_POINT('Ctrl Pts',(-56.3634822111616,204.274444297556,0.));
#4112=CARTESIAN_POINT('Ctrl Pts',(-56.3306257243841,204.271450401381,0.));
#4113=CARTESIAN_POINT('Ctrl Pts',(-56.2976513301492,204.268837701799,0.));
#4114=CARTESIAN_POINT('Ctrl Pts',(-56.2645708223909,204.266581468603,0.));
#4115=CARTESIAN_POINT('Ctrl Pts',(-56.2266871846823,204.263997641245,0.));
#4116=CARTESIAN_POINT('Ctrl Pts',(-56.1886673703823,204.261872472518,0.));
#4117=CARTESIAN_POINT('Ctrl Pts',(-56.1505346433314,204.260150970456,0.));
#4118=CARTESIAN_POINT('Ctrl Pts',(-56.0853362828346,204.257207590301,0.));
#4119=CARTESIAN_POINT('Ctrl Pts',(-56.0198051158283,204.255452668383,0.));
#4120=CARTESIAN_POINT('Ctrl Pts',(-55.9539651967143,204.254876987925,0.));
#4121=CARTESIAN_POINT('Ctrl Pts',(-55.8947681903046,204.254359390695,0.));
#4122=CARTESIAN_POINT('Ctrl Pts',(-55.8353237335667,204.254788572339,0.));
#4123=CARTESIAN_POINT('Ctrl Pts',(-55.7756691574066,204.256094794351,0.));
#4124=CARTESIAN_POINT('Ctrl Pts',(-55.6866108192514,204.25804485366,0.));
#4125=CARTESIAN_POINT('Ctrl Pts',(-55.5970815284176,204.261957636411,0.));
#4126=CARTESIAN_POINT('Ctrl Pts',(-55.5071554822943,204.26773796875,0.));
#4127=CARTESIAN_POINT('Ctrl Pts',(-55.4176993468549,204.273488095824,0.));
#4128=CARTESIAN_POINT('Ctrl Pts',(-55.3278539265899,204.281076367185,0.));
#4129=CARTESIAN_POINT('Ctrl Pts',(-55.237685863434,204.290417004155,0.));
#4130=CARTESIAN_POINT('Ctrl Pts',(-55.1315134463936,204.30141555474,0.));
#4131=CARTESIAN_POINT('Ctrl Pts',(-55.0248945344969,204.314845323214,0.));
#4132=CARTESIAN_POINT('Ctrl Pts',(-54.9179226237089,204.330595190909,0.));
#4133=CARTESIAN_POINT('Ctrl Pts',(-54.8298814399506,204.343557818066,0.));
#4134=CARTESIAN_POINT('Ctrl Pts',(-54.741599841444,204.358093973933,0.));
#4135=CARTESIAN_POINT('Ctrl Pts',(-54.6531310001456,204.374151550601,0.));
#4136=CARTESIAN_POINT('Ctrl Pts',(-54.594307863032,204.384828270452,0.));
#4137=CARTESIAN_POINT('Ctrl Pts',(-54.5354015756831,204.396177367676,0.));
#4138=CARTESIAN_POINT('Ctrl Pts',(-54.4764150532435,204.408192564042,0.));
#4139=CARTESIAN_POINT('',(-57.4826705393775,204.595205977631,0.));
#4140=CARTESIAN_POINT('',(-63.9156986102602,207.372890448797,0.));
#4141=CARTESIAN_POINT('',(-57.9713847573779,204.408991540432,0.));
#4142=CARTESIAN_POINT('Origin',(-57.6313243920431,204.250928426682,0.));
#4143=CARTESIAN_POINT('',(-58.4065364954018,203.554958167898,0.));
#4144=CARTESIAN_POINT('Origin',(-70.,210.,0.));
#4145=CARTESIAN_POINT('',(-58.2699281297676,203.050125960193,0.));
#4146=CARTESIAN_POINT('Origin',(-58.0787782825612,203.372750720422,0.));
#4147=CARTESIAN_POINT('',(-57.8732757411922,202.815115964629,0.));
#4148=CARTESIAN_POINT('',(-63.9366389427752,206.407558617563,0.));
#4149=CARTESIAN_POINT('',(-56.3515984606249,200.727937908966,0.));
#4150=CARTESIAN_POINT('Ctrl Pts',(-56.3515984606249,200.727937908966,0.));
#4151=CARTESIAN_POINT('Ctrl Pts',(-56.3862768870481,200.80407958058,0.));
#4152=CARTESIAN_POINT('Ctrl Pts',(-56.4219049493625,200.879341855827,0.));
#4153=CARTESIAN_POINT('Ctrl Pts',(-56.4584925668055,200.953700448907,0.));
#4154=CARTESIAN_POINT('Ctrl Pts',(-56.5194095690306,201.07750470009,0.));
#4155=CARTESIAN_POINT('Ctrl Pts',(-56.5829835212588,201.198788952237,0.));
#4156=CARTESIAN_POINT('Ctrl Pts',(-56.6492665306514,201.317285050288,0.));
#4157=CARTESIAN_POINT('Ctrl Pts',(-56.70053314613,201.408935896412,0.));
#4158=CARTESIAN_POINT('Ctrl Pts',(-56.7534225776161,201.498917750429,0.));
#4159=CARTESIAN_POINT('Ctrl Pts',(-56.8079723733712,201.587083019847,0.));
#4160=CARTESIAN_POINT('Ctrl Pts',(-56.8552746519867,201.663534601022,0.));
#4161=CARTESIAN_POINT('Ctrl Pts',(-56.9038286678174,201.738616246972,0.));
#4162=CARTESIAN_POINT('Ctrl Pts',(-56.9536744976771,201.812205027082,0.));
#4163=CARTESIAN_POINT('Ctrl Pts',(-56.9853296397767,201.858938390693,0.));
#4164=CARTESIAN_POINT('Ctrl Pts',(-57.017501992063,201.905074937008,0.));
#4165=CARTESIAN_POINT('Ctrl Pts',(-57.0502098395569,201.950570589254,0.));
#4166=CARTESIAN_POINT('Ctrl Pts',(-57.0790018639619,201.990619446948,0.));
#4167=CARTESIAN_POINT('Ctrl Pts',(-57.108212823328,202.030166051857,0.));
#4168=CARTESIAN_POINT('Ctrl Pts',(-57.1378571856407,202.069176518574,0.));
#4169=CARTESIAN_POINT('Ctrl Pts',(-57.1650431021803,202.104951796218,0.));
#4170=CARTESIAN_POINT('Ctrl Pts',(-57.1925898816837,202.14028130987,0.));
#4171=CARTESIAN_POINT('Ctrl Pts',(-57.2204957612931,202.175156277108,0.));
#4172=CARTESIAN_POINT('Ctrl Pts',(-57.2455104208007,202.206417984068,0.));
#4173=CARTESIAN_POINT('Ctrl Pts',(-57.2708124934728,202.23731605326,0.));
#4174=CARTESIAN_POINT('Ctrl Pts',(-57.2964403115587,202.267787468195,0.));
#4175=CARTESIAN_POINT('Ctrl Pts',(-57.315919668667,202.290948377606,0.));
#4176=CARTESIAN_POINT('Ctrl Pts',(-57.3355902056788,202.313858568829,0.));
#4177=CARTESIAN_POINT('Ctrl Pts',(-57.3554595164433,202.336503001352,0.));
#4178=CARTESIAN_POINT('Ctrl Pts',(-57.3752252088199,202.359029343235,0.));
#4179=CARTESIAN_POINT('Ctrl Pts',(-57.3951863659308,202.381294452555,0.));
#4180=CARTESIAN_POINT('Ctrl Pts',(-57.4153209652732,202.403324688656,0.));
#4181=CARTESIAN_POINT('Ctrl Pts',(-57.4319106524441,202.421476265401,0.));
#4182=CARTESIAN_POINT('Ctrl Pts',(-57.4486158595325,202.439471529471,0.));
#4183=CARTESIAN_POINT('Ctrl Pts',(-57.4654378038918,202.457305790207,0.));
#4184=CARTESIAN_POINT('Ctrl Pts',(-57.482504241057,202.475399256915,0.));
#4185=CARTESIAN_POINT('Ctrl Pts',(-57.4996901581336,202.493327967864,0.));
#4186=CARTESIAN_POINT('Ctrl Pts',(-57.5170378615358,202.51102869539,0.));
#4187=CARTESIAN_POINT('Ctrl Pts',(-57.5317119088147,202.526001358143,0.));
#4188=CARTESIAN_POINT('Ctrl Pts',(-57.5465045618785,202.540806877509,0.));
#4189=CARTESIAN_POINT('Ctrl Pts',(-57.5614433384595,202.55540396436,0.));
#4190=CARTESIAN_POINT('Ctrl Pts',(-57.5746342090998,202.568293124548,0.));
#4191=CARTESIAN_POINT('Ctrl Pts',(-57.5879399390517,202.581018460584,0.));
#4192=CARTESIAN_POINT('Ctrl Pts',(-57.6013595399044,202.593579427614,0.));
#4193=CARTESIAN_POINT('Ctrl Pts',(-57.618652467246,202.609765891919,0.));
#4194=CARTESIAN_POINT('Ctrl Pts',(-57.6361344630166,202.625679551031,0.));
#4195=CARTESIAN_POINT('Ctrl Pts',(-57.653736656641,202.641412428536,0.));
#4196=CARTESIAN_POINT('Ctrl Pts',(-57.666276979059,202.652620994962,0.));
#4197=CARTESIAN_POINT('Ctrl Pts',(-57.6788755903124,202.66374163416,4.42023620141578E-16));
#4198=CARTESIAN_POINT('Ctrl Pts',(-57.6915157549624,202.674795131095,4.44089209850063E-16));
#4199=CARTESIAN_POINT('Ctrl Pts',(-57.7023888642923,202.684303383873,4.45866036604546E-16));
#4200=CARTESIAN_POINT('Ctrl Pts',(-57.7132922302894,202.693762644766,0.));
#4201=CARTESIAN_POINT('Ctrl Pts',(-57.7242368842692,202.7031547543,0.));
#4202=CARTESIAN_POINT('Ctrl Pts',(-57.7350474413466,202.712431789132,0.));
#4203=CARTESIAN_POINT('Ctrl Pts',(-57.7458978995345,202.721643846819,0.));
#4204=CARTESIAN_POINT('Ctrl Pts',(-57.7568301038439,202.730728479493,0.));
#4205=CARTESIAN_POINT('Ctrl Pts',(-57.7753589659235,202.746125914547,0.));
#4206=CARTESIAN_POINT('Ctrl Pts',(-57.7941253930321,202.761153129967,4.41310035090665E-16));
#4207=CARTESIAN_POINT('Ctrl Pts',(-57.8134412851674,202.775352022337,4.44089209850063E-16));
#4208=CARTESIAN_POINT('Ctrl Pts',(-57.8243349656319,202.783359842806,4.45656594963399E-16));
#4209=CARTESIAN_POINT('Ctrl Pts',(-57.835404831318,202.791102208496,0.));
#4210=CARTESIAN_POINT('Ctrl Pts',(-57.8466935264616,202.798516764425,0.));
#4211=CARTESIAN_POINT('Ctrl Pts',(-57.855421135124,202.804249166773,0.));
#4212=CARTESIAN_POINT('Ctrl Pts',(-57.8642794312783,202.809785799442,0.));
#4213=CARTESIAN_POINT('Ctrl Pts',(-57.8732757411922,202.815115964629,0.));
#4214=CARTESIAN_POINT('',(-56.9641569071091,199.884823537994,0.));
#4215=CARTESIAN_POINT('Origin',(-70.000000000002,210.000000000001,0.));
#4216=CARTESIAN_POINT('',(-59.4194053372649,200.687051141889,0.));
#4217=CARTESIAN_POINT('Ctrl Pts',(-59.4194053372649,200.687051141889,0.));
#4218=CARTESIAN_POINT('Ctrl Pts',(-59.4097626304829,200.678563713916,0.));
#4219=CARTESIAN_POINT('Ctrl Pts',(-59.3998870562344,200.670371817559,0.));
#4220=CARTESIAN_POINT('Ctrl Pts',(-59.3897962217463,200.662452588536,0.));
#4221=CARTESIAN_POINT('Ctrl Pts',(-59.3776463300891,200.652917423258,0.));
#4222=CARTESIAN_POINT('Ctrl Pts',(-59.3651849646149,200.643776758676,0.));
#4223=CARTESIAN_POINT('Ctrl Pts',(-59.3524891049608,200.63493080214,0.));
#4224=CARTESIAN_POINT('Ctrl Pts',(-59.3371475263393,200.624241416672,0.));
#4225=CARTESIAN_POINT('Ctrl Pts',(-59.3214676405459,200.6139769723,0.));
#4226=CARTESIAN_POINT('Ctrl Pts',(-59.3056106580598,200.603929374528,0.));
#4227=CARTESIAN_POINT('Ctrl Pts',(-59.2937344661561,200.596404159726,0.));
#4228=CARTESIAN_POINT('Ctrl Pts',(-59.2817601230027,200.588999055121,0.));
#4229=CARTESIAN_POINT('Ctrl Pts',(-59.2697348998045,200.581653827314,0.));
#4230=CARTESIAN_POINT('Ctrl Pts',(-59.2567510522545,200.573723054096,0.));
#4231=CARTESIAN_POINT('Ctrl Pts',(-59.2437080164262,200.565861929501,0.));
#4232=CARTESIAN_POINT('Ctrl Pts',(-59.2306238499942,200.558049204868,0.));
#4233=CARTESIAN_POINT('Ctrl Pts',(-59.2150761607333,200.548765478961,0.));
#4234=CARTESIAN_POINT('Ctrl Pts',(-59.1994695158319,200.539551281632,0.));
#4235=CARTESIAN_POINT('Ctrl Pts',(-59.183785111901,200.53043527411,0.));
#4236=CARTESIAN_POINT('Ctrl Pts',(-59.1639102930981,200.518883735492,0.));
#4237=CARTESIAN_POINT('Ctrl Pts',(-59.1439046481529,200.507497846829,0.));
#4238=CARTESIAN_POINT('Ctrl Pts',(-59.1237078750443,200.496363136291,0.));
#4239=CARTESIAN_POINT('Ctrl Pts',(-59.1069819992683,200.487141970897,0.));
#4240=CARTESIAN_POINT('Ctrl Pts',(-59.0901248636733,200.478093251271,0.));
#4241=CARTESIAN_POINT('Ctrl Pts',(-59.073138624254,200.469216177631,0.));
#4242=CARTESIAN_POINT('Ctrl Pts',(-59.0402750645408,200.452041555724,0.));
#4243=CARTESIAN_POINT('Ctrl Pts',(-59.0069314442968,200.435505308182,0.));
#4244=CARTESIAN_POINT('Ctrl Pts',(-58.9732918987541,200.419372749147,0.));
#4245=CARTESIAN_POINT('Ctrl Pts',(-58.9525729900377,200.409436556116,0.));
#4246=CARTESIAN_POINT('Ctrl Pts',(-58.9317433623107,200.399651370233,4.47399237661242E-16));
#4247=CARTESIAN_POINT('Ctrl Pts',(-58.9108162429694,200.390001905137,4.44089209850063E-16));
#4248=CARTESIAN_POINT('Ctrl Pts',(-58.8742578742016,200.373144893065,4.38306798263473E-16));
#4249=CARTESIAN_POINT('Ctrl Pts',(-58.837398057005,200.356707434642,0.));
#4250=CARTESIAN_POINT('Ctrl Pts',(-58.8001949069395,200.340757196915,0.));
#4251=CARTESIAN_POINT('Ctrl Pts',(-58.7698716926983,200.327756618336,0.));
#4252=CARTESIAN_POINT('Ctrl Pts',(-58.7393185455279,200.315082143921,0.));
#4253=CARTESIAN_POINT('Ctrl Pts',(-58.7085543241888,200.302713898363,0.));
#4254=CARTESIAN_POINT('Ctrl Pts',(-58.6733232898811,200.288549844647,0.));
#4255=CARTESIAN_POINT('Ctrl Pts',(-58.6378210106302,200.274779920327,0.));
#4256=CARTESIAN_POINT('Ctrl Pts',(-58.6020866051117,200.261359013863,0.));
#4257=CARTESIAN_POINT('Ctrl Pts',(-58.5409888577216,200.238412300716,0.));
#4258=CARTESIAN_POINT('Ctrl Pts',(-58.4792073392802,200.216493034844,0.));
#4259=CARTESIAN_POINT('Ctrl Pts',(-58.4167677749822,200.195599883808,0.));
#4260=CARTESIAN_POINT('Ctrl Pts',(-58.3606280016414,200.176814730889,0.));
#4261=CARTESIAN_POINT('Ctrl Pts',(-58.3039603178703,200.158853552476,0.));
#4262=CARTESIAN_POINT('Ctrl Pts',(-58.2468217779193,200.141661559131,0.));
#4263=CARTESIAN_POINT('Ctrl Pts',(-58.1615196649384,200.11599563627,0.));
#4264=CARTESIAN_POINT('Ctrl Pts',(-58.0751631344813,200.09205084189,0.));
#4265=CARTESIAN_POINT('Ctrl Pts',(-57.9878521627926,200.069759588534,0.));
#4266=CARTESIAN_POINT('Ctrl Pts',(-57.900997439733,200.047584819435,0.));
#4267=CARTESIAN_POINT('Ctrl Pts',(-57.8132044670783,200.027037933643,0.));
#4268=CARTESIAN_POINT('Ctrl Pts',(-57.7245631321305,200.008057944285,0.));
#4269=CARTESIAN_POINT('Ctrl Pts',(-57.6201884306489,199.985709107544,0.));
#4270=CARTESIAN_POINT('Ctrl Pts',(-57.5146377998225,199.96553452165,0.));
#4271=CARTESIAN_POINT('Ctrl Pts',(-57.4080344971343,199.947457398324,0.));
#4272=CARTESIAN_POINT('Ctrl Pts',(-57.3202966776143,199.932579365995,0.));
#4273=CARTESIAN_POINT('Ctrl Pts',(-57.231843962861,199.919123556358,0.));
#4274=CARTESIAN_POINT('Ctrl Pts',(-57.142743024655,199.907056842877,0.));
#4275=CARTESIAN_POINT('Ctrl Pts',(-57.0834996046076,199.899033657154,0.));
#4276=CARTESIAN_POINT('Ctrl Pts',(-57.0239693279093,199.891624245568,0.));
#4277=CARTESIAN_POINT('Ctrl Pts',(-56.9641569071091,199.884823537994,0.));
#4278=CARTESIAN_POINT('',(-59.7654854538697,200.991667898271,0.));
#4279=CARTESIAN_POINT('',(-65.0253072584541,205.621318029505,0.));
#4280=CARTESIAN_POINT('',(-60.2878237211976,200.965588443099,0.));
#4281=CARTESIAN_POINT('Origin',(-60.0132512831449,200.710177056779,0.));
#4282=CARTESIAN_POINT('',(-60.9655884430989,200.287823721198,0.));
#4283=CARTESIAN_POINT('Origin',(-70.,210.,0.));
#4284=CARTESIAN_POINT('',(-60.9916678982707,199.76548545387,0.));
#4285=CARTESIAN_POINT('Origin',(-60.7101770567792,200.013251283145,0.));
#4286=CARTESIAN_POINT('',(-60.6870511418892,199.419405337265,0.));
#4287=CARTESIAN_POINT('',(-65.3435265745996,204.709703808901,0.));
#4288=CARTESIAN_POINT('',(-59.8848235379936,196.964156907109,0.));
#4289=CARTESIAN_POINT('Ctrl Pts',(-59.8848235379936,196.964156907109,0.));
#4290=CARTESIAN_POINT('Ctrl Pts',(-59.8942756108473,197.047288162615,0.));
#4291=CARTESIAN_POINT('Ctrl Pts',(-59.9049025895101,197.129876516111,4.53357119618836E-16));
#4292=CARTESIAN_POINT('Ctrl Pts',(-59.916721412462,197.211901935644,4.44089209850063E-16));
#4293=CARTESIAN_POINT('Ctrl Pts',(-59.936399307861,197.348471172037,4.28658488894317E-16));
#4294=CARTESIAN_POINT('Ctrl Pts',(-59.9593828357694,197.483464789455,4.62608706853448E-16));
#4295=CARTESIAN_POINT('Ctrl Pts',(-59.9858044175368,197.61664385924,4.44089209850063E-16));
#4296=CARTESIAN_POINT('Ctrl Pts',(-60.0062401998206,197.719651260494,4.2976529797762E-16));
#4297=CARTESIAN_POINT('Ctrl Pts',(-60.0287351192334,197.821572833403,0.));
#4298=CARTESIAN_POINT('Ctrl Pts',(-60.0533704949129,197.922279812171,0.));
#4299=CARTESIAN_POINT('Ctrl Pts',(-60.074732793077,198.009606773839,0.));
#4300=CARTESIAN_POINT('Ctrl Pts',(-60.0977088966059,198.096017658163,0.));
#4301=CARTESIAN_POINT('Ctrl Pts',(-60.1223749084089,198.181407935669,0.));
#4302=CARTESIAN_POINT('Ctrl Pts',(-60.1380393341008,198.235635983052,0.));
#4303=CARTESIAN_POINT('Ctrl Pts',(-60.15438008261,198.289456250187,0.));
#4304=CARTESIAN_POINT('Ctrl Pts',(-60.1714281644956,198.342832467956,0.));
#4305=CARTESIAN_POINT('Ctrl Pts',(-60.1864352292021,198.38981841976,0.));
#4306=CARTESIAN_POINT('Ctrl Pts',(-60.2019959293745,198.436456158806,0.));
#4307=CARTESIAN_POINT('Ctrl Pts',(-60.2181344960525,198.48271792901,0.));
#4308=CARTESIAN_POINT('Ctrl Pts',(-60.2329346703978,198.525143150419,0.));
#4309=CARTESIAN_POINT('Ctrl Pts',(-60.2482157944714,198.567255937863,0.));
#4310=CARTESIAN_POINT('Ctrl Pts',(-60.2639789056119,198.609047394011,0.));
#4311=CARTESIAN_POINT('Ctrl Pts',(-60.2781088623476,198.646509000545,0.));
#4312=CARTESIAN_POINT('Ctrl Pts',(-60.2926245355255,198.683713582544,0.));
#4313=CARTESIAN_POINT('Ctrl Pts',(-60.307581854453,198.720613053075,0.));
#4314=CARTESIAN_POINT('Ctrl Pts',(-60.3189507092971,198.748659839155,0.));
#4315=CARTESIAN_POINT('Ctrl Pts',(-60.330578863213,198.77652725591,0.));
#4316=CARTESIAN_POINT('Ctrl Pts',(-60.342478186154,198.804203345589,0.));
#4317=CARTESIAN_POINT('Ctrl Pts',(-60.3543154542334,198.831735104711,0.));
#4318=CARTESIAN_POINT('Ctrl Pts',(-60.3664193456244,198.859078818825,0.));
#4319=CARTESIAN_POINT('Ctrl Pts',(-60.3787607701973,198.886252751829,0.));
#4320=CARTESIAN_POINT('Ctrl Pts',(-60.3889293545574,198.908642422367,0.));
#4321=CARTESIAN_POINT('Ctrl Pts',(-60.3992561081601,198.930919128334,0.));
#4322=CARTESIAN_POINT('Ctrl Pts',(-60.40974363827,198.953078784832,0.));
#4323=CARTESIAN_POINT('Ctrl Pts',(-60.4203835955572,198.975560512767,0.));
#4324=CARTESIAN_POINT('Ctrl Pts',(-60.4311880973129,198.997922469994,0.));
#4325=CARTESIAN_POINT('Ctrl Pts',(-60.4422169177452,199.020117596835,0.));
#4326=CARTESIAN_POINT('Ctrl Pts',(-60.4515459588975,199.03889197556,0.));
#4327=CARTESIAN_POINT('Ctrl Pts',(-60.4610394510036,199.057544042679,0.));
#4328=CARTESIAN_POINT('Ctrl Pts',(-60.4707363240269,199.076043033342,0.));
#4329=CARTESIAN_POINT('Ctrl Pts',(-60.4792986179011,199.09237755624,0.));
#4330=CARTESIAN_POINT('Ctrl Pts',(-60.4880207739167,199.108591766591,0.));
#4331=CARTESIAN_POINT('Ctrl Pts',(-60.4969020204096,199.124684840773,0.));
#4332=CARTESIAN_POINT('Ctrl Pts',(-60.5083466778828,199.145422889408,0.));
#4333=CARTESIAN_POINT('Ctrl Pts',(-60.5200554515054,199.165959910283,0.));
#4334=CARTESIAN_POINT('Ctrl Pts',(-60.5319344046477,199.186362140831,0.));
#4335=CARTESIAN_POINT('Ctrl Pts',(-60.5403973227872,199.200897294301,0.));
#4336=CARTESIAN_POINT('Ctrl Pts',(-60.5489428479246,199.21536683624,0.));
#4337=CARTESIAN_POINT('Ctrl Pts',(-60.5575486407965,199.229785362793,0.));
#4338=CARTESIAN_POINT('Ctrl Pts',(-60.5649513707019,199.242188224364,0.));
#4339=CARTESIAN_POINT('Ctrl Pts',(-60.5723980157351,199.254553841707,-2.2030125922438E-16));
#4340=CARTESIAN_POINT('Ctrl Pts',(-60.5799046788805,199.266868353004,-2.22044604925031E-16));
#4341=CARTESIAN_POINT('Ctrl Pts',(-60.5873193680115,199.279031983008,-2.23766590602005E-16));
#4342=CARTESIAN_POINT('Ctrl Pts',(-60.5947920843869,199.291146146204,0.));
#4343=CARTESIAN_POINT('Ctrl Pts',(-60.6023819224179,199.303164381967,0.));
#4344=CARTESIAN_POINT('Ctrl Pts',(-60.6152458489757,199.323533947376,0.));
#4345=CARTESIAN_POINT('Ctrl Pts',(-60.6284501174525,199.343624824625,0.));
#4346=CARTESIAN_POINT('Ctrl Pts',(-60.6424329241843,199.363097713821,0.));
#4347=CARTESIAN_POINT('Ctrl Pts',(-60.6503188773641,199.374079936162,0.));
#4348=CARTESIAN_POINT('Ctrl Pts',(-60.6584544226808,199.384864140236,0.));
#4349=CARTESIAN_POINT('Ctrl Pts',(-60.6668993859659,199.395404200722,0.));
#4350=CARTESIAN_POINT('Ctrl Pts',(-60.6734284260486,199.403553019736,0.));
#4351=CARTESIAN_POINT('Ctrl Pts',(-60.6801422535224,199.411556035342,0.));
#4352=CARTESIAN_POINT('Ctrl Pts',(-60.6870511418892,199.419405337265,0.));
#4353=CARTESIAN_POINT('',(-60.7279379089664,196.351598460625,0.));
#4354=CARTESIAN_POINT('Origin',(-70.0000000000014,210.000000000002,0.));
#4355=CARTESIAN_POINT('',(-62.8151159646291,197.873275741192,0.));
#4356=CARTESIAN_POINT('Ctrl Pts',(-62.8151159646291,197.873275741192,0.));
#4357=CARTESIAN_POINT('Ctrl Pts',(-62.8085679649588,197.862223957189,0.));
#4358=CARTESIAN_POINT('Ctrl Pts',(-62.8017071708722,197.851381280453,0.));
#4359=CARTESIAN_POINT('Ctrl Pts',(-62.7945573932893,197.840731406691,0.));
#4360=CARTESIAN_POINT('Ctrl Pts',(-62.7859486877374,197.827908402574,0.));
#4361=CARTESIAN_POINT('Ctrl Pts',(-62.7769218455599,197.815364340214,0.));
#4362=CARTESIAN_POINT('Ctrl Pts',(-62.7675809163691,197.803028099175,0.));
#4363=CARTESIAN_POINT('Ctrl Pts',(-62.7562934098555,197.788121081014,0.));
#4364=CARTESIAN_POINT('Ctrl Pts',(-62.7445528400861,197.773513663184,0.));
#4365=CARTESIAN_POINT('Ctrl Pts',(-62.732576832071,197.759057752835,0.));
#4366=CARTESIAN_POINT('Ctrl Pts',(-62.7236073216313,197.748230903136,0.));
#4367=CARTESIAN_POINT('Ctrl Pts',(-62.7145073477143,197.737487954617,0.));
#4368=CARTESIAN_POINT('Ctrl Pts',(-62.7053404810513,197.726786229518,0.));
#4369=CARTESIAN_POINT('Ctrl Pts',(-62.695442851932,197.715231386423,0.));
#4370=CARTESIAN_POINT('Ctrl Pts',(-62.6854674088073,197.703724492919,0.));
#4371=CARTESIAN_POINT('Ctrl Pts',(-62.6754378917429,197.692250920459,0.));
#4372=CARTESIAN_POINT('Ctrl Pts',(-62.6635199895757,197.678617072169,0.));
#4373=CARTESIAN_POINT('Ctrl Pts',(-62.6515245317495,197.665031131192,0.));
#4374=CARTESIAN_POINT('Ctrl Pts',(-62.6394247783713,197.651514545409,0.));
#4375=CARTESIAN_POINT('Ctrl Pts',(-62.6240923241834,197.634386722568,0.));
#4376=CARTESIAN_POINT('Ctrl Pts',(-62.608584258289,197.617376014694,0.));
#4377=CARTESIAN_POINT('Ctrl Pts',(-62.5928168003995,197.600545129564,0.));
#4378=CARTESIAN_POINT('Ctrl Pts',(-62.5797590439939,197.586606700194,0.));
#4379=CARTESIAN_POINT('Ctrl Pts',(-62.5665231634072,197.572791714983,0.));
#4380=CARTESIAN_POINT('Ctrl Pts',(-62.5531114562588,197.559100079531,0.));
#4381=CARTESIAN_POINT('Ctrl Pts',(-62.5271636045463,197.532610645897,0.));
#4382=CARTESIAN_POINT('Ctrl Pts',(-62.5005619196552,197.506579995468,0.));
#4383=CARTESIAN_POINT('Ctrl Pts',(-62.4735540464923,197.480841829664,0.));
#4384=CARTESIAN_POINT('Ctrl Pts',(-62.4569196470322,197.464989454737,0.));
#4385=CARTESIAN_POINT('Ctrl Pts',(-62.4401332837796,197.449246482072,0.));
#4386=CARTESIAN_POINT('Ctrl Pts',(-62.423212260481,197.433602460968,0.));
#4387=CARTESIAN_POINT('Ctrl Pts',(-62.3936522887784,197.406273332404,0.));
#4388=CARTESIAN_POINT('Ctrl Pts',(-62.3636759733756,197.379250070384,0.));
#4389=CARTESIAN_POINT('Ctrl Pts',(-62.3332225695349,197.352584087091,0.));
#4390=CARTESIAN_POINT('Ctrl Pts',(-62.3084008817444,197.330849416136,0.));
#4391=CARTESIAN_POINT('Ctrl Pts',(-62.2832597430914,197.30935383543,0.));
#4392=CARTESIAN_POINT('Ctrl Pts',(-62.257823231116,197.288084270121,0.));
#4393=CARTESIAN_POINT('Ctrl Pts',(-62.2286934598417,197.263726466143,0.));
#4394=CARTESIAN_POINT('Ctrl Pts',(-62.199183926604,197.239659682206,0.));
#4395=CARTESIAN_POINT('Ctrl Pts',(-62.1693457757146,197.215853103014,0.));
#4396=CARTESIAN_POINT('Ctrl Pts',(-62.1183292666528,197.175149221345,0.));
#4397=CARTESIAN_POINT('Ctrl Pts',(-62.0663449531335,197.135211203915,0.));
#4398=CARTESIAN_POINT('Ctrl Pts',(-62.0134177130683,197.096045733018,0.));
#4399=CARTESIAN_POINT('Ctrl Pts',(-61.9658305672179,197.06083186255,0.));
#4400=CARTESIAN_POINT('Ctrl Pts',(-61.9174867272667,197.026238504564,0.));
#4401=CARTESIAN_POINT('Ctrl Pts',(-61.8684573858078,196.992231181983,0.));
#4402=CARTESIAN_POINT('Ctrl Pts',(-61.7952614593853,196.941461634454,0.));
#4403=CARTESIAN_POINT('Ctrl Pts',(-61.7205308642948,196.892003144553,0.));
#4404=CARTESIAN_POINT('Ctrl Pts',(-61.6443815692801,196.84382232714,0.));
#4405=CARTESIAN_POINT('Ctrl Pts',(-61.5686301991743,196.795893282871,0.));
#4406=CARTESIAN_POINT('Ctrl Pts',(-61.4914834570622,196.749222512567,0.));
#4407=CARTESIAN_POINT('Ctrl Pts',(-61.4130456768277,196.70377979097,0.));
#4408=CARTESIAN_POINT('Ctrl Pts',(-61.3206856022845,196.650271224797,0.));
#4409=CARTESIAN_POINT('Ctrl Pts',(-61.2265352718252,196.598467112089,0.));
#4410=CARTESIAN_POINT('Ctrl Pts',(-61.1307356391856,196.548332511505,0.));
#4411=CARTESIAN_POINT('Ctrl Pts',(-61.0518895812799,196.507070186047,0.));
#4412=CARTESIAN_POINT('Ctrl Pts',(-60.9719241266965,196.466939559902,-2.12289859967487E-16));
#4413=CARTESIAN_POINT('Ctrl Pts',(-60.8909129207215,196.427929730576,-2.22044604925031E-16));
#4414=CARTESIAN_POINT('Ctrl Pts',(-60.8370483840535,196.40199200558,-2.28530557221741E-16));
#4415=CARTESIAN_POINT('Ctrl Pts',(-60.7827213639172,196.376549370835,0.));
#4416=CARTESIAN_POINT('Ctrl Pts',(-60.7279379089664,196.351598460625,0.));
#4417=CARTESIAN_POINT('',(-63.050125960193,198.269928129768,0.));
#4418=CARTESIAN_POINT('',(-66.6218732885956,204.298361540862,0.));
#4419=CARTESIAN_POINT('',(-63.5549581678977,198.406536495402,0.));
#4420=CARTESIAN_POINT('Origin',(-63.3727507204222,198.078778282561,0.));
#4421=CARTESIAN_POINT('',(-64.4089915404321,197.971384757378,0.));
#4422=CARTESIAN_POINT('Origin',(-70.,210.,0.));
#4423=CARTESIAN_POINT('',(-64.5952059776314,197.482670539377,0.));
#4424=CARTESIAN_POINT('Origin',(-64.250928426682,197.631324392043,0.));
#4425=CARTESIAN_POINT('',(-64.4124428639482,197.059397034827,0.));
#4426=CARTESIAN_POINT('',(-67.2062220833483,203.529700025975,0.));
#4427=CARTESIAN_POINT('',(-64.408192564042,194.476415053244,0.));
#4428=CARTESIAN_POINT('Ctrl Pts',(-64.408192564042,194.476415053243,0.));
#4429=CARTESIAN_POINT('Ctrl Pts',(-64.3914930491075,194.558398425168,0.));
#4430=CARTESIAN_POINT('Ctrl Pts',(-64.3760787019001,194.640228532466,0.));
#4431=CARTESIAN_POINT('Ctrl Pts',(-64.3619718220839,194.721891557896,0.));
#4432=CARTESIAN_POINT('Ctrl Pts',(-64.3384843979308,194.857857422843,0.));
#4433=CARTESIAN_POINT('Ctrl Pts',(-64.318627710082,194.993346281731,0.));
#4434=CARTESIAN_POINT('Ctrl Pts',(-64.3026015317345,195.128171820355,0.));
#4435=CARTESIAN_POINT('Ctrl Pts',(-64.2902060790175,195.232452675891,0.));
#4436=CARTESIAN_POINT('Ctrl Pts',(-64.2801045211116,195.336337155739,0.));
#4437=CARTESIAN_POINT('Ctrl Pts',(-64.2724139879004,195.439727925371,0.));
#4438=CARTESIAN_POINT('Ctrl Pts',(-64.2657452242074,195.529382126423,0.));
#4439=CARTESIAN_POINT('Ctrl Pts',(-64.2608943645563,195.61866377934,0.));
#4440=CARTESIAN_POINT('Ctrl Pts',(-64.2579660885412,195.707496987751,0.));
#4441=CARTESIAN_POINT('Ctrl Pts',(-64.2561064545,195.763911498366,0.));
#4442=CARTESIAN_POINT('Ctrl Pts',(-64.255016052682,195.820147182169,0.));
#4443=CARTESIAN_POINT('Ctrl Pts',(-64.2547355836537,195.876179127969,0.));
#4444=CARTESIAN_POINT('Ctrl Pts',(-64.2544886927157,195.92550286165,0.));
#4445=CARTESIAN_POINT('Ctrl Pts',(-64.254875944055,195.974666508086,0.));
#4446=CARTESIAN_POINT('Ctrl Pts',(-64.2559289598617,196.023651157475,0.));
#4447=CARTESIAN_POINT('Ctrl Pts',(-64.2568946476987,196.068573446209,0.));
#4448=CARTESIAN_POINT('Ctrl Pts',(-64.2584142933151,196.113347214224,0.));
#4449=CARTESIAN_POINT('Ctrl Pts',(-64.260491632705,196.15796432021,0.));
#4450=CARTESIAN_POINT('Ctrl Pts',(-64.262353747084,196.197958822319,0.));
#4451=CARTESIAN_POINT('Ctrl Pts',(-64.2646621245552,196.237828072503,0.));
#4452=CARTESIAN_POINT('Ctrl Pts',(-64.2674848167315,196.277543620477,0.));
#4453=CARTESIAN_POINT('Ctrl Pts',(-64.269630306683,196.307730868599,0.));
#4454=CARTESIAN_POINT('Ctrl Pts',(-64.2720778328784,196.337827654173,0.));
#4455=CARTESIAN_POINT('Ctrl Pts',(-64.274842379462,196.367826272723,0.));
#4456=CARTESIAN_POINT('Ctrl Pts',(-64.2775925089505,196.397668448643,0.));
#4457=CARTESIAN_POINT('Ctrl Pts',(-64.28065432138,196.427414174266,0.));
#4458=CARTESIAN_POINT('Ctrl Pts',(-64.2839945065381,196.45707183025,0.));
#4459=CARTESIAN_POINT('Ctrl Pts',(-64.2867466162548,196.481507937633,0.));
#4460=CARTESIAN_POINT('Ctrl Pts',(-64.2896840618315,196.505885486311,0.));
#4461=CARTESIAN_POINT('Ctrl Pts',(-64.2928105852273,196.530201397001,0.));
#4462=CARTESIAN_POINT('Ctrl Pts',(-64.2959825499259,196.55487071834,0.));
#4463=CARTESIAN_POINT('Ctrl Pts',(-64.2993480168955,196.579476978005,0.));
#4464=CARTESIAN_POINT('Ctrl Pts',(-64.3029783770252,196.603993890829,0.));
#4465=CARTESIAN_POINT('Ctrl Pts',(-64.3060492203243,196.624732218369,0.));
#4466=CARTESIAN_POINT('Ctrl Pts',(-64.30931426214,196.645405038799,0.));
#4467=CARTESIAN_POINT('Ctrl Pts',(-64.3128200339295,196.665995123028,0.));
#4468=CARTESIAN_POINT('Ctrl Pts',(-64.3159156141403,196.684176071789,0.));
#4469=CARTESIAN_POINT('Ctrl Pts',(-64.3192004109036,196.702291996638,0.));
#4470=CARTESIAN_POINT('Ctrl Pts',(-64.3226739448372,196.720341875804,0.));
#4471=CARTESIAN_POINT('Ctrl Pts',(-64.32715005137,196.743601525371,0.));
#4472=CARTESIAN_POINT('Ctrl Pts',(-64.3319394682718,196.766751602559,0.));
#4473=CARTESIAN_POINT('Ctrl Pts',(-64.3369323880125,196.789826074894,0.));
#4474=CARTESIAN_POINT('Ctrl Pts',(-64.3404894920263,196.806265012914,0.));
#4475=CARTESIAN_POINT('Ctrl Pts',(-64.3441454350442,196.822667077625,0.));
#4476=CARTESIAN_POINT('Ctrl Pts',(-64.3478744607056,196.839039247575,0.));
#4477=CARTESIAN_POINT('Ctrl Pts',(-64.3510821802218,196.85312263928,0.));
#4478=CARTESIAN_POINT('Ctrl Pts',(-64.3543431746064,196.86718418014,-2.20301259218524E-16));
#4479=CARTESIAN_POINT('Ctrl Pts',(-64.3576770422437,196.881215662879,-2.22044604925031E-16));
#4480=CARTESIAN_POINT('Ctrl Pts',(-64.3609700622518,196.895075227334,-2.23766590593733E-16));
#4481=CARTESIAN_POINT('Ctrl Pts',(-64.3643335555314,196.908905677463,0.));
#4482=CARTESIAN_POINT('Ctrl Pts',(-64.3678380813271,196.922681087767,0.));
#4483=CARTESIAN_POINT('Ctrl Pts',(-64.3737778606668,196.946028867834,0.));
#4484=CARTESIAN_POINT('Ctrl Pts',(-64.3801274437822,196.969216771149,0.));
#4485=CARTESIAN_POINT('Ctrl Pts',(-64.3874084296015,196.992057514446,0.));
#4486=CARTESIAN_POINT('Ctrl Pts',(-64.3915147234205,197.004939122149,0.));
#4487=CARTESIAN_POINT('Ctrl Pts',(-64.3959195844771,197.017709531502,0.));
#4488=CARTESIAN_POINT('Ctrl Pts',(-64.4006941640277,197.030343361915,0.));
#4489=CARTESIAN_POINT('Ctrl Pts',(-64.4043855266462,197.040110933869,0.));
#4490=CARTESIAN_POINT('Ctrl Pts',(-64.4082976882558,197.049796940985,0.));
#4491=CARTESIAN_POINT('Ctrl Pts',(-64.4124428639482,197.059397034827,0.));
#4492=CARTESIAN_POINT('',(-65.3993329505493,194.154374019935,0.));
#4493=CARTESIAN_POINT('Origin',(-70.0000000000008,210.000000000002,0.));
#4494=CARTESIAN_POINT('',(-66.0000009685741,194.766349840187,0.));
#4495=CARTESIAN_POINT('Ctrl Pts',(-66.0000009685727,194.766349840187,0.));
#4496=CARTESIAN_POINT('Ctrl Pts',(-65.8112314129419,194.550803989527,0.));
#4497=CARTESIAN_POINT('Ctrl Pts',(-65.6084706120699,194.34592413287,0.));
#4498=CARTESIAN_POINT('Ctrl Pts',(-65.3993329505493,194.154374019935,0.));
#4499=CARTESIAN_POINT('',(-66.0000009685755,175.000002831221,0.));
#4500=CARTESIAN_POINT('',(-66.0000009685755,175.000002831221,0.));
#4501=CARTESIAN_POINT('',(-72.0000009685755,175.000002831221,0.));
#4502=CARTESIAN_POINT('Origin',(-69.0000009685755,175.000002831221,0.));
#4503=CARTESIAN_POINT('',(-72.0000009685755,193.000002831221,0.));
#4504=CARTESIAN_POINT('',(-72.0000009685755,193.000002831221,0.));
#4505=CARTESIAN_POINT('',(-72.0000010579824,201.00000295043,0.));
#4506=CARTESIAN_POINT('',(-71.0000009685755,175.000002831221,0.));
#4507=CARTESIAN_POINT('Origin',(-69.0000009685755,175.000002831221,0.));
#4508=CARTESIAN_POINT('',(-71.0846817767937,205.119074149438,0.));
#4509=CARTESIAN_POINT('',(-70.8158852830513,187.620820858243,0.));
#4510=CARTESIAN_POINT('',(-71.1220337738965,207.550633791966,0.));
#4511=CARTESIAN_POINT('',(-67.387219327599,187.620820858243,0.));
#4512=CARTESIAN_POINT('Origin',(-69.1015523053252,187.620820858243,0.));
#4513=CARTESIAN_POINT('',(-67.387219327599,205.736979354123,0.));
#4514=CARTESIAN_POINT('',(-67.387219327599,198.810411993743,0.));
#4515=CARTESIAN_POINT('Origin',(-70.0000010430813,210.000003129244,0.));
#4516=CARTESIAN_POINT('Origin',(-71.0846817767937,205.119074149438,0.));
#4517=CARTESIAN_POINT('',(-71.0846817767937,205.119074149438,1.));
#4518=CARTESIAN_POINT('',(-71.0846817767937,205.119074149438,0.));
#4519=CARTESIAN_POINT('',(-70.8158852830513,187.620820858243,1.));
#4520=CARTESIAN_POINT('',(-70.8158852830513,187.620820858243,1.));
#4521=CARTESIAN_POINT('',(-70.8158852830513,187.620820858243,0.));
#4522=CARTESIAN_POINT('Origin',(-70.0000010430813,210.000003129244,0.));
#4523=CARTESIAN_POINT('',(-67.387219327599,205.736979354123,1.));
#4524=CARTESIAN_POINT('',(-67.387219327599,205.736979354123,0.));
#4525=CARTESIAN_POINT('Origin',(-70.0000010430813,210.000003129244,1.));
#4526=CARTESIAN_POINT('Origin',(-67.387219327599,187.620820858243,0.));
#4527=CARTESIAN_POINT('',(-67.387219327599,187.620820858243,1.));
#4528=CARTESIAN_POINT('',(-67.387219327599,187.620820858243,0.));
#4529=CARTESIAN_POINT('',(-67.387219327599,205.736979354123,1.));
#4530=CARTESIAN_POINT('Origin',(-69.1015523053252,187.620820858243,0.));
#4531=CARTESIAN_POINT('Origin',(-69.1015523053252,187.620820858243,1.));
#4532=CARTESIAN_POINT('Origin',(-70.0000010430813,200.45324550488,1.));
#4533=CARTESIAN_POINT('',(-72.5,210.,1.));
#4534=CARTESIAN_POINT('Origin',(-70.,210.,1.));
#4535=CARTESIAN_POINT('Origin',(-72.0000010579824,201.00000295043,0.));
#4536=CARTESIAN_POINT('',(-72.0000009685755,193.000002831221,3.));
#4537=CARTESIAN_POINT('',(-72.0000009685755,193.000002831221,0.));
#4538=CARTESIAN_POINT('',(-72.0000010579824,201.00000295043,3.));
#4539=CARTESIAN_POINT('Origin',(-69.0000009685755,175.000002831221,0.));
#4540=CARTESIAN_POINT('',(-71.0000009685755,175.000002831221,3.));
#4541=CARTESIAN_POINT('Origin',(-69.0000009685755,175.000002831221,3.));
#4542=CARTESIAN_POINT('',(-71.0000009685755,175.000002831221,0.));
#4543=CARTESIAN_POINT('Origin',(-69.0000009685755,175.000002831221,0.));
#4544=CARTESIAN_POINT('',(-66.0000009685755,175.000002831221,3.));
#4545=CARTESIAN_POINT('',(-66.0000009685755,175.000002831221,0.));
#4546=CARTESIAN_POINT('',(-72.0000009685755,175.000002831221,3.));
#4547=CARTESIAN_POINT('Origin',(-69.0000009685755,175.000002831221,3.));
#4548=CARTESIAN_POINT('',(-72.0000009685755,175.000002831221,0.));
#4549=CARTESIAN_POINT('Origin',(-72.0000009685755,193.000002831221,0.));
#4550=CARTESIAN_POINT('',(-72.0000009685755,193.000002831221,3.));
#4551=CARTESIAN_POINT('Origin',(-66.0000009685755,175.000002831221,0.));
#4552=CARTESIAN_POINT('',(-66.0000009685755,194.76634984019,3.));
#4553=CARTESIAN_POINT('Ctrl Pts',(-66.0000009685755,194.76634984019,3.));
#4554=CARTESIAN_POINT('Ctrl Pts',(-66.0000009685755,194.76634984019,2.5));
#4555=CARTESIAN_POINT('Ctrl Pts',(-66.0000009685755,194.76634984019,2.));
#4556=CARTESIAN_POINT('Ctrl Pts',(-66.0000009685755,194.76634984019,1.));
#4557=CARTESIAN_POINT('Ctrl Pts',(-66.0000009685755,194.76634984019,0.5));
#4558=CARTESIAN_POINT('Ctrl Pts',(-66.0000009685755,194.76634984019,0.));
#4559=CARTESIAN_POINT('',(-66.0000009685755,175.000002831221,3.));
#4560=CARTESIAN_POINT('Ctrl Pts',(-66.914133101406,196.246548602803,-2.));
#4561=CARTESIAN_POINT('Ctrl Pts',(-66.914133101406,196.246548602803,3.));
#4562=CARTESIAN_POINT('Ctrl Pts',(-66.9125899563154,196.239670933837,-2.));
#4563=CARTESIAN_POINT('Ctrl Pts',(-66.9125899563154,196.239670933837,3.));
#4564=CARTESIAN_POINT('Ctrl Pts',(-66.9093241812094,196.225966234302,-2.));
#4565=CARTESIAN_POINT('Ctrl Pts',(-66.9093241812094,196.225966234302,3.));
#4566=CARTESIAN_POINT('Ctrl Pts',(-66.9038870688559,196.205561098669,-2.));
#4567=CARTESIAN_POINT('Ctrl Pts',(-66.9038870688559,196.205561098669,3.));
#4568=CARTESIAN_POINT('Ctrl Pts',(-66.8956129588329,196.178642674355,-2.));
#4569=CARTESIAN_POINT('Ctrl Pts',(-66.8956129588329,196.178642674355,3.));
#4570=CARTESIAN_POINT('Ctrl Pts',(-66.8838661743743,196.145386143293,-2.));
#4571=CARTESIAN_POINT('Ctrl Pts',(-66.8838661743743,196.145386143293,3.));
#4572=CARTESIAN_POINT('Ctrl Pts',(-66.8711021908181,196.112407843051,-2.));
#4573=CARTESIAN_POINT('Ctrl Pts',(-66.8711021908181,196.112407843051,3.));
#4574=CARTESIAN_POINT('Ctrl Pts',(-66.857704188172,196.079596371177,-2.));
#4575=CARTESIAN_POINT('Ctrl Pts',(-66.857704188172,196.079596371177,3.));
#4576=CARTESIAN_POINT('Ctrl Pts',(-66.8439593363839,196.046869650331,-2.));
#4577=CARTESIAN_POINT('Ctrl Pts',(-66.8439593363839,196.046869650331,3.));
#4578=CARTESIAN_POINT('Ctrl Pts',(-66.8299805346226,196.014198187475,-2.));
#4579=CARTESIAN_POINT('Ctrl Pts',(-66.8299805346226,196.014198187475,3.));
#4580=CARTESIAN_POINT('Ctrl Pts',(-66.8157628636997,195.9815878753,-2.));
#4581=CARTESIAN_POINT('Ctrl Pts',(-66.8157628636997,195.9815878753,3.));
#4582=CARTESIAN_POINT('Ctrl Pts',(-66.8012299078913,195.949065830247,-2.));
#4583=CARTESIAN_POINT('Ctrl Pts',(-66.8012299078913,195.949065830247,3.));
#4584=CARTESIAN_POINT('Ctrl Pts',(-66.7862821654954,195.916665617381,-2.));
#4585=CARTESIAN_POINT('Ctrl Pts',(-66.7862821654954,195.916665617381,3.));
#4586=CARTESIAN_POINT('Ctrl Pts',(-66.7708484024673,195.884411556615,-2.));
#4587=CARTESIAN_POINT('Ctrl Pts',(-66.7708484024673,195.884411556615,3.));
#4588=CARTESIAN_POINT('Ctrl Pts',(-66.7549241009075,195.852307003359,-2.));
#4589=CARTESIAN_POINT('Ctrl Pts',(-66.7549241009075,195.852307003359,3.));
#4590=CARTESIAN_POINT('Ctrl Pts',(-66.7385457512357,195.820342357162,-2.));
#4591=CARTESIAN_POINT('Ctrl Pts',(-66.7385457512357,195.820342357162,3.));
#4592=CARTESIAN_POINT('Ctrl Pts',(-66.7217734894296,195.788500506686,-2.));
#4593=CARTESIAN_POINT('Ctrl Pts',(-66.7217734894296,195.788500506686,3.));
#4594=CARTESIAN_POINT('Ctrl Pts',(-66.7046714637024,195.756762967105,-2.));
#4595=CARTESIAN_POINT('Ctrl Pts',(-66.7046714637024,195.756762967105,3.));
#4596=CARTESIAN_POINT('Ctrl Pts',(-66.6872869750435,195.725116407168,-2.));
#4597=CARTESIAN_POINT('Ctrl Pts',(-66.6872869750435,195.725116407168,3.));
#4598=CARTESIAN_POINT('Ctrl Pts',(-66.6696370613642,195.693556849145,-2.));
#4599=CARTESIAN_POINT('Ctrl Pts',(-66.6696370613642,195.693556849145,3.));
#4600=CARTESIAN_POINT('Ctrl Pts',(-66.6517201422901,195.662086045437,-2.));
#4601=CARTESIAN_POINT('Ctrl Pts',(-66.6517201422901,195.662086045437,3.));
#4602=CARTESIAN_POINT('Ctrl Pts',(-66.633523483936,195.630709159795,-2.));
#4603=CARTESIAN_POINT('Ctrl Pts',(-66.633523483936,195.630709159795,3.));
#4604=CARTESIAN_POINT('Ctrl Pts',(-66.6150318141519,195.599432089053,-2.));
#4605=CARTESIAN_POINT('Ctrl Pts',(-66.6150318141519,195.599432089053,3.));
#4606=CARTESIAN_POINT('Ctrl Pts',(-66.5962365931618,195.568258581073,-2.));
#4607=CARTESIAN_POINT('Ctrl Pts',(-66.5962365931618,195.568258581073,3.));
#4608=CARTESIAN_POINT('Ctrl Pts',(-66.5771412604239,195.5371886057,-2.));
#4609=CARTESIAN_POINT('Ctrl Pts',(-66.5771412604239,195.5371886057,3.));
#4610=CARTESIAN_POINT('Ctrl Pts',(-66.5577562146885,195.506219923464,-2.));
#4611=CARTESIAN_POINT('Ctrl Pts',(-66.5577562146885,195.506219923464,3.));
#4612=CARTESIAN_POINT('Ctrl Pts',(-66.5380957622881,195.475349041174,-2.));
#4613=CARTESIAN_POINT('Ctrl Pts',(-66.5380957622881,195.475349041174,3.));
#4614=CARTESIAN_POINT('Ctrl Pts',(-66.5181745161274,195.444572338365,-2.));
#4615=CARTESIAN_POINT('Ctrl Pts',(-66.5181745161274,195.444572338365,3.));
#4616=CARTESIAN_POINT('Ctrl Pts',(-66.4980034915143,195.41388728846,-2.));
#4617=CARTESIAN_POINT('Ctrl Pts',(-66.4980034915143,195.41388728846,3.));
#4618=CARTESIAN_POINT('Ctrl Pts',(-66.4775881493602,195.383293072013,-2.));
#4619=CARTESIAN_POINT('Ctrl Pts',(-66.4775881493602,195.383293072013,3.));
#4620=CARTESIAN_POINT('Ctrl Pts',(-66.4569305902033,195.352789894425,-2.));
#4621=CARTESIAN_POINT('Ctrl Pts',(-66.4569305902033,195.352789894425,3.));
#4622=CARTESIAN_POINT('Ctrl Pts',(-66.4360308892456,195.322378571664,-2.));
#4623=CARTESIAN_POINT('Ctrl Pts',(-66.4360308892456,195.322378571664,3.));
#4624=CARTESIAN_POINT('Ctrl Pts',(-66.4148886712333,195.292060040964,-2.));
#4625=CARTESIAN_POINT('Ctrl Pts',(-66.4148886712333,195.292060040964,3.));
#4626=CARTESIAN_POINT('Ctrl Pts',(-66.3935048307142,195.261834826225,-2.));
#4627=CARTESIAN_POINT('Ctrl Pts',(-66.3935048307142,195.261834826225,3.));
#4628=CARTESIAN_POINT('Ctrl Pts',(-66.3718823460175,195.231702785572,-2.));
#4629=CARTESIAN_POINT('Ctrl Pts',(-66.3718823460175,195.231702785572,3.));
#4630=CARTESIAN_POINT('Ctrl Pts',(-66.3500253534296,195.201663400808,-2.));
#4631=CARTESIAN_POINT('Ctrl Pts',(-66.3500253534296,195.201663400808,3.));
#4632=CARTESIAN_POINT('Ctrl Pts',(-66.3279385991538,195.17171594903,-2.));
#4633=CARTESIAN_POINT('Ctrl Pts',(-66.3279385991538,195.17171594903,3.));
#4634=CARTESIAN_POINT('Ctrl Pts',(-66.3056267860261,195.14185970699,-2.));
#4635=CARTESIAN_POINT('Ctrl Pts',(-66.3056267860261,195.14185970699,3.));
#4636=CARTESIAN_POINT('Ctrl Pts',(-66.2830938614535,195.112094173469,-2.));
#4637=CARTESIAN_POINT('Ctrl Pts',(-66.2830938614535,195.112094173469,3.));
#4638=CARTESIAN_POINT('Ctrl Pts',(-66.2603426956318,195.082419170498,-2.));
#4639=CARTESIAN_POINT('Ctrl Pts',(-66.2603426956318,195.082419170498,3.));
#4640=CARTESIAN_POINT('Ctrl Pts',(-66.2373754855304,195.052834719231,-2.));
#4641=CARTESIAN_POINT('Ctrl Pts',(-66.2373754855304,195.052834719231,3.));
#4642=CARTESIAN_POINT('Ctrl Pts',(-66.2141940012481,195.023340964653,-2.));
#4643=CARTESIAN_POINT('Ctrl Pts',(-66.2141940012481,195.023340964653,3.));
#4644=CARTESIAN_POINT('Ctrl Pts',(-66.1907998776461,194.993938085995,-2.));
#4645=CARTESIAN_POINT('Ctrl Pts',(-66.1907998776461,194.993938085995,3.));
#4646=CARTESIAN_POINT('Ctrl Pts',(-66.1671949338022,194.96462619865,-2.));
#4647=CARTESIAN_POINT('Ctrl Pts',(-66.1671949338022,194.96462619865,3.));
#4648=CARTESIAN_POINT('Ctrl Pts',(-66.1433813252152,194.935405307009,-2.));
#4649=CARTESIAN_POINT('Ctrl Pts',(-66.1433813252152,194.935405307009,3.));
#4650=CARTESIAN_POINT('Ctrl Pts',(-66.1193613726501,194.906275356147,-2.));
#4651=CARTESIAN_POINT('Ctrl Pts',(-66.1193613726501,194.906275356147,3.));
#4652=CARTESIAN_POINT('Ctrl Pts',(-66.0951374623458,194.877236261374,-2.));
#4653=CARTESIAN_POINT('Ctrl Pts',(-66.0951374623458,194.877236261374,3.));
#4654=CARTESIAN_POINT('Ctrl Pts',(-66.0707119267329,194.848287943936,-2.));
#4655=CARTESIAN_POINT('Ctrl Pts',(-66.0707119267329,194.848287943936,3.));
#4656=CARTESIAN_POINT('Ctrl Pts',(-66.0460869168212,194.819430368273,-2.));
#4657=CARTESIAN_POINT('Ctrl Pts',(-66.0460869168212,194.819430368273,3.));
#4658=CARTESIAN_POINT('Ctrl Pts',(-66.0212643403341,194.790663561671,-2.));
#4659=CARTESIAN_POINT('Ctrl Pts',(-66.0212643403341,194.790663561671,3.));
#4660=CARTESIAN_POINT('Ctrl Pts',(-65.996245940838,194.761987595677,-2.));
#4661=CARTESIAN_POINT('Ctrl Pts',(-65.996245940838,194.761987595677,3.));
#4662=CARTESIAN_POINT('Ctrl Pts',(-65.971033349047,194.733402575056,-2.));
#4663=CARTESIAN_POINT('Ctrl Pts',(-65.971033349047,194.733402575056,3.));
#4664=CARTESIAN_POINT('Ctrl Pts',(-65.9456281427298,194.704908623698,-2.));
#4665=CARTESIAN_POINT('Ctrl Pts',(-65.9456281427298,194.704908623698,3.));
#4666=CARTESIAN_POINT('Ctrl Pts',(-65.9200319133741,194.676505869786,-2.));
#4667=CARTESIAN_POINT('Ctrl Pts',(-65.9200319133741,194.676505869786,3.));
#4668=CARTESIAN_POINT('Ctrl Pts',(-65.8942463018343,194.648194435174,-2.));
#4669=CARTESIAN_POINT('Ctrl Pts',(-65.8942463018343,194.648194435174,3.));
#4670=CARTESIAN_POINT('Ctrl Pts',(-65.8682729533951,194.619974437343,-2.));
#4671=CARTESIAN_POINT('Ctrl Pts',(-65.8682729533951,194.619974437343,3.));
#4672=CARTESIAN_POINT('Ctrl Pts',(-65.8421134890884,194.591845987981,-2.));
#4673=CARTESIAN_POINT('Ctrl Pts',(-65.8421134890884,194.591845987981,3.));
#4674=CARTESIAN_POINT('Ctrl Pts',(-65.8157694740695,194.563809192801,-2.));
#4675=CARTESIAN_POINT('Ctrl Pts',(-65.8157694740695,194.563809192801,3.));
#4676=CARTESIAN_POINT('Ctrl Pts',(-65.7892423833894,194.535864148819,-2.));
#4677=CARTESIAN_POINT('Ctrl Pts',(-65.7892423833894,194.535864148819,3.));
#4678=CARTESIAN_POINT('Ctrl Pts',(-65.762533586331,194.508010946125,-2.));
#4679=CARTESIAN_POINT('Ctrl Pts',(-65.762533586331,194.508010946125,3.));
#4680=CARTESIAN_POINT('Ctrl Pts',(-65.7356443902406,194.480249683536,-2.));
#4681=CARTESIAN_POINT('Ctrl Pts',(-65.7356443902406,194.480249683536,3.));
#4682=CARTESIAN_POINT('Ctrl Pts',(-65.7085760762654,194.452580481873,-2.));
#4683=CARTESIAN_POINT('Ctrl Pts',(-65.7085760762654,194.452580481873,3.));
#4684=CARTESIAN_POINT('Ctrl Pts',(-65.681329937067,194.425003496422,-2.));
#4685=CARTESIAN_POINT('Ctrl Pts',(-65.681329937067,194.425003496422,3.));
#4686=CARTESIAN_POINT('Ctrl Pts',(-65.6539073208637,194.39751893171,-2.));
#4687=CARTESIAN_POINT('Ctrl Pts',(-65.6539073208637,194.39751893171,3.));
#4688=CARTESIAN_POINT('Ctrl Pts',(-65.6263096565999,194.370127046863,-2.));
#4689=CARTESIAN_POINT('Ctrl Pts',(-65.6263096565999,194.370127046863,3.));
#4690=CARTESIAN_POINT('Ctrl Pts',(-65.598538381628,194.342828117267,-2.));
#4691=CARTESIAN_POINT('Ctrl Pts',(-65.598538381628,194.342828117267,3.));
#4692=CARTESIAN_POINT('Ctrl Pts',(-65.5705948831208,194.315622401072,-2.));
#4693=CARTESIAN_POINT('Ctrl Pts',(-65.5705948831208,194.315622401072,3.));
#4694=CARTESIAN_POINT('Ctrl Pts',(-65.5424804362143,194.288510104121,-2.));
#4695=CARTESIAN_POINT('Ctrl Pts',(-65.5424804362143,194.288510104121,3.));
#4696=CARTESIAN_POINT('Ctrl Pts',(-65.5141961426856,194.261491342479,-2.));
#4697=CARTESIAN_POINT('Ctrl Pts',(-65.5141961426856,194.261491342479,3.));
#4698=CARTESIAN_POINT('Ctrl Pts',(-65.4857428762375,194.234566111875,-2.));
#4699=CARTESIAN_POINT('Ctrl Pts',(-65.4857428762375,194.234566111875,3.));
#4700=CARTESIAN_POINT('Ctrl Pts',(-65.4571212968201,194.207734335313,-2.));
#4701=CARTESIAN_POINT('Ctrl Pts',(-65.4571212968201,194.207734335313,3.));
#4702=CARTESIAN_POINT('Ctrl Pts',(-65.4340897474139,194.186343590116,-2.));
#4703=CARTESIAN_POINT('Ctrl Pts',(-65.4340897474139,194.186343590116,3.));
#4704=CARTESIAN_POINT('Ctrl Pts',(-65.4167406681564,194.170342492266,-2.));
#4705=CARTESIAN_POINT('Ctrl Pts',(-65.4167406681564,194.170342492266,3.));
#4706=CARTESIAN_POINT('Ctrl Pts',(-65.4051411076896,194.159693736853,-2.));
#4707=CARTESIAN_POINT('Ctrl Pts',(-65.4051411076896,194.159693736853,3.));
#4708=CARTESIAN_POINT('Ctrl Pts',(-65.3993329505493,194.154374019935,-2.));
#4709=CARTESIAN_POINT('Ctrl Pts',(-65.3993329505493,194.154374019935,3.));
#4710=CARTESIAN_POINT('',(-65.3993329505493,194.154374019935,3.));
#4711=CARTESIAN_POINT('',(-65.3993329505493,194.154374019935,-2.));
#4712=CARTESIAN_POINT('Ctrl Pts',(-66.0000009685755,194.76634984019,3.));
#4713=CARTESIAN_POINT('Ctrl Pts',(-65.9992406996275,194.765481729776,3.));
#4714=CARTESIAN_POINT('Ctrl Pts',(-65.9934615510694,194.758885559879,3.));
#4715=CARTESIAN_POINT('Ctrl Pts',(-65.9826396687854,194.746572491211,3.));
#4716=CARTESIAN_POINT('Ctrl Pts',(-65.9667222533486,194.728567339727,3.));
#4717=CARTESIAN_POINT('Ctrl Pts',(-65.9456281427298,194.704908623698,3.));
#4718=CARTESIAN_POINT('Ctrl Pts',(-65.9200319133741,194.676505869786,3.));
#4719=CARTESIAN_POINT('Ctrl Pts',(-65.8942463018343,194.648194435174,3.));
#4720=CARTESIAN_POINT('Ctrl Pts',(-65.8682729533951,194.619974437343,3.));
#4721=CARTESIAN_POINT('Ctrl Pts',(-65.8421134890884,194.591845987981,3.));
#4722=CARTESIAN_POINT('Ctrl Pts',(-65.8157694740695,194.563809192801,3.));
#4723=CARTESIAN_POINT('Ctrl Pts',(-65.7892423833894,194.535864148819,3.));
#4724=CARTESIAN_POINT('Ctrl Pts',(-65.762533586331,194.508010946125,3.));
#4725=CARTESIAN_POINT('Ctrl Pts',(-65.7356443902406,194.480249683536,3.));
#4726=CARTESIAN_POINT('Ctrl Pts',(-65.7085760762654,194.452580481873,3.));
#4727=CARTESIAN_POINT('Ctrl Pts',(-65.681329937067,194.425003496422,3.));
#4728=CARTESIAN_POINT('Ctrl Pts',(-65.6539073208637,194.39751893171,3.));
#4729=CARTESIAN_POINT('Ctrl Pts',(-65.6263096565999,194.370127046863,3.));
#4730=CARTESIAN_POINT('Ctrl Pts',(-65.598538381628,194.342828117267,3.));
#4731=CARTESIAN_POINT('Ctrl Pts',(-65.5705948831208,194.315622401072,3.));
#4732=CARTESIAN_POINT('Ctrl Pts',(-65.5424804362143,194.288510104121,3.));
#4733=CARTESIAN_POINT('Ctrl Pts',(-65.5141961426856,194.261491342479,3.));
#4734=CARTESIAN_POINT('Ctrl Pts',(-65.4857428762375,194.234566111875,3.));
#4735=CARTESIAN_POINT('Ctrl Pts',(-65.4571212968201,194.207734335313,3.));
#4736=CARTESIAN_POINT('Ctrl Pts',(-65.4340897474139,194.186343590116,3.));
#4737=CARTESIAN_POINT('Ctrl Pts',(-65.4167406681564,194.170342492266,3.));
#4738=CARTESIAN_POINT('Ctrl Pts',(-65.4051411076896,194.159693736853,3.));
#4739=CARTESIAN_POINT('Ctrl Pts',(-65.3993329505493,194.154374019935,3.));
#4740=CARTESIAN_POINT('Origin',(-70.0000000000008,210.000000000002,-2.));
#4741=CARTESIAN_POINT('',(-64.408192564042,194.476415053244,3.));
#4742=CARTESIAN_POINT('',(-64.408192564042,194.476415053244,-2.));
#4743=CARTESIAN_POINT('Origin',(-70.0000000000008,210.000000000002,3.));
#4744=CARTESIAN_POINT('Ctrl Pts',(-64.408192564042,194.476415053243,-2.));
#4745=CARTESIAN_POINT('Ctrl Pts',(-64.408192564042,194.476415053243,3.));
#4746=CARTESIAN_POINT('Ctrl Pts',(-64.4066205173602,194.484132743745,-2.));
#4747=CARTESIAN_POINT('Ctrl Pts',(-64.4066205173602,194.484132743745,3.));
#4748=CARTESIAN_POINT('Ctrl Pts',(-64.4034954572024,194.499565818419,-2.));
#4749=CARTESIAN_POINT('Ctrl Pts',(-64.4034954572024,194.499565818419,3.));
#4750=CARTESIAN_POINT('Ctrl Pts',(-64.3988649665827,194.522708511436,-2.));
#4751=CARTESIAN_POINT('Ctrl Pts',(-64.3988649665827,194.522708511436,3.));
#4752=CARTESIAN_POINT('Ctrl Pts',(-64.3928052162687,194.553551592901,-2.));
#4753=CARTESIAN_POINT('Ctrl Pts',(-64.3928052162687,194.553551592901,3.));
#4754=CARTESIAN_POINT('Ctrl Pts',(-64.3854211946704,194.592082298409,-2.));
#4755=CARTESIAN_POINT('Ctrl Pts',(-64.3854211946704,194.592082298409,3.));
#4756=CARTESIAN_POINT('Ctrl Pts',(-64.3782282720317,194.630589677942,-2.));
#4757=CARTESIAN_POINT('Ctrl Pts',(-64.3782282720317,194.630589677942,3.));
#4758=CARTESIAN_POINT('Ctrl Pts',(-64.3712270275214,194.669073405885,-2.));
#4759=CARTESIAN_POINT('Ctrl Pts',(-64.3712270275214,194.669073405885,3.));
#4760=CARTESIAN_POINT('Ctrl Pts',(-64.3644181704904,194.707532972143,-2.));
#4761=CARTESIAN_POINT('Ctrl Pts',(-64.3644181704904,194.707532972143,3.));
#4762=CARTESIAN_POINT('Ctrl Pts',(-64.3578025240732,194.745967635209,-2.));
#4763=CARTESIAN_POINT('Ctrl Pts',(-64.3578025240732,194.745967635209,3.));
#4764=CARTESIAN_POINT('Ctrl Pts',(-64.3513809988853,194.784376479046,-2.));
#4765=CARTESIAN_POINT('Ctrl Pts',(-64.3513809988853,194.784376479046,3.));
#4766=CARTESIAN_POINT('Ctrl Pts',(-64.3451545654366,194.822758479447,-2.));
#4767=CARTESIAN_POINT('Ctrl Pts',(-64.3451545654366,194.822758479447,3.));
#4768=CARTESIAN_POINT('Ctrl Pts',(-64.3391242247013,194.861112568766,-2.));
#4769=CARTESIAN_POINT('Ctrl Pts',(-64.3391242247013,194.861112568766,3.));
#4770=CARTESIAN_POINT('Ctrl Pts',(-64.3332909804091,194.899437697452,-2.));
#4771=CARTESIAN_POINT('Ctrl Pts',(-64.3332909804091,194.899437697452,3.));
#4772=CARTESIAN_POINT('Ctrl Pts',(-64.3276558030745,194.937732907577,-2.));
#4773=CARTESIAN_POINT('Ctrl Pts',(-64.3276558030745,194.937732907577,3.));
#4774=CARTESIAN_POINT('Ctrl Pts',(-64.322219647207,194.975997313705,-2.));
#4775=CARTESIAN_POINT('Ctrl Pts',(-64.322219647207,194.975997313705,3.));
#4776=CARTESIAN_POINT('Ctrl Pts',(-64.3169834782601,195.01423006505,-2.));
#4777=CARTESIAN_POINT('Ctrl Pts',(-64.3169834782601,195.01423006505,3.));
#4778=CARTESIAN_POINT('Ctrl Pts',(-64.3119482958159,195.052430313228,-2.));
#4779=CARTESIAN_POINT('Ctrl Pts',(-64.3119482958159,195.052430313228,3.));
#4780=CARTESIAN_POINT('Ctrl Pts',(-64.307115154694,195.09059718051,-2.));
#4781=CARTESIAN_POINT('Ctrl Pts',(-64.307115154694,195.09059718051,3.));
#4782=CARTESIAN_POINT('Ctrl Pts',(-64.3024851912107,195.128729721397,-2.));
#4783=CARTESIAN_POINT('Ctrl Pts',(-64.3024851912107,195.128729721397,3.));
#4784=CARTESIAN_POINT('Ctrl Pts',(-64.2980596094677,195.166826930389,-2.));
#4785=CARTESIAN_POINT('Ctrl Pts',(-64.2980596094677,195.166826930389,3.));
#4786=CARTESIAN_POINT('Ctrl Pts',(-64.2938396552578,195.204887764309,-2.));
#4787=CARTESIAN_POINT('Ctrl Pts',(-64.2938396552578,195.204887764309,3.));
#4788=CARTESIAN_POINT('Ctrl Pts',(-64.2898265905908,195.242911161041,-2.));
#4789=CARTESIAN_POINT('Ctrl Pts',(-64.2898265905908,195.242911161041,3.));
#4790=CARTESIAN_POINT('Ctrl Pts',(-64.2860216713228,195.280896057531,-2.));
#4791=CARTESIAN_POINT('Ctrl Pts',(-64.2860216713228,195.280896057531,3.));
#4792=CARTESIAN_POINT('Ctrl Pts',(-64.2824261096489,195.318841414625,-2.));
#4793=CARTESIAN_POINT('Ctrl Pts',(-64.2824261096489,195.318841414625,3.));
#4794=CARTESIAN_POINT('Ctrl Pts',(-64.2790411091912,195.356746204704,-2.));
#4795=CARTESIAN_POINT('Ctrl Pts',(-64.2790411091912,195.356746204704,3.));
#4796=CARTESIAN_POINT('Ctrl Pts',(-64.2758679276452,195.394609384502,-2.));
#4797=CARTESIAN_POINT('Ctrl Pts',(-64.2758679276452,195.394609384502,3.));
#4798=CARTESIAN_POINT('Ctrl Pts',(-64.2729079335313,195.432429871293,-2.));
#4799=CARTESIAN_POINT('Ctrl Pts',(-64.2729079335313,195.432429871293,3.));
#4800=CARTESIAN_POINT('Ctrl Pts',(-64.2701626541925,195.470206521672,-2.));
#4801=CARTESIAN_POINT('Ctrl Pts',(-64.2701626541925,195.470206521672,3.));
#4802=CARTESIAN_POINT('Ctrl Pts',(-64.2676338507339,195.507938100075,-2.));
#4803=CARTESIAN_POINT('Ctrl Pts',(-64.2676338507339,195.507938100075,3.));
#4804=CARTESIAN_POINT('Ctrl Pts',(-64.265323456421,195.545623299245,-2.));
#4805=CARTESIAN_POINT('Ctrl Pts',(-64.265323456421,195.545623299245,3.));
#4806=CARTESIAN_POINT('Ctrl Pts',(-64.2632334515423,195.583260785105,-2.));
#4807=CARTESIAN_POINT('Ctrl Pts',(-64.2632334515423,195.583260785105,3.));
#4808=CARTESIAN_POINT('Ctrl Pts',(-64.2613657459197,195.620849237977,-2.));
#4809=CARTESIAN_POINT('Ctrl Pts',(-64.2613657459197,195.620849237977,3.));
#4810=CARTESIAN_POINT('Ctrl Pts',(-64.2597220808072,195.658387387338,-2.));
#4811=CARTESIAN_POINT('Ctrl Pts',(-64.2597220808072,195.658387387338,3.));
#4812=CARTESIAN_POINT('Ctrl Pts',(-64.2583038600439,195.695874070608,-2.));
#4813=CARTESIAN_POINT('Ctrl Pts',(-64.2583038600439,195.695874070608,3.));
#4814=CARTESIAN_POINT('Ctrl Pts',(-64.2571123009101,195.733308181836,-2.));
#4815=CARTESIAN_POINT('Ctrl Pts',(-64.2571123009101,195.733308181836,3.));
#4816=CARTESIAN_POINT('Ctrl Pts',(-64.2561487502265,195.770688563289,-2.));
#4817=CARTESIAN_POINT('Ctrl Pts',(-64.2561487502265,195.770688563289,3.));
#4818=CARTESIAN_POINT('Ctrl Pts',(-64.2554149729444,195.808013906509,-2.));
#4819=CARTESIAN_POINT('Ctrl Pts',(-64.2554149729444,195.808013906509,3.));
#4820=CARTESIAN_POINT('Ctrl Pts',(-64.254913395709,195.845282668416,-2.));
#4821=CARTESIAN_POINT('Ctrl Pts',(-64.254913395709,195.845282668416,3.));
#4822=CARTESIAN_POINT('Ctrl Pts',(-64.2546475066479,195.882492934277,-2.));
#4823=CARTESIAN_POINT('Ctrl Pts',(-64.2546475066479,195.882492934277,3.));
#4824=CARTESIAN_POINT('Ctrl Pts',(-64.254621535551,195.919642524955,-2.));
#4825=CARTESIAN_POINT('Ctrl Pts',(-64.254621535551,195.919642524955,3.));
#4826=CARTESIAN_POINT('Ctrl Pts',(-64.2548397470881,195.956729235541,-2.));
#4827=CARTESIAN_POINT('Ctrl Pts',(-64.2548397470881,195.956729235541,3.));
#4828=CARTESIAN_POINT('Ctrl Pts',(-64.255305792174,195.993751054018,-2.));
#4829=CARTESIAN_POINT('Ctrl Pts',(-64.255305792174,195.993751054018,3.));
#4830=CARTESIAN_POINT('Ctrl Pts',(-64.2560221637196,196.030706344547,-2.));
#4831=CARTESIAN_POINT('Ctrl Pts',(-64.2560221637196,196.030706344547,3.));
#4832=CARTESIAN_POINT('Ctrl Pts',(-64.2569892774892,196.067594157482,-2.));
#4833=CARTESIAN_POINT('Ctrl Pts',(-64.2569892774892,196.067594157482,3.));
#4834=CARTESIAN_POINT('Ctrl Pts',(-64.2582062790035,196.104413955154,-2.));
#4835=CARTESIAN_POINT('Ctrl Pts',(-64.2582062790035,196.104413955154,3.));
#4836=CARTESIAN_POINT('Ctrl Pts',(-64.2596727494878,196.141165033228,-2.));
#4837=CARTESIAN_POINT('Ctrl Pts',(-64.2596727494878,196.141165033228,3.));
#4838=CARTESIAN_POINT('Ctrl Pts',(-64.2613902675815,196.177845990865,-2.));
#4839=CARTESIAN_POINT('Ctrl Pts',(-64.2613902675815,196.177845990865,3.));
#4840=CARTESIAN_POINT('Ctrl Pts',(-64.2633637329142,196.21445428117,-2.));
#4841=CARTESIAN_POINT('Ctrl Pts',(-64.2633637329142,196.21445428117,3.));
#4842=CARTESIAN_POINT('Ctrl Pts',(-64.2656035421399,196.250985473548,-2.));
#4843=CARTESIAN_POINT('Ctrl Pts',(-64.2656035421399,196.250985473548,3.));
#4844=CARTESIAN_POINT('Ctrl Pts',(-64.2681236454046,196.287433907768,-2.));
#4845=CARTESIAN_POINT('Ctrl Pts',(-64.2681236454046,196.287433907768,3.));
#4846=CARTESIAN_POINT('Ctrl Pts',(-64.2709376700196,196.323794000831,-2.));
#4847=CARTESIAN_POINT('Ctrl Pts',(-64.2709376700196,196.323794000831,3.));
#4848=CARTESIAN_POINT('Ctrl Pts',(-64.2740553450789,196.360061452273,-2.));
#4849=CARTESIAN_POINT('Ctrl Pts',(-64.2740553450789,196.360061452273,3.));
#4850=CARTESIAN_POINT('Ctrl Pts',(-64.2774794708864,196.396234264827,-2.));
#4851=CARTESIAN_POINT('Ctrl Pts',(-64.2774794708864,196.396234264827,3.));
#4852=CARTESIAN_POINT('Ctrl Pts',(-64.28120093568,196.432314425963,-2.));
#4853=CARTESIAN_POINT('Ctrl Pts',(-64.28120093568,196.432314425963,3.));
#4854=CARTESIAN_POINT('Ctrl Pts',(-64.2852039179599,196.468306141788,-2.));
#4855=CARTESIAN_POINT('Ctrl Pts',(-64.2852039179599,196.468306141788,3.));
#4856=CARTESIAN_POINT('Ctrl Pts',(-64.2894750806188,196.504212719528,-2.));
#4857=CARTESIAN_POINT('Ctrl Pts',(-64.2894750806188,196.504212719528,3.));
#4858=CARTESIAN_POINT('Ctrl Pts',(-64.2940121150718,196.540033670383,-2.));
#4859=CARTESIAN_POINT('Ctrl Pts',(-64.2940121150718,196.540033670383,3.));
#4860=CARTESIAN_POINT('Ctrl Pts',(-64.29883114333,196.57576219777,-2.));
#4861=CARTESIAN_POINT('Ctrl Pts',(-64.29883114333,196.57576219777,3.));
#4862=CARTESIAN_POINT('Ctrl Pts',(-64.3039782686101,196.611381284075,-2.));
#4863=CARTESIAN_POINT('Ctrl Pts',(-64.3039782686101,196.611381284075,3.));
#4864=CARTESIAN_POINT('Ctrl Pts',(-64.3095162530153,196.646868178462,-2.));
#4865=CARTESIAN_POINT('Ctrl Pts',(-64.3095162530153,196.646868178462,3.));
#4866=CARTESIAN_POINT('Ctrl Pts',(-64.3155038053652,196.682201377253,-2.));
#4867=CARTESIAN_POINT('Ctrl Pts',(-64.3155038053652,196.682201377253,3.));
#4868=CARTESIAN_POINT('Ctrl Pts',(-64.3219760900333,196.717367198845,-2.));
#4869=CARTESIAN_POINT('Ctrl Pts',(-64.3219760900333,196.717367198845,3.));
#4870=CARTESIAN_POINT('Ctrl Pts',(-64.3289274797009,196.75236558421,-2.));
#4871=CARTESIAN_POINT('Ctrl Pts',(-64.3289274797009,196.75236558421,3.));
#4872=CARTESIAN_POINT('Ctrl Pts',(-64.3362860499299,196.787218728446,-2.));
#4873=CARTESIAN_POINT('Ctrl Pts',(-64.3362860499299,196.787218728446,3.));
#4874=CARTESIAN_POINT('Ctrl Pts',(-64.3439515731025,196.821957962479,-2.));
#4875=CARTESIAN_POINT('Ctrl Pts',(-64.3439515731025,196.821957962479,3.));
#4876=CARTESIAN_POINT('Ctrl Pts',(-64.351846288954,196.85660626468,-2.));
#4877=CARTESIAN_POINT('Ctrl Pts',(-64.351846288954,196.85660626468,3.));
#4878=CARTESIAN_POINT('Ctrl Pts',(-64.3599627541414,196.891161759191,-2.));
#4879=CARTESIAN_POINT('Ctrl Pts',(-64.3599627541414,196.891161759191,3.));
#4880=CARTESIAN_POINT('Ctrl Pts',(-64.3684096415832,196.925581945912,-2.));
#4881=CARTESIAN_POINT('Ctrl Pts',(-64.3684096415832,196.925581945912,3.));
#4882=CARTESIAN_POINT('Ctrl Pts',(-64.3774675204987,196.959764432549,-2.));
#4883=CARTESIAN_POINT('Ctrl Pts',(-64.3774675204987,196.959764432549,3.));
#4884=CARTESIAN_POINT('Ctrl Pts',(-64.387511870743,196.993574118019,-2.));
#4885=CARTESIAN_POINT('Ctrl Pts',(-64.387511870743,196.993574118019,3.));
#4886=CARTESIAN_POINT('Ctrl Pts',(-64.3966402279476,197.020214980598,-2.));
#4887=CARTESIAN_POINT('Ctrl Pts',(-64.3966402279476,197.020214980598,3.));
#4888=CARTESIAN_POINT('Ctrl Pts',(-64.4042353494494,197.039918936554,-2.));
#4889=CARTESIAN_POINT('Ctrl Pts',(-64.4042353494494,197.039918936554,3.));
#4890=CARTESIAN_POINT('Ctrl Pts',(-64.4096487021627,197.052925845825,-2.));
#4891=CARTESIAN_POINT('Ctrl Pts',(-64.4096487021627,197.052925845825,3.));
#4892=CARTESIAN_POINT('Ctrl Pts',(-64.4124428639482,197.059397034827,-2.));
#4893=CARTESIAN_POINT('Ctrl Pts',(-64.4124428639482,197.059397034827,3.));
#4894=CARTESIAN_POINT('',(-64.4124428639482,197.059397034827,3.));
#4895=CARTESIAN_POINT('',(-64.4124428639482,197.059397034827,-2.));
#4896=CARTESIAN_POINT('Ctrl Pts',(-64.408192564042,194.476415053243,3.));
#4897=CARTESIAN_POINT('Ctrl Pts',(-64.4066205173602,194.484132743745,3.));
#4898=CARTESIAN_POINT('Ctrl Pts',(-64.4034954572024,194.499565818419,3.));
#4899=CARTESIAN_POINT('Ctrl Pts',(-64.3988649665827,194.522708511436,3.));
#4900=CARTESIAN_POINT('Ctrl Pts',(-64.3928052162687,194.553551592901,3.));
#4901=CARTESIAN_POINT('Ctrl Pts',(-64.3854211946704,194.592082298409,3.));
#4902=CARTESIAN_POINT('Ctrl Pts',(-64.3782282720317,194.630589677942,3.));
#4903=CARTESIAN_POINT('Ctrl Pts',(-64.3712270275214,194.669073405885,3.));
#4904=CARTESIAN_POINT('Ctrl Pts',(-64.3644181704904,194.707532972143,3.));
#4905=CARTESIAN_POINT('Ctrl Pts',(-64.3578025240732,194.745967635209,3.));
#4906=CARTESIAN_POINT('Ctrl Pts',(-64.3513809988853,194.784376479046,3.));
#4907=CARTESIAN_POINT('Ctrl Pts',(-64.3451545654366,194.822758479447,3.));
#4908=CARTESIAN_POINT('Ctrl Pts',(-64.3391242247013,194.861112568766,3.));
#4909=CARTESIAN_POINT('Ctrl Pts',(-64.3332909804091,194.899437697452,3.));
#4910=CARTESIAN_POINT('Ctrl Pts',(-64.3276558030745,194.937732907577,3.));
#4911=CARTESIAN_POINT('Ctrl Pts',(-64.322219647207,194.975997313705,3.));
#4912=CARTESIAN_POINT('Ctrl Pts',(-64.3169834782601,195.01423006505,3.));
#4913=CARTESIAN_POINT('Ctrl Pts',(-64.3119482958159,195.052430313228,3.));
#4914=CARTESIAN_POINT('Ctrl Pts',(-64.307115154694,195.09059718051,3.));
#4915=CARTESIAN_POINT('Ctrl Pts',(-64.3024851912107,195.128729721397,3.));
#4916=CARTESIAN_POINT('Ctrl Pts',(-64.2980596094677,195.166826930389,3.));
#4917=CARTESIAN_POINT('Ctrl Pts',(-64.2938396552578,195.204887764309,3.));
#4918=CARTESIAN_POINT('Ctrl Pts',(-64.2898265905908,195.242911161041,3.));
#4919=CARTESIAN_POINT('Ctrl Pts',(-64.2860216713228,195.280896057531,3.));
#4920=CARTESIAN_POINT('Ctrl Pts',(-64.2824261096489,195.318841414625,3.));
#4921=CARTESIAN_POINT('Ctrl Pts',(-64.2790411091912,195.356746204704,3.));
#4922=CARTESIAN_POINT('Ctrl Pts',(-64.2758679276452,195.394609384502,3.));
#4923=CARTESIAN_POINT('Ctrl Pts',(-64.2729079335313,195.432429871293,3.));
#4924=CARTESIAN_POINT('Ctrl Pts',(-64.2701626541925,195.470206521672,3.));
#4925=CARTESIAN_POINT('Ctrl Pts',(-64.2676338507339,195.507938100075,3.));
#4926=CARTESIAN_POINT('Ctrl Pts',(-64.265323456421,195.545623299245,3.));
#4927=CARTESIAN_POINT('Ctrl Pts',(-64.2632334515423,195.583260785105,3.));
#4928=CARTESIAN_POINT('Ctrl Pts',(-64.2613657459197,195.620849237977,3.));
#4929=CARTESIAN_POINT('Ctrl Pts',(-64.2597220808072,195.658387387338,3.));
#4930=CARTESIAN_POINT('Ctrl Pts',(-64.2583038600439,195.695874070608,3.));
#4931=CARTESIAN_POINT('Ctrl Pts',(-64.2571123009101,195.733308181836,3.));
#4932=CARTESIAN_POINT('Ctrl Pts',(-64.2561487502265,195.770688563289,3.));
#4933=CARTESIAN_POINT('Ctrl Pts',(-64.2554149729444,195.808013906509,3.));
#4934=CARTESIAN_POINT('Ctrl Pts',(-64.254913395709,195.845282668416,3.));
#4935=CARTESIAN_POINT('Ctrl Pts',(-64.2546475066479,195.882492934277,3.));
#4936=CARTESIAN_POINT('Ctrl Pts',(-64.254621535551,195.919642524955,3.));
#4937=CARTESIAN_POINT('Ctrl Pts',(-64.2548397470881,195.956729235541,3.));
#4938=CARTESIAN_POINT('Ctrl Pts',(-64.255305792174,195.993751054018,3.));
#4939=CARTESIAN_POINT('Ctrl Pts',(-64.2560221637196,196.030706344547,3.));
#4940=CARTESIAN_POINT('Ctrl Pts',(-64.2569892774892,196.067594157482,3.));
#4941=CARTESIAN_POINT('Ctrl Pts',(-64.2582062790035,196.104413955154,3.));
#4942=CARTESIAN_POINT('Ctrl Pts',(-64.2596727494878,196.141165033228,3.));
#4943=CARTESIAN_POINT('Ctrl Pts',(-64.2613902675815,196.177845990865,3.));
#4944=CARTESIAN_POINT('Ctrl Pts',(-64.2633637329142,196.21445428117,3.));
#4945=CARTESIAN_POINT('Ctrl Pts',(-64.2656035421399,196.250985473548,3.));
#4946=CARTESIAN_POINT('Ctrl Pts',(-64.2681236454046,196.287433907768,3.));
#4947=CARTESIAN_POINT('Ctrl Pts',(-64.2709376700196,196.323794000831,3.));
#4948=CARTESIAN_POINT('Ctrl Pts',(-64.2740553450789,196.360061452273,3.));
#4949=CARTESIAN_POINT('Ctrl Pts',(-64.2774794708864,196.396234264827,3.));
#4950=CARTESIAN_POINT('Ctrl Pts',(-64.28120093568,196.432314425963,3.));
#4951=CARTESIAN_POINT('Ctrl Pts',(-64.2852039179599,196.468306141788,3.));
#4952=CARTESIAN_POINT('Ctrl Pts',(-64.2894750806188,196.504212719528,3.));
#4953=CARTESIAN_POINT('Ctrl Pts',(-64.2940121150718,196.540033670383,3.));
#4954=CARTESIAN_POINT('Ctrl Pts',(-64.29883114333,196.57576219777,3.));
#4955=CARTESIAN_POINT('Ctrl Pts',(-64.3039782686101,196.611381284075,3.));
#4956=CARTESIAN_POINT('Ctrl Pts',(-64.3095162530153,196.646868178462,3.));
#4957=CARTESIAN_POINT('Ctrl Pts',(-64.3155038053652,196.682201377253,3.));
#4958=CARTESIAN_POINT('Ctrl Pts',(-64.3219760900333,196.717367198845,3.));
#4959=CARTESIAN_POINT('Ctrl Pts',(-64.3289274797009,196.75236558421,3.));
#4960=CARTESIAN_POINT('Ctrl Pts',(-64.3362860499299,196.787218728446,3.));
#4961=CARTESIAN_POINT('Ctrl Pts',(-64.3439515731025,196.821957962479,3.));
#4962=CARTESIAN_POINT('Ctrl Pts',(-64.351846288954,196.85660626468,3.));
#4963=CARTESIAN_POINT('Ctrl Pts',(-64.3599627541414,196.891161759191,3.));
#4964=CARTESIAN_POINT('Ctrl Pts',(-64.3684096415832,196.925581945912,3.));
#4965=CARTESIAN_POINT('Ctrl Pts',(-64.3774675204987,196.959764432549,3.));
#4966=CARTESIAN_POINT('Ctrl Pts',(-64.387511870743,196.993574118019,3.));
#4967=CARTESIAN_POINT('Ctrl Pts',(-64.3966402279476,197.020214980598,3.));
#4968=CARTESIAN_POINT('Ctrl Pts',(-64.4042353494494,197.039918936554,3.));
#4969=CARTESIAN_POINT('Ctrl Pts',(-64.4096487021627,197.052925845825,3.));
#4970=CARTESIAN_POINT('Ctrl Pts',(-64.4124428639482,197.059397034827,3.));
#4971=CARTESIAN_POINT('Origin',(-64.4124428639482,197.059397034827,-2.));
#4972=CARTESIAN_POINT('',(-64.5952059776314,197.482670539377,3.));
#4973=CARTESIAN_POINT('',(-64.5952059776314,197.482670539377,-2.));
#4974=CARTESIAN_POINT('',(-64.7457800262488,197.831395202513,3.));
#4975=CARTESIAN_POINT('Origin',(-64.250928426682,197.631324392043,-2.));
#4976=CARTESIAN_POINT('',(-64.4089915404321,197.971384757378,3.));
#4977=CARTESIAN_POINT('',(-64.4089915404321,197.971384757378,-2.));
#4978=CARTESIAN_POINT('Origin',(-64.250928426682,197.631324392043,3.));
#4979=CARTESIAN_POINT('Origin',(-70.,210.,-2.));
#4980=CARTESIAN_POINT('',(-63.5549581678977,198.406536495402,3.));
#4981=CARTESIAN_POINT('',(-63.5549581678977,198.406536495402,-2.));
#4982=CARTESIAN_POINT('Origin',(-70.,210.,3.));
#4983=CARTESIAN_POINT('Origin',(-63.3727507204222,198.078778282561,-2.));
#4984=CARTESIAN_POINT('',(-63.050125960193,198.269928129768,3.));
#4985=CARTESIAN_POINT('',(-63.050125960193,198.269928129768,-2.));
#4986=CARTESIAN_POINT('Origin',(-63.3727507204222,198.078778282561,3.));
#4987=CARTESIAN_POINT('Origin',(-63.2437449338716,198.596720308112,-2.));
#4988=CARTESIAN_POINT('',(-62.8151159646291,197.873275741192,3.));
#4989=CARTESIAN_POINT('',(-62.8151159646291,197.873275741192,-2.));
#4990=CARTESIAN_POINT('',(-63.2437449338716,198.596720308112,3.));
#4991=CARTESIAN_POINT('Ctrl Pts',(-62.8151159646291,197.873275741192,-2.));
#4992=CARTESIAN_POINT('Ctrl Pts',(-62.8151159646291,197.873275741192,3.));
#4993=CARTESIAN_POINT('Ctrl Pts',(-62.8115230298427,197.867211547363,-2.));
#4994=CARTESIAN_POINT('Ctrl Pts',(-62.8115230298427,197.867211547363,3.));
#4995=CARTESIAN_POINT('Ctrl Pts',(-62.8041821080883,197.855186783573,-2.));
#4996=CARTESIAN_POINT('Ctrl Pts',(-62.8041821080883,197.855186783573,3.));
#4997=CARTESIAN_POINT('Ctrl Pts',(-62.7927055732715,197.837460506481,-2.));
#4998=CARTESIAN_POINT('Ctrl Pts',(-62.7927055732715,197.837460506481,3.));
#4999=CARTESIAN_POINT('Ctrl Pts',(-62.7765181764429,197.81441640424,-2.));
#5000=CARTESIAN_POINT('Ctrl Pts',(-62.7765181764429,197.81441640424,3.));
#5001=CARTESIAN_POINT('Ctrl Pts',(-62.755069487266,197.786417519691,-2.));
#5002=CARTESIAN_POINT('Ctrl Pts',(-62.755069487266,197.786417519691,3.));
#5003=CARTESIAN_POINT('Ctrl Pts',(-62.7327393623103,197.758997580184,-2.));
#5004=CARTESIAN_POINT('Ctrl Pts',(-62.7327393623103,197.758997580184,3.));
#5005=CARTESIAN_POINT('Ctrl Pts',(-62.709857802169,197.731932226557,-2.));
#5006=CARTESIAN_POINT('Ctrl Pts',(-62.709857802169,197.731932226557,3.));
#5007=CARTESIAN_POINT('Ctrl Pts',(-62.686672558399,197.705054658228,-2.));
#5008=CARTESIAN_POINT('Ctrl Pts',(-62.686672558399,197.705054658228,3.));
#5009=CARTESIAN_POINT('Ctrl Pts',(-62.6632818906403,197.678301937887,-2.));
#5010=CARTESIAN_POINT('Ctrl Pts',(-62.6632818906403,197.678301937887,3.));
#5011=CARTESIAN_POINT('Ctrl Pts',(-62.6396829414083,197.651681189929,-2.));
#5012=CARTESIAN_POINT('Ctrl Pts',(-62.6396829414083,197.651681189929,3.));
#5013=CARTESIAN_POINT('Ctrl Pts',(-62.6158114144726,197.625241817382,-2.));
#5014=CARTESIAN_POINT('Ctrl Pts',(-62.6158114144726,197.625241817382,3.));
#5015=CARTESIAN_POINT('Ctrl Pts',(-62.5915830502663,197.599046490235,-2.));
#5016=CARTESIAN_POINT('Ctrl Pts',(-62.5915830502663,197.599046490235,3.));
#5017=CARTESIAN_POINT('Ctrl Pts',(-62.566937616453,197.573140350629,-2.));
#5018=CARTESIAN_POINT('Ctrl Pts',(-62.566937616453,197.573140350629,3.));
#5019=CARTESIAN_POINT('Ctrl Pts',(-62.5418718531343,197.547527985857,-2.));
#5020=CARTESIAN_POINT('Ctrl Pts',(-62.5418718531343,197.547527985857,3.));
#5021=CARTESIAN_POINT('Ctrl Pts',(-62.5164174980585,197.522188989189,-2.));
#5022=CARTESIAN_POINT('Ctrl Pts',(-62.5164174980585,197.522188989189,3.));
#5023=CARTESIAN_POINT('Ctrl Pts',(-62.4906264562455,197.497088503735,-2.));
#5024=CARTESIAN_POINT('Ctrl Pts',(-62.4906264562455,197.497088503735,3.));
#5025=CARTESIAN_POINT('Ctrl Pts',(-62.4645540241457,197.472189126493,-2.));
#5026=CARTESIAN_POINT('Ctrl Pts',(-62.4645540241457,197.472189126493,3.));
#5027=CARTESIAN_POINT('Ctrl Pts',(-62.4382410680902,197.447463561881,-2.));
#5028=CARTESIAN_POINT('Ctrl Pts',(-62.4382410680902,197.447463561881,3.));
#5029=CARTESIAN_POINT('Ctrl Pts',(-62.4117025629094,197.422902761849,-2.));
#5030=CARTESIAN_POINT('Ctrl Pts',(-62.4117025629094,197.422902761849,3.));
#5031=CARTESIAN_POINT('Ctrl Pts',(-62.3849375470995,197.398508881389,-2.));
#5032=CARTESIAN_POINT('Ctrl Pts',(-62.3849375470995,197.398508881389,3.));
#5033=CARTESIAN_POINT('Ctrl Pts',(-62.3579355057032,197.374290766511,-2.));
#5034=CARTESIAN_POINT('Ctrl Pts',(-62.3579355057032,197.374290766511,3.));
#5035=CARTESIAN_POINT('Ctrl Pts',(-62.3306837362643,197.350258744789,-2.));
#5036=CARTESIAN_POINT('Ctrl Pts',(-62.3306837362643,197.350258744789,3.));
#5037=CARTESIAN_POINT('Ctrl Pts',(-62.3031752751262,197.326419019587,-2.));
#5038=CARTESIAN_POINT('Ctrl Pts',(-62.3031752751262,197.326419019587,3.));
#5039=CARTESIAN_POINT('Ctrl Pts',(-62.2754133840899,197.302770499377,-2.));
#5040=CARTESIAN_POINT('Ctrl Pts',(-62.2754133840899,197.302770499377,3.));
#5041=CARTESIAN_POINT('Ctrl Pts',(-62.2474072609203,197.279307840904,-2.));
#5042=CARTESIAN_POINT('Ctrl Pts',(-62.2474072609203,197.279307840904,3.));
#5043=CARTESIAN_POINT('Ctrl Pts',(-62.2191694322928,197.256023301048,-2.));
#5044=CARTESIAN_POINT('Ctrl Pts',(-62.2191694322928,197.256023301048,3.));
#5045=CARTESIAN_POINT('Ctrl Pts',(-62.1907126771199,197.232908920903,-2.));
#5046=CARTESIAN_POINT('Ctrl Pts',(-62.1907126771199,197.232908920903,3.));
#5047=CARTESIAN_POINT('Ctrl Pts',(-62.1620466908275,197.209958893638,-2.));
#5048=CARTESIAN_POINT('Ctrl Pts',(-62.1620466908275,197.209958893638,3.));
#5049=CARTESIAN_POINT('Ctrl Pts',(-62.1331764138278,197.187170752397,-2.));
#5050=CARTESIAN_POINT('Ctrl Pts',(-62.1331764138278,197.187170752397,3.));
#5051=CARTESIAN_POINT('Ctrl Pts',(-62.1041039073237,197.164544043426,-2.));
#5052=CARTESIAN_POINT('Ctrl Pts',(-62.1041039073237,197.164544043426,3.));
#5053=CARTESIAN_POINT('Ctrl Pts',(-62.0748294949845,197.142079519518,-2.));
#5054=CARTESIAN_POINT('Ctrl Pts',(-62.0748294949845,197.142079519518,3.));
#5055=CARTESIAN_POINT('Ctrl Pts',(-62.0453531095445,197.119778187996,-2.));
#5056=CARTESIAN_POINT('Ctrl Pts',(-62.0453531095445,197.119778187996,3.));
#5057=CARTESIAN_POINT('Ctrl Pts',(-62.0156757636624,197.097640270688,-2.));
#5058=CARTESIAN_POINT('Ctrl Pts',(-62.0156757636624,197.097640270688,3.));
#5059=CARTESIAN_POINT('Ctrl Pts',(-61.985800246056,197.075664712307,-2.));
#5060=CARTESIAN_POINT('Ctrl Pts',(-61.985800246056,197.075664712307,3.));
#5061=CARTESIAN_POINT('Ctrl Pts',(-61.9557303304359,197.053849741837,-2.));
#5062=CARTESIAN_POINT('Ctrl Pts',(-61.9557303304359,197.053849741837,3.));
#5063=CARTESIAN_POINT('Ctrl Pts',(-61.9254703073206,197.032193205099,-2.));
#5064=CARTESIAN_POINT('Ctrl Pts',(-61.9254703073206,197.032193205099,3.));
#5065=CARTESIAN_POINT('Ctrl Pts',(-61.8950244258764,197.010692960986,-2.));
#5066=CARTESIAN_POINT('Ctrl Pts',(-61.8950244258764,197.010692960986,3.));
#5067=CARTESIAN_POINT('Ctrl Pts',(-61.8643962854259,196.989347312996,-2.));
#5068=CARTESIAN_POINT('Ctrl Pts',(-61.8643962854259,196.989347312996,3.));
#5069=CARTESIAN_POINT('Ctrl Pts',(-61.8335885606919,196.968155204931,-2.));
#5070=CARTESIAN_POINT('Ctrl Pts',(-61.8335885606919,196.968155204931,3.));
#5071=CARTESIAN_POINT('Ctrl Pts',(-61.8026033476532,196.947115978007,-2.));
#5072=CARTESIAN_POINT('Ctrl Pts',(-61.8026033476532,196.947115978007,3.));
#5073=CARTESIAN_POINT('Ctrl Pts',(-61.7714423745764,196.926229223124,-2.));
#5074=CARTESIAN_POINT('Ctrl Pts',(-61.7714423745764,196.926229223124,3.));
#5075=CARTESIAN_POINT('Ctrl Pts',(-61.740107251693,196.90549460554,-2.));
#5076=CARTESIAN_POINT('Ctrl Pts',(-61.740107251693,196.90549460554,3.));
#5077=CARTESIAN_POINT('Ctrl Pts',(-61.7085997447065,196.884911672874,-2.));
#5078=CARTESIAN_POINT('Ctrl Pts',(-61.7085997447065,196.884911672874,3.));
#5079=CARTESIAN_POINT('Ctrl Pts',(-61.6769219049754,196.864479763218,-2.));
#5080=CARTESIAN_POINT('Ctrl Pts',(-61.6769219049754,196.864479763218,3.));
#5081=CARTESIAN_POINT('Ctrl Pts',(-61.6450759227058,196.844198107178,-2.));
#5082=CARTESIAN_POINT('Ctrl Pts',(-61.6450759227058,196.844198107178,3.));
#5083=CARTESIAN_POINT('Ctrl Pts',(-61.6130640411744,196.824065886821,-2.));
#5084=CARTESIAN_POINT('Ctrl Pts',(-61.6130640411744,196.824065886821,3.));
#5085=CARTESIAN_POINT('Ctrl Pts',(-61.5808884543188,196.804082306487,-2.));
#5086=CARTESIAN_POINT('Ctrl Pts',(-61.5808884543188,196.804082306487,3.));
#5087=CARTESIAN_POINT('Ctrl Pts',(-61.5485511968823,196.784246667658,-2.));
#5088=CARTESIAN_POINT('Ctrl Pts',(-61.5485511968823,196.784246667658,3.));
#5089=CARTESIAN_POINT('Ctrl Pts',(-61.5160540916492,196.764558406765,-2.));
#5090=CARTESIAN_POINT('Ctrl Pts',(-61.5160540916492,196.764558406765,3.));
#5091=CARTESIAN_POINT('Ctrl Pts',(-61.4833988189588,196.745017053061,-2.));
#5092=CARTESIAN_POINT('Ctrl Pts',(-61.4833988189588,196.745017053061,3.));
#5093=CARTESIAN_POINT('Ctrl Pts',(-61.4505869620869,196.725622202267,-2.));
#5094=CARTESIAN_POINT('Ctrl Pts',(-61.4505869620869,196.725622202267,3.));
#5095=CARTESIAN_POINT('Ctrl Pts',(-61.4176200598643,196.70637348465,-2.));
#5096=CARTESIAN_POINT('Ctrl Pts',(-61.4176200598643,196.70637348465,3.));
#5097=CARTESIAN_POINT('Ctrl Pts',(-61.3844996654973,196.687270530324,-2.));
#5098=CARTESIAN_POINT('Ctrl Pts',(-61.3844996654973,196.687270530324,3.));
#5099=CARTESIAN_POINT('Ctrl Pts',(-61.3512273771856,196.668312948127,-2.));
#5100=CARTESIAN_POINT('Ctrl Pts',(-61.3512273771856,196.668312948127,3.));
#5101=CARTESIAN_POINT('Ctrl Pts',(-61.3178047959912,196.649500341368,-2.));
#5102=CARTESIAN_POINT('Ctrl Pts',(-61.3178047959912,196.649500341368,3.));
#5103=CARTESIAN_POINT('Ctrl Pts',(-61.2842334981214,196.630832315344,-2.));
#5104=CARTESIAN_POINT('Ctrl Pts',(-61.2842334981214,196.630832315344,3.));
#5105=CARTESIAN_POINT('Ctrl Pts',(-61.2505150047939,196.612308486933,-2.));
#5106=CARTESIAN_POINT('Ctrl Pts',(-61.2505150047939,196.612308486933,3.));
#5107=CARTESIAN_POINT('Ctrl Pts',(-61.2166507488451,196.593928492587,-2.));
#5108=CARTESIAN_POINT('Ctrl Pts',(-61.2166507488451,196.593928492587,3.));
#5109=CARTESIAN_POINT('Ctrl Pts',(-61.1826420603801,196.575691994856,-2.));
#5110=CARTESIAN_POINT('Ctrl Pts',(-61.1826420603801,196.575691994856,3.));
#5111=CARTESIAN_POINT('Ctrl Pts',(-61.1484902132952,196.557598683727,-2.));
#5112=CARTESIAN_POINT('Ctrl Pts',(-61.1484902132952,196.557598683727,3.));
#5113=CARTESIAN_POINT('Ctrl Pts',(-61.1141964633691,196.539648278212,-2.));
#5114=CARTESIAN_POINT('Ctrl Pts',(-61.1141964633691,196.539648278212,3.));
#5115=CARTESIAN_POINT('Ctrl Pts',(-61.0797620879829,196.521840526543,-2.));
#5116=CARTESIAN_POINT('Ctrl Pts',(-61.0797620879829,196.521840526543,3.));
#5117=CARTESIAN_POINT('Ctrl Pts',(-61.0451884325698,196.504175206613,-2.));
#5118=CARTESIAN_POINT('Ctrl Pts',(-61.0451884325698,196.504175206613,3.));
#5119=CARTESIAN_POINT('Ctrl Pts',(-61.0104769362114,196.486652123298,-2.));
#5120=CARTESIAN_POINT('Ctrl Pts',(-61.0104769362114,196.486652123298,3.));
#5121=CARTESIAN_POINT('Ctrl Pts',(-60.9756290510102,196.46927109434,-2.));
#5122=CARTESIAN_POINT('Ctrl Pts',(-60.9756290510102,196.46927109434,3.));
#5123=CARTESIAN_POINT('Ctrl Pts',(-60.9406461760185,196.452031936593,-2.));
#5124=CARTESIAN_POINT('Ctrl Pts',(-60.9406461760185,196.452031936593,3.));
#5125=CARTESIAN_POINT('Ctrl Pts',(-60.9055295875715,196.434934451787,-2.));
#5126=CARTESIAN_POINT('Ctrl Pts',(-60.9055295875715,196.434934451787,3.));
#5127=CARTESIAN_POINT('Ctrl Pts',(-60.870280369388,196.41797840984,-2.));
#5128=CARTESIAN_POINT('Ctrl Pts',(-60.870280369388,196.41797840984,3.));
#5129=CARTESIAN_POINT('Ctrl Pts',(-60.8348993510887,196.401163536699,-2.));
#5130=CARTESIAN_POINT('Ctrl Pts',(-60.8348993510887,196.401163536699,3.));
#5131=CARTESIAN_POINT('Ctrl Pts',(-60.79938713653,196.384489555202,-2.));
#5132=CARTESIAN_POINT('Ctrl Pts',(-60.79938713653,196.384489555202,3.));
#5133=CARTESIAN_POINT('Ctrl Pts',(-60.7708727275986,196.371262887767,-2.));
#5134=CARTESIAN_POINT('Ctrl Pts',(-60.7708727275986,196.371262887767,3.));
#5135=CARTESIAN_POINT('Ctrl Pts',(-60.7494281615549,196.361406099717,-2.));
#5136=CARTESIAN_POINT('Ctrl Pts',(-60.7494281615549,196.361406099717,3.));
#5137=CARTESIAN_POINT('Ctrl Pts',(-60.7351056775952,196.354862992802,-2.));
#5138=CARTESIAN_POINT('Ctrl Pts',(-60.7351056775952,196.354862992802,3.));
#5139=CARTESIAN_POINT('Ctrl Pts',(-60.7279379089664,196.351598460625,-2.));
#5140=CARTESIAN_POINT('Ctrl Pts',(-60.7279379089664,196.351598460625,3.));
#5141=CARTESIAN_POINT('',(-60.7279379089664,196.351598460625,3.));
#5142=CARTESIAN_POINT('',(-60.7279379089664,196.351598460625,-2.));
#5143=CARTESIAN_POINT('Ctrl Pts',(-62.8151159646291,197.873275741192,3.));
#5144=CARTESIAN_POINT('Ctrl Pts',(-62.8115230298427,197.867211547363,3.));
#5145=CARTESIAN_POINT('Ctrl Pts',(-62.8041821080883,197.855186783573,3.));
#5146=CARTESIAN_POINT('Ctrl Pts',(-62.7927055732715,197.837460506481,3.));
#5147=CARTESIAN_POINT('Ctrl Pts',(-62.7765181764429,197.81441640424,3.));
#5148=CARTESIAN_POINT('Ctrl Pts',(-62.755069487266,197.786417519691,3.));
#5149=CARTESIAN_POINT('Ctrl Pts',(-62.7327393623103,197.758997580184,3.));
#5150=CARTESIAN_POINT('Ctrl Pts',(-62.709857802169,197.731932226557,3.));
#5151=CARTESIAN_POINT('Ctrl Pts',(-62.686672558399,197.705054658228,3.));
#5152=CARTESIAN_POINT('Ctrl Pts',(-62.6632818906403,197.678301937887,3.));
#5153=CARTESIAN_POINT('Ctrl Pts',(-62.6396829414083,197.651681189929,3.));
#5154=CARTESIAN_POINT('Ctrl Pts',(-62.6158114144726,197.625241817382,3.));
#5155=CARTESIAN_POINT('Ctrl Pts',(-62.5915830502663,197.599046490235,3.));
#5156=CARTESIAN_POINT('Ctrl Pts',(-62.566937616453,197.573140350629,3.));
#5157=CARTESIAN_POINT('Ctrl Pts',(-62.5418718531343,197.547527985857,3.));
#5158=CARTESIAN_POINT('Ctrl Pts',(-62.5164174980585,197.522188989189,3.));
#5159=CARTESIAN_POINT('Ctrl Pts',(-62.4906264562455,197.497088503735,3.));
#5160=CARTESIAN_POINT('Ctrl Pts',(-62.4645540241457,197.472189126493,3.));
#5161=CARTESIAN_POINT('Ctrl Pts',(-62.4382410680902,197.447463561881,3.));
#5162=CARTESIAN_POINT('Ctrl Pts',(-62.4117025629094,197.422902761849,3.));
#5163=CARTESIAN_POINT('Ctrl Pts',(-62.3849375470995,197.398508881389,3.));
#5164=CARTESIAN_POINT('Ctrl Pts',(-62.3579355057032,197.374290766511,3.));
#5165=CARTESIAN_POINT('Ctrl Pts',(-62.3306837362643,197.350258744789,3.));
#5166=CARTESIAN_POINT('Ctrl Pts',(-62.3031752751262,197.326419019587,3.));
#5167=CARTESIAN_POINT('Ctrl Pts',(-62.2754133840899,197.302770499377,3.));
#5168=CARTESIAN_POINT('Ctrl Pts',(-62.2474072609203,197.279307840904,3.));
#5169=CARTESIAN_POINT('Ctrl Pts',(-62.2191694322928,197.256023301048,3.));
#5170=CARTESIAN_POINT('Ctrl Pts',(-62.1907126771199,197.232908920903,3.));
#5171=CARTESIAN_POINT('Ctrl Pts',(-62.1620466908275,197.209958893638,3.));
#5172=CARTESIAN_POINT('Ctrl Pts',(-62.1331764138278,197.187170752397,3.));
#5173=CARTESIAN_POINT('Ctrl Pts',(-62.1041039073237,197.164544043426,3.));
#5174=CARTESIAN_POINT('Ctrl Pts',(-62.0748294949845,197.142079519518,3.));
#5175=CARTESIAN_POINT('Ctrl Pts',(-62.0453531095445,197.119778187996,3.));
#5176=CARTESIAN_POINT('Ctrl Pts',(-62.0156757636624,197.097640270688,3.));
#5177=CARTESIAN_POINT('Ctrl Pts',(-61.985800246056,197.075664712307,3.));
#5178=CARTESIAN_POINT('Ctrl Pts',(-61.9557303304359,197.053849741837,3.));
#5179=CARTESIAN_POINT('Ctrl Pts',(-61.9254703073206,197.032193205099,3.));
#5180=CARTESIAN_POINT('Ctrl Pts',(-61.8950244258764,197.010692960986,3.));
#5181=CARTESIAN_POINT('Ctrl Pts',(-61.8643962854259,196.989347312996,3.));
#5182=CARTESIAN_POINT('Ctrl Pts',(-61.8335885606919,196.968155204931,3.));
#5183=CARTESIAN_POINT('Ctrl Pts',(-61.8026033476532,196.947115978007,3.));
#5184=CARTESIAN_POINT('Ctrl Pts',(-61.7714423745764,196.926229223124,3.));
#5185=CARTESIAN_POINT('Ctrl Pts',(-61.740107251693,196.90549460554,3.));
#5186=CARTESIAN_POINT('Ctrl Pts',(-61.7085997447065,196.884911672874,3.));
#5187=CARTESIAN_POINT('Ctrl Pts',(-61.6769219049754,196.864479763218,3.));
#5188=CARTESIAN_POINT('Ctrl Pts',(-61.6450759227058,196.844198107178,3.));
#5189=CARTESIAN_POINT('Ctrl Pts',(-61.6130640411744,196.824065886821,3.));
#5190=CARTESIAN_POINT('Ctrl Pts',(-61.5808884543188,196.804082306487,3.));
#5191=CARTESIAN_POINT('Ctrl Pts',(-61.5485511968823,196.784246667658,3.));
#5192=CARTESIAN_POINT('Ctrl Pts',(-61.5160540916492,196.764558406765,3.));
#5193=CARTESIAN_POINT('Ctrl Pts',(-61.4833988189588,196.745017053061,3.));
#5194=CARTESIAN_POINT('Ctrl Pts',(-61.4505869620869,196.725622202267,3.));
#5195=CARTESIAN_POINT('Ctrl Pts',(-61.4176200598643,196.70637348465,3.));
#5196=CARTESIAN_POINT('Ctrl Pts',(-61.3844996654973,196.687270530324,3.));
#5197=CARTESIAN_POINT('Ctrl Pts',(-61.3512273771856,196.668312948127,3.));
#5198=CARTESIAN_POINT('Ctrl Pts',(-61.3178047959912,196.649500341368,3.));
#5199=CARTESIAN_POINT('Ctrl Pts',(-61.2842334981214,196.630832315344,3.));
#5200=CARTESIAN_POINT('Ctrl Pts',(-61.2505150047939,196.612308486933,3.));
#5201=CARTESIAN_POINT('Ctrl Pts',(-61.2166507488451,196.593928492587,3.));
#5202=CARTESIAN_POINT('Ctrl Pts',(-61.1826420603801,196.575691994856,3.));
#5203=CARTESIAN_POINT('Ctrl Pts',(-61.1484902132952,196.557598683727,3.));
#5204=CARTESIAN_POINT('Ctrl Pts',(-61.1141964633691,196.539648278212,3.));
#5205=CARTESIAN_POINT('Ctrl Pts',(-61.0797620879829,196.521840526543,3.));
#5206=CARTESIAN_POINT('Ctrl Pts',(-61.0451884325698,196.504175206613,3.));
#5207=CARTESIAN_POINT('Ctrl Pts',(-61.0104769362114,196.486652123298,3.));
#5208=CARTESIAN_POINT('Ctrl Pts',(-60.9756290510102,196.46927109434,3.));
#5209=CARTESIAN_POINT('Ctrl Pts',(-60.9406461760185,196.452031936593,3.));
#5210=CARTESIAN_POINT('Ctrl Pts',(-60.9055295875715,196.434934451787,3.));
#5211=CARTESIAN_POINT('Ctrl Pts',(-60.870280369388,196.41797840984,3.));
#5212=CARTESIAN_POINT('Ctrl Pts',(-60.8348993510887,196.401163536699,3.));
#5213=CARTESIAN_POINT('Ctrl Pts',(-60.79938713653,196.384489555202,3.));
#5214=CARTESIAN_POINT('Ctrl Pts',(-60.7708727275986,196.371262887767,3.));
#5215=CARTESIAN_POINT('Ctrl Pts',(-60.7494281615549,196.361406099717,3.));
#5216=CARTESIAN_POINT('Ctrl Pts',(-60.7351056775952,196.354862992802,3.));
#5217=CARTESIAN_POINT('Ctrl Pts',(-60.7279379089664,196.351598460625,3.));
#5218=CARTESIAN_POINT('Origin',(-70.0000000000014,210.000000000002,-2.));
#5219=CARTESIAN_POINT('',(-59.8848235379936,196.964156907109,3.));
#5220=CARTESIAN_POINT('',(-59.8848235379936,196.964156907109,-2.));
#5221=CARTESIAN_POINT('Origin',(-70.0000000000014,210.000000000002,3.));
#5222=CARTESIAN_POINT('Ctrl Pts',(-59.8848235379936,196.964156907109,-2.));
#5223=CARTESIAN_POINT('Ctrl Pts',(-59.8848235379936,196.964156907109,3.));
#5224=CARTESIAN_POINT('Ctrl Pts',(-59.8857133302754,196.971982656092,-2.));
#5225=CARTESIAN_POINT('Ctrl Pts',(-59.8857133302754,196.971982656092,3.));
#5226=CARTESIAN_POINT('Ctrl Pts',(-59.8875103037981,196.987626079024,-2.));
#5227=CARTESIAN_POINT('Ctrl Pts',(-59.8875103037981,196.987626079024,3.));
#5228=CARTESIAN_POINT('Ctrl Pts',(-59.8902579309585,197.011066988317,-2.));
#5229=CARTESIAN_POINT('Ctrl Pts',(-59.8902579309585,197.011066988317,3.));
#5230=CARTESIAN_POINT('Ctrl Pts',(-59.8940258022669,197.042273067756,-2.));
#5231=CARTESIAN_POINT('Ctrl Pts',(-59.8940258022669,197.042273067756,3.));
#5232=CARTESIAN_POINT('Ctrl Pts',(-59.8989098232164,197.081199734466,-2.));
#5233=CARTESIAN_POINT('Ctrl Pts',(-59.8989098232164,197.081199734466,3.));
#5234=CARTESIAN_POINT('Ctrl Pts',(-59.9039683819543,197.120045164032,-2.));
#5235=CARTESIAN_POINT('Ctrl Pts',(-59.9039683819543,197.120045164032,3.));
#5236=CARTESIAN_POINT('Ctrl Pts',(-59.9092019286819,197.158808867799,-2.));
#5237=CARTESIAN_POINT('Ctrl Pts',(-59.9092019286819,197.158808867799,3.));
#5238=CARTESIAN_POINT('Ctrl Pts',(-59.914610980404,197.197490141437,-2.));
#5239=CARTESIAN_POINT('Ctrl Pts',(-59.914610980404,197.197490141437,3.));
#5240=CARTESIAN_POINT('Ctrl Pts',(-59.9201960908299,197.236088025369,-2.));
#5241=CARTESIAN_POINT('Ctrl Pts',(-59.9201960908299,197.236088025369,3.));
#5242=CARTESIAN_POINT('Ctrl Pts',(-59.9259578429353,197.274601366997,-2.));
#5243=CARTESIAN_POINT('Ctrl Pts',(-59.9259578429353,197.274601366997,3.));
#5244=CARTESIAN_POINT('Ctrl Pts',(-59.9318968432328,197.313028892337,-2.));
#5245=CARTESIAN_POINT('Ctrl Pts',(-59.9318968432328,197.313028892337,3.));
#5246=CARTESIAN_POINT('Ctrl Pts',(-59.9380137137843,197.351369276679,-2.));
#5247=CARTESIAN_POINT('Ctrl Pts',(-59.9380137137843,197.351369276679,3.));
#5248=CARTESIAN_POINT('Ctrl Pts',(-59.9443090848644,197.389621211672,-2.));
#5249=CARTESIAN_POINT('Ctrl Pts',(-59.9443090848644,197.389621211672,3.));
#5250=CARTESIAN_POINT('Ctrl Pts',(-59.9507835834719,197.427783486368,-2.));
#5251=CARTESIAN_POINT('Ctrl Pts',(-59.9507835834719,197.427783486368,3.));
#5252=CARTESIAN_POINT('Ctrl Pts',(-59.9574378437836,197.465854963704,-2.));
#5253=CARTESIAN_POINT('Ctrl Pts',(-59.9574378437836,197.465854963704,3.));
#5254=CARTESIAN_POINT('Ctrl Pts',(-59.9642725210934,197.503834536197,-2.));
#5255=CARTESIAN_POINT('Ctrl Pts',(-59.9642725210934,197.503834536197,3.));
#5256=CARTESIAN_POINT('Ctrl Pts',(-59.9712883038955,197.541721088096,-2.));
#5257=CARTESIAN_POINT('Ctrl Pts',(-59.9712883038955,197.541721088096,3.));
#5258=CARTESIAN_POINT('Ctrl Pts',(-59.9784859241498,197.579513458674,-2.));
#5259=CARTESIAN_POINT('Ctrl Pts',(-59.9784859241498,197.579513458674,3.));
#5260=CARTESIAN_POINT('Ctrl Pts',(-59.9858661703813,197.617210397567,-2.));
#5261=CARTESIAN_POINT('Ctrl Pts',(-59.9858661703813,197.617210397567,3.));
#5262=CARTESIAN_POINT('Ctrl Pts',(-59.9934298770431,197.6548105764,-2.));
#5263=CARTESIAN_POINT('Ctrl Pts',(-59.9934298770431,197.6548105764,3.));
#5264=CARTESIAN_POINT('Ctrl Pts',(-60.0011779065948,197.692312618082,-2.));
#5265=CARTESIAN_POINT('Ctrl Pts',(-60.0011779065948,197.692312618082,3.));
#5266=CARTESIAN_POINT('Ctrl Pts',(-60.0091111310668,197.729715122497,-2.));
#5267=CARTESIAN_POINT('Ctrl Pts',(-60.0091111310668,197.729715122497,3.));
#5268=CARTESIAN_POINT('Ctrl Pts',(-60.0172304163482,197.767016690541,-2.));
#5269=CARTESIAN_POINT('Ctrl Pts',(-60.0172304163482,197.767016690541,3.));
#5270=CARTESIAN_POINT('Ctrl Pts',(-60.0255365941879,197.804215959329,-2.));
#5271=CARTESIAN_POINT('Ctrl Pts',(-60.0255365941879,197.804215959329,3.));
#5272=CARTESIAN_POINT('Ctrl Pts',(-60.0340304917477,197.841311579601,-2.));
#5273=CARTESIAN_POINT('Ctrl Pts',(-60.0340304917477,197.841311579601,3.));
#5274=CARTESIAN_POINT('Ctrl Pts',(-60.0427129827796,197.878302170499,-2.));
#5275=CARTESIAN_POINT('Ctrl Pts',(-60.0427129827796,197.878302170499,3.));
#5276=CARTESIAN_POINT('Ctrl Pts',(-60.0515850342434,197.915186279395,-2.));
#5277=CARTESIAN_POINT('Ctrl Pts',(-60.0515850342434,197.915186279395,3.));
#5278=CARTESIAN_POINT('Ctrl Pts',(-60.0606477453968,197.951962346872,-2.));
#5279=CARTESIAN_POINT('Ctrl Pts',(-60.0606477453968,197.951962346872,3.));
#5280=CARTESIAN_POINT('Ctrl Pts',(-60.0699024093401,197.988628653626,-2.));
#5281=CARTESIAN_POINT('Ctrl Pts',(-60.0699024093401,197.988628653626,3.));
#5282=CARTESIAN_POINT('Ctrl Pts',(-60.0793504607537,198.025183358972,-2.));
#5283=CARTESIAN_POINT('Ctrl Pts',(-60.0793504607537,198.025183358972,3.));
#5284=CARTESIAN_POINT('Ctrl Pts',(-60.088993370751,198.061624582181,-2.));
#5285=CARTESIAN_POINT('Ctrl Pts',(-60.088993370751,198.061624582181,3.));
#5286=CARTESIAN_POINT('Ctrl Pts',(-60.0988325478779,198.097950478001,-2.));
#5287=CARTESIAN_POINT('Ctrl Pts',(-60.0988325478779,198.097950478001,3.));
#5288=CARTESIAN_POINT('Ctrl Pts',(-60.108869255552,198.134159300013,-2.));
#5289=CARTESIAN_POINT('Ctrl Pts',(-60.108869255552,198.134159300013,3.));
#5290=CARTESIAN_POINT('Ctrl Pts',(-60.1191044696464,198.170249508728,-2.));
#5291=CARTESIAN_POINT('Ctrl Pts',(-60.1191044696464,198.170249508728,3.));
#5292=CARTESIAN_POINT('Ctrl Pts',(-60.1295390061065,198.206219676166,-2.));
#5293=CARTESIAN_POINT('Ctrl Pts',(-60.1295390061065,198.206219676166,3.));
#5294=CARTESIAN_POINT('Ctrl Pts',(-60.1401737880755,198.242068285065,-2.));
#5295=CARTESIAN_POINT('Ctrl Pts',(-60.1401737880755,198.242068285065,3.));
#5296=CARTESIAN_POINT('Ctrl Pts',(-60.1510100897856,198.277793545607,-2.));
#5297=CARTESIAN_POINT('Ctrl Pts',(-60.1510100897856,198.277793545607,3.));
#5298=CARTESIAN_POINT('Ctrl Pts',(-60.1620497422762,198.313393240363,-2.));
#5299=CARTESIAN_POINT('Ctrl Pts',(-60.1620497422762,198.313393240363,3.));
#5300=CARTESIAN_POINT('Ctrl Pts',(-60.1732954712681,198.348864470422,-2.));
#5301=CARTESIAN_POINT('Ctrl Pts',(-60.1732954712681,198.348864470422,3.));
#5302=CARTESIAN_POINT('Ctrl Pts',(-60.1847506261406,198.384203856224,-2.));
#5303=CARTESIAN_POINT('Ctrl Pts',(-60.1847506261406,198.384203856224,3.));
#5304=CARTESIAN_POINT('Ctrl Pts',(-60.1964185814816,198.419407982921,-2.));
#5305=CARTESIAN_POINT('Ctrl Pts',(-60.1964185814816,198.419407982921,3.));
#5306=CARTESIAN_POINT('Ctrl Pts',(-60.2083021877694,198.454473808777,-2.));
#5307=CARTESIAN_POINT('Ctrl Pts',(-60.2083021877694,198.454473808777,3.));
#5308=CARTESIAN_POINT('Ctrl Pts',(-60.2204033104013,198.489399007664,-2.));
#5309=CARTESIAN_POINT('Ctrl Pts',(-60.2204033104013,198.489399007664,3.));
#5310=CARTESIAN_POINT('Ctrl Pts',(-60.2327220513363,198.524182547938,-2.));
#5311=CARTESIAN_POINT('Ctrl Pts',(-60.2327220513363,198.524182547938,3.));
#5312=CARTESIAN_POINT('Ctrl Pts',(-60.245257431767,198.558824182293,-2.));
#5313=CARTESIAN_POINT('Ctrl Pts',(-60.245257431767,198.558824182293,3.));
#5314=CARTESIAN_POINT('Ctrl Pts',(-60.2580088357634,198.593323370274,-2.));
#5315=CARTESIAN_POINT('Ctrl Pts',(-60.2580088357634,198.593323370274,3.));
#5316=CARTESIAN_POINT('Ctrl Pts',(-60.2709773318182,198.62767829178,-2.));
#5317=CARTESIAN_POINT('Ctrl Pts',(-60.2709773318182,198.62767829178,3.));
#5318=CARTESIAN_POINT('Ctrl Pts',(-60.2841667927217,198.661885010499,-2.));
#5319=CARTESIAN_POINT('Ctrl Pts',(-60.2841667927217,198.661885010499,3.));
#5320=CARTESIAN_POINT('Ctrl Pts',(-60.2975857371505,198.695936099943,-2.));
#5321=CARTESIAN_POINT('Ctrl Pts',(-60.2975857371505,198.695936099943,3.));
#5322=CARTESIAN_POINT('Ctrl Pts',(-60.3112456833747,198.729821866081,-2.));
#5323=CARTESIAN_POINT('Ctrl Pts',(-60.3112456833747,198.729821866081,3.));
#5324=CARTESIAN_POINT('Ctrl Pts',(-60.3251578664952,198.763532788092,-2.));
#5325=CARTESIAN_POINT('Ctrl Pts',(-60.3251578664952,198.763532788092,3.));
#5326=CARTESIAN_POINT('Ctrl Pts',(-60.3393302105143,198.79706176954,-2.));
#5327=CARTESIAN_POINT('Ctrl Pts',(-60.3393302105143,198.79706176954,3.));
#5328=CARTESIAN_POINT('Ctrl Pts',(-60.3537647614896,198.830406045566,-2.));
#5329=CARTESIAN_POINT('Ctrl Pts',(-60.3537647614896,198.830406045566,3.));
#5330=CARTESIAN_POINT('Ctrl Pts',(-60.3684534677826,198.863570322059,-2.));
#5331=CARTESIAN_POINT('Ctrl Pts',(-60.3684534677826,198.863570322059,3.));
#5332=CARTESIAN_POINT('Ctrl Pts',(-60.3833825820111,198.896563488374,-2.));
#5333=CARTESIAN_POINT('Ctrl Pts',(-60.3833825820111,198.896563488374,3.));
#5334=CARTESIAN_POINT('Ctrl Pts',(-60.3985404418216,198.929392811265,-2.));
#5335=CARTESIAN_POINT('Ctrl Pts',(-60.3985404418216,198.929392811265,3.));
#5336=CARTESIAN_POINT('Ctrl Pts',(-60.4139247005716,198.962058539245,-2.));
#5337=CARTESIAN_POINT('Ctrl Pts',(-60.4139247005716,198.962058539245,3.));
#5338=CARTESIAN_POINT('Ctrl Pts',(-60.4295485909455,198.994549226406,-2.));
#5339=CARTESIAN_POINT('Ctrl Pts',(-60.4295485909455,198.994549226406,3.));
#5340=CARTESIAN_POINT('Ctrl Pts',(-60.4454507009754,199.026834441357,-2.));
#5341=CARTESIAN_POINT('Ctrl Pts',(-60.4454507009754,199.026834441357,3.));
#5342=CARTESIAN_POINT('Ctrl Pts',(-60.4616836905743,199.058873152211,-2.));
#5343=CARTESIAN_POINT('Ctrl Pts',(-60.4616836905743,199.058873152211,3.));
#5344=CARTESIAN_POINT('Ctrl Pts',(-60.4782967501453,199.090626765731,-2.));
#5345=CARTESIAN_POINT('Ctrl Pts',(-60.4782967501453,199.090626765731,3.));
#5346=CARTESIAN_POINT('Ctrl Pts',(-60.4953190951476,199.122071403553,-2.));
#5347=CARTESIAN_POINT('Ctrl Pts',(-60.4953190951476,199.122071403553,3.));
#5348=CARTESIAN_POINT('Ctrl Pts',(-60.5127453554417,199.153208748472,-2.));
#5349=CARTESIAN_POINT('Ctrl Pts',(-60.5127453554417,199.153208748472,3.));
#5350=CARTESIAN_POINT('Ctrl Pts',(-60.5305139854849,199.184082135156,-2.));
#5351=CARTESIAN_POINT('Ctrl Pts',(-60.5305139854849,199.184082135156,3.));
#5352=CARTESIAN_POINT('Ctrl Pts',(-60.5485393449366,199.214752333123,-2.));
#5353=CARTESIAN_POINT('Ctrl Pts',(-60.5485393449366,199.214752333123,3.));
#5354=CARTESIAN_POINT('Ctrl Pts',(-60.566754580098,199.245265225346,-2.));
#5355=CARTESIAN_POINT('Ctrl Pts',(-60.566754580098,199.245265225346,3.));
#5356=CARTESIAN_POINT('Ctrl Pts',(-60.5851520322565,199.275621327897,-2.));
#5357=CARTESIAN_POINT('Ctrl Pts',(-60.5851520322565,199.275621327897,3.));
#5358=CARTESIAN_POINT('Ctrl Pts',(-60.603821922247,199.305746639002,-2.));
#5359=CARTESIAN_POINT('Ctrl Pts',(-60.603821922247,199.305746639002,3.));
#5360=CARTESIAN_POINT('Ctrl Pts',(-60.6229994462942,199.335457077143,-2.));
#5361=CARTESIAN_POINT('Ctrl Pts',(-60.6229994462942,199.335457077143,3.));
#5362=CARTESIAN_POINT('Ctrl Pts',(-60.6429999584306,199.3645081239,-2.));
#5363=CARTESIAN_POINT('Ctrl Pts',(-60.6429999584306,199.3645081239,3.));
#5364=CARTESIAN_POINT('Ctrl Pts',(-60.6599140213148,199.387024272348,-2.));
#5365=CARTESIAN_POINT('Ctrl Pts',(-60.6599140213148,199.387024272348,3.));
#5366=CARTESIAN_POINT('Ctrl Pts',(-60.673226268358,199.403416826439,-2.));
#5367=CARTESIAN_POINT('Ctrl Pts',(-60.673226268358,199.403416826439,3.));
#5368=CARTESIAN_POINT('Ctrl Pts',(-60.6823940287401,199.414114314273,-2.));
#5369=CARTESIAN_POINT('Ctrl Pts',(-60.6823940287401,199.414114314273,3.));
#5370=CARTESIAN_POINT('Ctrl Pts',(-60.6870511418892,199.419405337265,-2.));
#5371=CARTESIAN_POINT('Ctrl Pts',(-60.6870511418892,199.419405337265,3.));
#5372=CARTESIAN_POINT('',(-60.6870511418892,199.419405337265,3.));
#5373=CARTESIAN_POINT('',(-60.6870511418892,199.419405337265,-2.));
#5374=CARTESIAN_POINT('Ctrl Pts',(-59.8848235379936,196.964156907109,3.));
#5375=CARTESIAN_POINT('Ctrl Pts',(-59.8857133302754,196.971982656092,3.));
#5376=CARTESIAN_POINT('Ctrl Pts',(-59.8875103037981,196.987626079024,3.));
#5377=CARTESIAN_POINT('Ctrl Pts',(-59.8902579309585,197.011066988317,3.));
#5378=CARTESIAN_POINT('Ctrl Pts',(-59.8940258022669,197.042273067756,3.));
#5379=CARTESIAN_POINT('Ctrl Pts',(-59.8989098232164,197.081199734466,3.));
#5380=CARTESIAN_POINT('Ctrl Pts',(-59.9039683819543,197.120045164032,3.));
#5381=CARTESIAN_POINT('Ctrl Pts',(-59.9092019286819,197.158808867799,3.));
#5382=CARTESIAN_POINT('Ctrl Pts',(-59.914610980404,197.197490141437,3.));
#5383=CARTESIAN_POINT('Ctrl Pts',(-59.9201960908299,197.236088025369,3.));
#5384=CARTESIAN_POINT('Ctrl Pts',(-59.9259578429353,197.274601366997,3.));
#5385=CARTESIAN_POINT('Ctrl Pts',(-59.9318968432328,197.313028892337,3.));
#5386=CARTESIAN_POINT('Ctrl Pts',(-59.9380137137843,197.351369276679,3.));
#5387=CARTESIAN_POINT('Ctrl Pts',(-59.9443090848644,197.389621211672,3.));
#5388=CARTESIAN_POINT('Ctrl Pts',(-59.9507835834719,197.427783486368,3.));
#5389=CARTESIAN_POINT('Ctrl Pts',(-59.9574378437836,197.465854963704,3.));
#5390=CARTESIAN_POINT('Ctrl Pts',(-59.9642725210934,197.503834536197,3.));
#5391=CARTESIAN_POINT('Ctrl Pts',(-59.9712883038955,197.541721088096,3.));
#5392=CARTESIAN_POINT('Ctrl Pts',(-59.9784859241498,197.579513458674,3.));
#5393=CARTESIAN_POINT('Ctrl Pts',(-59.9858661703813,197.617210397567,3.));
#5394=CARTESIAN_POINT('Ctrl Pts',(-59.9934298770431,197.6548105764,3.));
#5395=CARTESIAN_POINT('Ctrl Pts',(-60.0011779065948,197.692312618082,3.));
#5396=CARTESIAN_POINT('Ctrl Pts',(-60.0091111310668,197.729715122497,3.));
#5397=CARTESIAN_POINT('Ctrl Pts',(-60.0172304163482,197.767016690541,3.));
#5398=CARTESIAN_POINT('Ctrl Pts',(-60.0255365941879,197.804215959329,3.));
#5399=CARTESIAN_POINT('Ctrl Pts',(-60.0340304917477,197.841311579601,3.));
#5400=CARTESIAN_POINT('Ctrl Pts',(-60.0427129827796,197.878302170499,3.));
#5401=CARTESIAN_POINT('Ctrl Pts',(-60.0515850342434,197.915186279395,3.));
#5402=CARTESIAN_POINT('Ctrl Pts',(-60.0606477453968,197.951962346872,3.));
#5403=CARTESIAN_POINT('Ctrl Pts',(-60.0699024093401,197.988628653626,3.));
#5404=CARTESIAN_POINT('Ctrl Pts',(-60.0793504607537,198.025183358972,3.));
#5405=CARTESIAN_POINT('Ctrl Pts',(-60.088993370751,198.061624582181,3.));
#5406=CARTESIAN_POINT('Ctrl Pts',(-60.0988325478779,198.097950478001,3.));
#5407=CARTESIAN_POINT('Ctrl Pts',(-60.108869255552,198.134159300013,3.));
#5408=CARTESIAN_POINT('Ctrl Pts',(-60.1191044696464,198.170249508728,3.));
#5409=CARTESIAN_POINT('Ctrl Pts',(-60.1295390061065,198.206219676166,3.));
#5410=CARTESIAN_POINT('Ctrl Pts',(-60.1401737880755,198.242068285065,3.));
#5411=CARTESIAN_POINT('Ctrl Pts',(-60.1510100897856,198.277793545607,3.));
#5412=CARTESIAN_POINT('Ctrl Pts',(-60.1620497422762,198.313393240363,3.));
#5413=CARTESIAN_POINT('Ctrl Pts',(-60.1732954712681,198.348864470422,3.));
#5414=CARTESIAN_POINT('Ctrl Pts',(-60.1847506261406,198.384203856224,3.));
#5415=CARTESIAN_POINT('Ctrl Pts',(-60.1964185814816,198.419407982921,3.));
#5416=CARTESIAN_POINT('Ctrl Pts',(-60.2083021877694,198.454473808777,3.));
#5417=CARTESIAN_POINT('Ctrl Pts',(-60.2204033104013,198.489399007664,3.));
#5418=CARTESIAN_POINT('Ctrl Pts',(-60.2327220513363,198.524182547938,3.));
#5419=CARTESIAN_POINT('Ctrl Pts',(-60.245257431767,198.558824182293,3.));
#5420=CARTESIAN_POINT('Ctrl Pts',(-60.2580088357634,198.593323370274,3.));
#5421=CARTESIAN_POINT('Ctrl Pts',(-60.2709773318182,198.62767829178,3.));
#5422=CARTESIAN_POINT('Ctrl Pts',(-60.2841667927217,198.661885010499,3.));
#5423=CARTESIAN_POINT('Ctrl Pts',(-60.2975857371505,198.695936099943,3.));
#5424=CARTESIAN_POINT('Ctrl Pts',(-60.3112456833747,198.729821866081,3.));
#5425=CARTESIAN_POINT('Ctrl Pts',(-60.3251578664952,198.763532788092,3.));
#5426=CARTESIAN_POINT('Ctrl Pts',(-60.3393302105143,198.79706176954,3.));
#5427=CARTESIAN_POINT('Ctrl Pts',(-60.3537647614896,198.830406045566,3.));
#5428=CARTESIAN_POINT('Ctrl Pts',(-60.3684534677826,198.863570322059,3.));
#5429=CARTESIAN_POINT('Ctrl Pts',(-60.3833825820111,198.896563488374,3.));
#5430=CARTESIAN_POINT('Ctrl Pts',(-60.3985404418216,198.929392811265,3.));
#5431=CARTESIAN_POINT('Ctrl Pts',(-60.4139247005716,198.962058539245,3.));
#5432=CARTESIAN_POINT('Ctrl Pts',(-60.4295485909455,198.994549226406,3.));
#5433=CARTESIAN_POINT('Ctrl Pts',(-60.4454507009754,199.026834441357,3.));
#5434=CARTESIAN_POINT('Ctrl Pts',(-60.4616836905743,199.058873152211,3.));
#5435=CARTESIAN_POINT('Ctrl Pts',(-60.4782967501453,199.090626765731,3.));
#5436=CARTESIAN_POINT('Ctrl Pts',(-60.4953190951476,199.122071403553,3.));
#5437=CARTESIAN_POINT('Ctrl Pts',(-60.5127453554417,199.153208748472,3.));
#5438=CARTESIAN_POINT('Ctrl Pts',(-60.5305139854849,199.184082135156,3.));
#5439=CARTESIAN_POINT('Ctrl Pts',(-60.5485393449366,199.214752333123,3.));
#5440=CARTESIAN_POINT('Ctrl Pts',(-60.566754580098,199.245265225346,3.));
#5441=CARTESIAN_POINT('Ctrl Pts',(-60.5851520322565,199.275621327897,3.));
#5442=CARTESIAN_POINT('Ctrl Pts',(-60.603821922247,199.305746639002,3.));
#5443=CARTESIAN_POINT('Ctrl Pts',(-60.6229994462942,199.335457077143,3.));
#5444=CARTESIAN_POINT('Ctrl Pts',(-60.6429999584306,199.3645081239,3.));
#5445=CARTESIAN_POINT('Ctrl Pts',(-60.6599140213148,199.387024272348,3.));
#5446=CARTESIAN_POINT('Ctrl Pts',(-60.673226268358,199.403416826439,3.));
#5447=CARTESIAN_POINT('Ctrl Pts',(-60.6823940287401,199.414114314273,3.));
#5448=CARTESIAN_POINT('Ctrl Pts',(-60.6870511418892,199.419405337265,3.));
#5449=CARTESIAN_POINT('Origin',(-60.6870511418892,199.419405337265,-2.));
#5450=CARTESIAN_POINT('',(-60.9916678982707,199.76548545387,3.));
#5451=CARTESIAN_POINT('',(-60.9916678982707,199.76548545387,-2.));
#5452=CARTESIAN_POINT('',(-61.2426341756597,200.050612377202,3.));
#5453=CARTESIAN_POINT('Origin',(-60.7101770567792,200.013251283145,-2.));
#5454=CARTESIAN_POINT('',(-60.9655884430989,200.287823721198,3.));
#5455=CARTESIAN_POINT('',(-60.9655884430989,200.287823721198,-2.));
#5456=CARTESIAN_POINT('Origin',(-60.7101770567792,200.013251283145,3.));
#5457=CARTESIAN_POINT('Origin',(-70.,210.,-2.));
#5458=CARTESIAN_POINT('',(-60.2878237211976,200.965588443099,3.));
#5459=CARTESIAN_POINT('',(-60.2878237211976,200.965588443099,-2.));
#5460=CARTESIAN_POINT('Origin',(-70.,210.,3.));
#5461=CARTESIAN_POINT('Origin',(-60.0132512831449,200.710177056779,-2.));
#5462=CARTESIAN_POINT('',(-59.7654854538697,200.991667898271,3.));
#5463=CARTESIAN_POINT('',(-59.7654854538697,200.991667898271,-2.));
#5464=CARTESIAN_POINT('Origin',(-60.0132512831449,200.710177056779,3.));
#5465=CARTESIAN_POINT('Origin',(-60.0506123772025,201.24263417566,-2.));
#5466=CARTESIAN_POINT('',(-59.4194053372649,200.687051141889,3.));
#5467=CARTESIAN_POINT('',(-59.4194053372649,200.687051141889,-2.));
#5468=CARTESIAN_POINT('',(-60.0506123772025,201.24263417566,3.));
#5469=CARTESIAN_POINT('Ctrl Pts',(-59.4194053372649,200.687051141889,-2.));
#5470=CARTESIAN_POINT('Ctrl Pts',(-59.4194053372649,200.687051141889,3.));
#5471=CARTESIAN_POINT('Ctrl Pts',(-59.4141143142731,200.68239402874,-2.));
#5472=CARTESIAN_POINT('Ctrl Pts',(-59.4141143142731,200.68239402874,3.));
#5473=CARTESIAN_POINT('Ctrl Pts',(-59.4034168264388,200.673226268358,-2.));
#5474=CARTESIAN_POINT('Ctrl Pts',(-59.4034168264388,200.673226268358,3.));
#5475=CARTESIAN_POINT('Ctrl Pts',(-59.3870242723484,200.659914021315,-2.));
#5476=CARTESIAN_POINT('Ctrl Pts',(-59.3870242723484,200.659914021315,3.));
#5477=CARTESIAN_POINT('Ctrl Pts',(-59.3645081239,200.642999958431,-2.));
#5478=CARTESIAN_POINT('Ctrl Pts',(-59.3645081239,200.642999958431,3.));
#5479=CARTESIAN_POINT('Ctrl Pts',(-59.3354570771431,200.622999446294,-2.));
#5480=CARTESIAN_POINT('Ctrl Pts',(-59.3354570771431,200.622999446294,3.));
#5481=CARTESIAN_POINT('Ctrl Pts',(-59.3057466390018,200.603821922247,-2.));
#5482=CARTESIAN_POINT('Ctrl Pts',(-59.3057466390018,200.603821922247,3.));
#5483=CARTESIAN_POINT('Ctrl Pts',(-59.2756213278972,200.585152032257,-2.));
#5484=CARTESIAN_POINT('Ctrl Pts',(-59.2756213278972,200.585152032257,3.));
#5485=CARTESIAN_POINT('Ctrl Pts',(-59.2452652253464,200.566754580098,-2.));
#5486=CARTESIAN_POINT('Ctrl Pts',(-59.2452652253464,200.566754580098,3.));
#5487=CARTESIAN_POINT('Ctrl Pts',(-59.214752333123,200.548539344937,-2.));
#5488=CARTESIAN_POINT('Ctrl Pts',(-59.214752333123,200.548539344937,3.));
#5489=CARTESIAN_POINT('Ctrl Pts',(-59.1840821351563,200.530513985485,-2.));
#5490=CARTESIAN_POINT('Ctrl Pts',(-59.1840821351563,200.530513985485,3.));
#5491=CARTESIAN_POINT('Ctrl Pts',(-59.1532087484724,200.512745355442,-2.));
#5492=CARTESIAN_POINT('Ctrl Pts',(-59.1532087484724,200.512745355442,3.));
#5493=CARTESIAN_POINT('Ctrl Pts',(-59.1220714035532,200.495319095148,-2.));
#5494=CARTESIAN_POINT('Ctrl Pts',(-59.1220714035532,200.495319095148,3.));
#5495=CARTESIAN_POINT('Ctrl Pts',(-59.0906267657312,200.478296750145,-2.));
#5496=CARTESIAN_POINT('Ctrl Pts',(-59.0906267657312,200.478296750145,3.));
#5497=CARTESIAN_POINT('Ctrl Pts',(-59.0588731522105,200.461683690574,-2.));
#5498=CARTESIAN_POINT('Ctrl Pts',(-59.0588731522105,200.461683690574,3.));
#5499=CARTESIAN_POINT('Ctrl Pts',(-59.0268344413566,200.445450700975,-2.));
#5500=CARTESIAN_POINT('Ctrl Pts',(-59.0268344413566,200.445450700975,3.));
#5501=CARTESIAN_POINT('Ctrl Pts',(-58.9945492264061,200.429548590946,-2.));
#5502=CARTESIAN_POINT('Ctrl Pts',(-58.9945492264061,200.429548590946,3.));
#5503=CARTESIAN_POINT('Ctrl Pts',(-58.9620585392449,200.413924700572,-2.));
#5504=CARTESIAN_POINT('Ctrl Pts',(-58.9620585392449,200.413924700572,3.));
#5505=CARTESIAN_POINT('Ctrl Pts',(-58.9293928112646,200.398540441822,-2.));
#5506=CARTESIAN_POINT('Ctrl Pts',(-58.9293928112646,200.398540441822,3.));
#5507=CARTESIAN_POINT('Ctrl Pts',(-58.8965634883742,200.383382582011,-2.));
#5508=CARTESIAN_POINT('Ctrl Pts',(-58.8965634883742,200.383382582011,3.));
#5509=CARTESIAN_POINT('Ctrl Pts',(-58.8635703220587,200.368453467783,-2.));
#5510=CARTESIAN_POINT('Ctrl Pts',(-58.8635703220587,200.368453467783,3.));
#5511=CARTESIAN_POINT('Ctrl Pts',(-58.8304060455665,200.35376476149,-2.));
#5512=CARTESIAN_POINT('Ctrl Pts',(-58.8304060455665,200.35376476149,3.));
#5513=CARTESIAN_POINT('Ctrl Pts',(-58.7970617695397,200.339330210514,-2.));
#5514=CARTESIAN_POINT('Ctrl Pts',(-58.7970617695397,200.339330210514,3.));
#5515=CARTESIAN_POINT('Ctrl Pts',(-58.7635327880924,200.325157866495,-2.));
#5516=CARTESIAN_POINT('Ctrl Pts',(-58.7635327880924,200.325157866495,3.));
#5517=CARTESIAN_POINT('Ctrl Pts',(-58.7298218660809,200.311245683375,-2.));
#5518=CARTESIAN_POINT('Ctrl Pts',(-58.7298218660809,200.311245683375,3.));
#5519=CARTESIAN_POINT('Ctrl Pts',(-58.6959360999429,200.29758573715,-2.));
#5520=CARTESIAN_POINT('Ctrl Pts',(-58.6959360999429,200.29758573715,3.));
#5521=CARTESIAN_POINT('Ctrl Pts',(-58.661885010499,200.284166792722,-2.));
#5522=CARTESIAN_POINT('Ctrl Pts',(-58.661885010499,200.284166792722,3.));
#5523=CARTESIAN_POINT('Ctrl Pts',(-58.6276782917801,200.270977331818,-2.));
#5524=CARTESIAN_POINT('Ctrl Pts',(-58.6276782917801,200.270977331818,3.));
#5525=CARTESIAN_POINT('Ctrl Pts',(-58.5933233702744,200.258008835763,-2.));
#5526=CARTESIAN_POINT('Ctrl Pts',(-58.5933233702744,200.258008835763,3.));
#5527=CARTESIAN_POINT('Ctrl Pts',(-58.5588241822929,200.245257431767,-2.));
#5528=CARTESIAN_POINT('Ctrl Pts',(-58.5588241822929,200.245257431767,3.));
#5529=CARTESIAN_POINT('Ctrl Pts',(-58.5241825479382,200.232722051336,-2.));
#5530=CARTESIAN_POINT('Ctrl Pts',(-58.5241825479382,200.232722051336,3.));
#5531=CARTESIAN_POINT('Ctrl Pts',(-58.4893990076641,200.220403310401,-2.));
#5532=CARTESIAN_POINT('Ctrl Pts',(-58.4893990076641,200.220403310401,3.));
#5533=CARTESIAN_POINT('Ctrl Pts',(-58.4544738087772,200.208302187769,-2.));
#5534=CARTESIAN_POINT('Ctrl Pts',(-58.4544738087772,200.208302187769,3.));
#5535=CARTESIAN_POINT('Ctrl Pts',(-58.4194079829214,200.196418581482,-2.));
#5536=CARTESIAN_POINT('Ctrl Pts',(-58.4194079829214,200.196418581482,3.));
#5537=CARTESIAN_POINT('Ctrl Pts',(-58.3842038562237,200.184750626141,-2.));
#5538=CARTESIAN_POINT('Ctrl Pts',(-58.3842038562237,200.184750626141,3.));
#5539=CARTESIAN_POINT('Ctrl Pts',(-58.3488644704216,200.173295471268,-2.));
#5540=CARTESIAN_POINT('Ctrl Pts',(-58.3488644704216,200.173295471268,3.));
#5541=CARTESIAN_POINT('Ctrl Pts',(-58.3133932403633,200.162049742276,-2.));
#5542=CARTESIAN_POINT('Ctrl Pts',(-58.3133932403633,200.162049742276,3.));
#5543=CARTESIAN_POINT('Ctrl Pts',(-58.2777935456074,200.151010089786,-2.));
#5544=CARTESIAN_POINT('Ctrl Pts',(-58.2777935456074,200.151010089786,3.));
#5545=CARTESIAN_POINT('Ctrl Pts',(-58.2420682850651,200.140173788076,-2.));
#5546=CARTESIAN_POINT('Ctrl Pts',(-58.2420682850651,200.140173788076,3.));
#5547=CARTESIAN_POINT('Ctrl Pts',(-58.2062196761657,200.129539006107,-2.));
#5548=CARTESIAN_POINT('Ctrl Pts',(-58.2062196761657,200.129539006107,3.));
#5549=CARTESIAN_POINT('Ctrl Pts',(-58.1702495087285,200.119104469646,-2.));
#5550=CARTESIAN_POINT('Ctrl Pts',(-58.1702495087285,200.119104469646,3.));
#5551=CARTESIAN_POINT('Ctrl Pts',(-58.1341593000133,200.108869255552,-2.));
#5552=CARTESIAN_POINT('Ctrl Pts',(-58.1341593000133,200.108869255552,3.));
#5553=CARTESIAN_POINT('Ctrl Pts',(-58.0979504780009,200.098832547878,-2.));
#5554=CARTESIAN_POINT('Ctrl Pts',(-58.0979504780009,200.098832547878,3.));
#5555=CARTESIAN_POINT('Ctrl Pts',(-58.0616245821815,200.088993370751,-2.));
#5556=CARTESIAN_POINT('Ctrl Pts',(-58.0616245821815,200.088993370751,3.));
#5557=CARTESIAN_POINT('Ctrl Pts',(-58.0251833589716,200.079350460754,-2.));
#5558=CARTESIAN_POINT('Ctrl Pts',(-58.0251833589716,200.079350460754,3.));
#5559=CARTESIAN_POINT('Ctrl Pts',(-57.9886286536261,200.06990240934,-2.));
#5560=CARTESIAN_POINT('Ctrl Pts',(-57.9886286536261,200.06990240934,3.));
#5561=CARTESIAN_POINT('Ctrl Pts',(-57.9519623468718,200.060647745397,-2.));
#5562=CARTESIAN_POINT('Ctrl Pts',(-57.9519623468718,200.060647745397,3.));
#5563=CARTESIAN_POINT('Ctrl Pts',(-57.9151862793955,200.051585034243,-2.));
#5564=CARTESIAN_POINT('Ctrl Pts',(-57.9151862793955,200.051585034243,3.));
#5565=CARTESIAN_POINT('Ctrl Pts',(-57.8783021704989,200.04271298278,-2.));
#5566=CARTESIAN_POINT('Ctrl Pts',(-57.8783021704989,200.04271298278,3.));
#5567=CARTESIAN_POINT('Ctrl Pts',(-57.8413115796006,200.034030491748,-2.));
#5568=CARTESIAN_POINT('Ctrl Pts',(-57.8413115796006,200.034030491748,3.));
#5569=CARTESIAN_POINT('Ctrl Pts',(-57.8042159593294,200.025536594188,-2.));
#5570=CARTESIAN_POINT('Ctrl Pts',(-57.8042159593294,200.025536594188,3.));
#5571=CARTESIAN_POINT('Ctrl Pts',(-57.767016690541,200.017230416348,-2.));
#5572=CARTESIAN_POINT('Ctrl Pts',(-57.767016690541,200.017230416348,3.));
#5573=CARTESIAN_POINT('Ctrl Pts',(-57.7297151224966,200.009111131067,-2.));
#5574=CARTESIAN_POINT('Ctrl Pts',(-57.7297151224966,200.009111131067,3.));
#5575=CARTESIAN_POINT('Ctrl Pts',(-57.6923126180821,200.001177906595,-2.));
#5576=CARTESIAN_POINT('Ctrl Pts',(-57.6923126180821,200.001177906595,3.));
#5577=CARTESIAN_POINT('Ctrl Pts',(-57.6548105764001,199.993429877043,-2.));
#5578=CARTESIAN_POINT('Ctrl Pts',(-57.6548105764001,199.993429877043,3.));
#5579=CARTESIAN_POINT('Ctrl Pts',(-57.6172103975667,199.985866170381,-2.));
#5580=CARTESIAN_POINT('Ctrl Pts',(-57.6172103975667,199.985866170381,3.));
#5581=CARTESIAN_POINT('Ctrl Pts',(-57.5795134586743,199.97848592415,-2.));
#5582=CARTESIAN_POINT('Ctrl Pts',(-57.5795134586743,199.97848592415,3.));
#5583=CARTESIAN_POINT('Ctrl Pts',(-57.5417210880955,199.971288303896,-2.));
#5584=CARTESIAN_POINT('Ctrl Pts',(-57.5417210880955,199.971288303896,3.));
#5585=CARTESIAN_POINT('Ctrl Pts',(-57.5038345361966,199.964272521093,-2.));
#5586=CARTESIAN_POINT('Ctrl Pts',(-57.5038345361966,199.964272521093,3.));
#5587=CARTESIAN_POINT('Ctrl Pts',(-57.4658549637044,199.957437843784,-2.));
#5588=CARTESIAN_POINT('Ctrl Pts',(-57.4658549637044,199.957437843784,3.));
#5589=CARTESIAN_POINT('Ctrl Pts',(-57.4277834863675,199.950783583472,-2.));
#5590=CARTESIAN_POINT('Ctrl Pts',(-57.4277834863675,199.950783583472,3.));
#5591=CARTESIAN_POINT('Ctrl Pts',(-57.389621211672,199.944309084864,-2.));
#5592=CARTESIAN_POINT('Ctrl Pts',(-57.389621211672,199.944309084864,3.));
#5593=CARTESIAN_POINT('Ctrl Pts',(-57.3513692766791,199.938013713784,-2.));
#5594=CARTESIAN_POINT('Ctrl Pts',(-57.3513692766791,199.938013713784,3.));
#5595=CARTESIAN_POINT('Ctrl Pts',(-57.3130288923369,199.931896843233,-2.));
#5596=CARTESIAN_POINT('Ctrl Pts',(-57.3130288923369,199.931896843233,3.));
#5597=CARTESIAN_POINT('Ctrl Pts',(-57.2746013669967,199.925957842935,-2.));
#5598=CARTESIAN_POINT('Ctrl Pts',(-57.2746013669967,199.925957842935,3.));
#5599=CARTESIAN_POINT('Ctrl Pts',(-57.2360880253692,199.92019609083,-2.));
#5600=CARTESIAN_POINT('Ctrl Pts',(-57.2360880253692,199.92019609083,3.));
#5601=CARTESIAN_POINT('Ctrl Pts',(-57.1974901414372,199.914610980404,-2.));
#5602=CARTESIAN_POINT('Ctrl Pts',(-57.1974901414372,199.914610980404,3.));
#5603=CARTESIAN_POINT('Ctrl Pts',(-57.1588088677986,199.909201928682,-2.));
#5604=CARTESIAN_POINT('Ctrl Pts',(-57.1588088677986,199.909201928682,3.));
#5605=CARTESIAN_POINT('Ctrl Pts',(-57.1200451640317,199.903968381954,-2.));
#5606=CARTESIAN_POINT('Ctrl Pts',(-57.1200451640317,199.903968381954,3.));
#5607=CARTESIAN_POINT('Ctrl Pts',(-57.0811997344664,199.898909823216,-2.));
#5608=CARTESIAN_POINT('Ctrl Pts',(-57.0811997344664,199.898909823216,3.));
#5609=CARTESIAN_POINT('Ctrl Pts',(-57.0422730677555,199.894025802267,-2.));
#5610=CARTESIAN_POINT('Ctrl Pts',(-57.0422730677555,199.894025802267,3.));
#5611=CARTESIAN_POINT('Ctrl Pts',(-57.0110669883168,199.890257930958,-2.));
#5612=CARTESIAN_POINT('Ctrl Pts',(-57.0110669883168,199.890257930958,3.));
#5613=CARTESIAN_POINT('Ctrl Pts',(-56.9876260790243,199.887510303798,-2.));
#5614=CARTESIAN_POINT('Ctrl Pts',(-56.9876260790243,199.887510303798,3.));
#5615=CARTESIAN_POINT('Ctrl Pts',(-56.9719826560923,199.885713330275,-2.));
#5616=CARTESIAN_POINT('Ctrl Pts',(-56.9719826560923,199.885713330275,3.));
#5617=CARTESIAN_POINT('Ctrl Pts',(-56.9641569071091,199.884823537994,-2.));
#5618=CARTESIAN_POINT('Ctrl Pts',(-56.9641569071091,199.884823537994,3.));
#5619=CARTESIAN_POINT('',(-56.9641569071091,199.884823537994,3.));
#5620=CARTESIAN_POINT('',(-56.9641569071091,199.884823537994,-2.));
#5621=CARTESIAN_POINT('Ctrl Pts',(-59.4194053372649,200.687051141889,3.));
#5622=CARTESIAN_POINT('Ctrl Pts',(-59.4141143142731,200.68239402874,3.));
#5623=CARTESIAN_POINT('Ctrl Pts',(-59.4034168264388,200.673226268358,3.));
#5624=CARTESIAN_POINT('Ctrl Pts',(-59.3870242723484,200.659914021315,3.));
#5625=CARTESIAN_POINT('Ctrl Pts',(-59.3645081239,200.642999958431,3.));
#5626=CARTESIAN_POINT('Ctrl Pts',(-59.3354570771431,200.622999446294,3.));
#5627=CARTESIAN_POINT('Ctrl Pts',(-59.3057466390018,200.603821922247,3.));
#5628=CARTESIAN_POINT('Ctrl Pts',(-59.2756213278972,200.585152032257,3.));
#5629=CARTESIAN_POINT('Ctrl Pts',(-59.2452652253464,200.566754580098,3.));
#5630=CARTESIAN_POINT('Ctrl Pts',(-59.214752333123,200.548539344937,3.));
#5631=CARTESIAN_POINT('Ctrl Pts',(-59.1840821351563,200.530513985485,3.));
#5632=CARTESIAN_POINT('Ctrl Pts',(-59.1532087484724,200.512745355442,3.));
#5633=CARTESIAN_POINT('Ctrl Pts',(-59.1220714035532,200.495319095148,3.));
#5634=CARTESIAN_POINT('Ctrl Pts',(-59.0906267657312,200.478296750145,3.));
#5635=CARTESIAN_POINT('Ctrl Pts',(-59.0588731522105,200.461683690574,3.));
#5636=CARTESIAN_POINT('Ctrl Pts',(-59.0268344413566,200.445450700975,3.));
#5637=CARTESIAN_POINT('Ctrl Pts',(-58.9945492264061,200.429548590946,3.));
#5638=CARTESIAN_POINT('Ctrl Pts',(-58.9620585392449,200.413924700572,3.));
#5639=CARTESIAN_POINT('Ctrl Pts',(-58.9293928112646,200.398540441822,3.));
#5640=CARTESIAN_POINT('Ctrl Pts',(-58.8965634883742,200.383382582011,3.));
#5641=CARTESIAN_POINT('Ctrl Pts',(-58.8635703220587,200.368453467783,3.));
#5642=CARTESIAN_POINT('Ctrl Pts',(-58.8304060455665,200.35376476149,3.));
#5643=CARTESIAN_POINT('Ctrl Pts',(-58.7970617695397,200.339330210514,3.));
#5644=CARTESIAN_POINT('Ctrl Pts',(-58.7635327880924,200.325157866495,3.));
#5645=CARTESIAN_POINT('Ctrl Pts',(-58.7298218660809,200.311245683375,3.));
#5646=CARTESIAN_POINT('Ctrl Pts',(-58.6959360999429,200.29758573715,3.));
#5647=CARTESIAN_POINT('Ctrl Pts',(-58.661885010499,200.284166792722,3.));
#5648=CARTESIAN_POINT('Ctrl Pts',(-58.6276782917801,200.270977331818,3.));
#5649=CARTESIAN_POINT('Ctrl Pts',(-58.5933233702744,200.258008835763,3.));
#5650=CARTESIAN_POINT('Ctrl Pts',(-58.5588241822929,200.245257431767,3.));
#5651=CARTESIAN_POINT('Ctrl Pts',(-58.5241825479382,200.232722051336,3.));
#5652=CARTESIAN_POINT('Ctrl Pts',(-58.4893990076641,200.220403310401,3.));
#5653=CARTESIAN_POINT('Ctrl Pts',(-58.4544738087772,200.208302187769,3.));
#5654=CARTESIAN_POINT('Ctrl Pts',(-58.4194079829214,200.196418581482,3.));
#5655=CARTESIAN_POINT('Ctrl Pts',(-58.3842038562237,200.184750626141,3.));
#5656=CARTESIAN_POINT('Ctrl Pts',(-58.3488644704216,200.173295471268,3.));
#5657=CARTESIAN_POINT('Ctrl Pts',(-58.3133932403633,200.162049742276,3.));
#5658=CARTESIAN_POINT('Ctrl Pts',(-58.2777935456074,200.151010089786,3.));
#5659=CARTESIAN_POINT('Ctrl Pts',(-58.2420682850651,200.140173788076,3.));
#5660=CARTESIAN_POINT('Ctrl Pts',(-58.2062196761657,200.129539006107,3.));
#5661=CARTESIAN_POINT('Ctrl Pts',(-58.1702495087285,200.119104469646,3.));
#5662=CARTESIAN_POINT('Ctrl Pts',(-58.1341593000133,200.108869255552,3.));
#5663=CARTESIAN_POINT('Ctrl Pts',(-58.0979504780009,200.098832547878,3.));
#5664=CARTESIAN_POINT('Ctrl Pts',(-58.0616245821815,200.088993370751,3.));
#5665=CARTESIAN_POINT('Ctrl Pts',(-58.0251833589716,200.079350460754,3.));
#5666=CARTESIAN_POINT('Ctrl Pts',(-57.9886286536261,200.06990240934,3.));
#5667=CARTESIAN_POINT('Ctrl Pts',(-57.9519623468718,200.060647745397,3.));
#5668=CARTESIAN_POINT('Ctrl Pts',(-57.9151862793955,200.051585034243,3.));
#5669=CARTESIAN_POINT('Ctrl Pts',(-57.8783021704989,200.04271298278,3.));
#5670=CARTESIAN_POINT('Ctrl Pts',(-57.8413115796006,200.034030491748,3.));
#5671=CARTESIAN_POINT('Ctrl Pts',(-57.8042159593294,200.025536594188,3.));
#5672=CARTESIAN_POINT('Ctrl Pts',(-57.767016690541,200.017230416348,3.));
#5673=CARTESIAN_POINT('Ctrl Pts',(-57.7297151224966,200.009111131067,3.));
#5674=CARTESIAN_POINT('Ctrl Pts',(-57.6923126180821,200.001177906595,3.));
#5675=CARTESIAN_POINT('Ctrl Pts',(-57.6548105764001,199.993429877043,3.));
#5676=CARTESIAN_POINT('Ctrl Pts',(-57.6172103975667,199.985866170381,3.));
#5677=CARTESIAN_POINT('Ctrl Pts',(-57.5795134586743,199.97848592415,3.));
#5678=CARTESIAN_POINT('Ctrl Pts',(-57.5417210880955,199.971288303896,3.));
#5679=CARTESIAN_POINT('Ctrl Pts',(-57.5038345361966,199.964272521093,3.));
#5680=CARTESIAN_POINT('Ctrl Pts',(-57.4658549637044,199.957437843784,3.));
#5681=CARTESIAN_POINT('Ctrl Pts',(-57.4277834863675,199.950783583472,3.));
#5682=CARTESIAN_POINT('Ctrl Pts',(-57.389621211672,199.944309084864,3.));
#5683=CARTESIAN_POINT('Ctrl Pts',(-57.3513692766791,199.938013713784,3.));
#5684=CARTESIAN_POINT('Ctrl Pts',(-57.3130288923369,199.931896843233,3.));
#5685=CARTESIAN_POINT('Ctrl Pts',(-57.2746013669967,199.925957842935,3.));
#5686=CARTESIAN_POINT('Ctrl Pts',(-57.2360880253692,199.92019609083,3.));
#5687=CARTESIAN_POINT('Ctrl Pts',(-57.1974901414372,199.914610980404,3.));
#5688=CARTESIAN_POINT('Ctrl Pts',(-57.1588088677986,199.909201928682,3.));
#5689=CARTESIAN_POINT('Ctrl Pts',(-57.1200451640317,199.903968381954,3.));
#5690=CARTESIAN_POINT('Ctrl Pts',(-57.0811997344664,199.898909823216,3.));
#5691=CARTESIAN_POINT('Ctrl Pts',(-57.0422730677555,199.894025802267,3.));
#5692=CARTESIAN_POINT('Ctrl Pts',(-57.0110669883168,199.890257930958,3.));
#5693=CARTESIAN_POINT('Ctrl Pts',(-56.9876260790243,199.887510303798,3.));
#5694=CARTESIAN_POINT('Ctrl Pts',(-56.9719826560923,199.885713330275,3.));
#5695=CARTESIAN_POINT('Ctrl Pts',(-56.9641569071091,199.884823537994,3.));
#5696=CARTESIAN_POINT('Origin',(-70.000000000002,210.000000000001,-2.));
#5697=CARTESIAN_POINT('',(-56.3515984606249,200.727937908966,3.));
#5698=CARTESIAN_POINT('',(-56.3515984606249,200.727937908966,-2.));
#5699=CARTESIAN_POINT('Origin',(-70.000000000002,210.000000000001,3.));
#5700=CARTESIAN_POINT('Ctrl Pts',(-56.3515984606249,200.727937908966,-2.));
#5701=CARTESIAN_POINT('Ctrl Pts',(-56.3515984606249,200.727937908966,3.));
#5702=CARTESIAN_POINT('Ctrl Pts',(-56.3548629928021,200.735105677595,-2.));
#5703=CARTESIAN_POINT('Ctrl Pts',(-56.3548629928021,200.735105677595,3.));
#5704=CARTESIAN_POINT('Ctrl Pts',(-56.3614060997167,200.749428161555,-2.));
#5705=CARTESIAN_POINT('Ctrl Pts',(-56.3614060997167,200.749428161555,3.));
#5706=CARTESIAN_POINT('Ctrl Pts',(-56.3712628877669,200.770872727599,-2.));
#5707=CARTESIAN_POINT('Ctrl Pts',(-56.3712628877669,200.770872727599,3.));
#5708=CARTESIAN_POINT('Ctrl Pts',(-56.3844895552017,200.79938713653,-2.));
#5709=CARTESIAN_POINT('Ctrl Pts',(-56.3844895552017,200.79938713653,3.));
#5710=CARTESIAN_POINT('Ctrl Pts',(-56.4011635366995,200.834899351089,-2.));
#5711=CARTESIAN_POINT('Ctrl Pts',(-56.4011635366995,200.834899351089,3.));
#5712=CARTESIAN_POINT('Ctrl Pts',(-56.4179784098398,200.870280369388,-2.));
#5713=CARTESIAN_POINT('Ctrl Pts',(-56.4179784098398,200.870280369388,3.));
#5714=CARTESIAN_POINT('Ctrl Pts',(-56.4349344517872,200.905529587572,-2.));
#5715=CARTESIAN_POINT('Ctrl Pts',(-56.4349344517872,200.905529587572,3.));
#5716=CARTESIAN_POINT('Ctrl Pts',(-56.4520319365929,200.940646176019,-2.));
#5717=CARTESIAN_POINT('Ctrl Pts',(-56.4520319365929,200.940646176019,3.));
#5718=CARTESIAN_POINT('Ctrl Pts',(-56.4692710943396,200.97562905101,-2.));
#5719=CARTESIAN_POINT('Ctrl Pts',(-56.4692710943396,200.97562905101,3.));
#5720=CARTESIAN_POINT('Ctrl Pts',(-56.4866521232978,201.010476936211,-2.));
#5721=CARTESIAN_POINT('Ctrl Pts',(-56.4866521232978,201.010476936211,3.));
#5722=CARTESIAN_POINT('Ctrl Pts',(-56.5041752066129,201.04518843257,-2.));
#5723=CARTESIAN_POINT('Ctrl Pts',(-56.5041752066129,201.04518843257,3.));
#5724=CARTESIAN_POINT('Ctrl Pts',(-56.5218405265428,201.079762087983,-2.));
#5725=CARTESIAN_POINT('Ctrl Pts',(-56.5218405265428,201.079762087983,3.));
#5726=CARTESIAN_POINT('Ctrl Pts',(-56.5396482782116,201.114196463369,-2.));
#5727=CARTESIAN_POINT('Ctrl Pts',(-56.5396482782116,201.114196463369,3.));
#5728=CARTESIAN_POINT('Ctrl Pts',(-56.5575986837269,201.148490213295,-2.));
#5729=CARTESIAN_POINT('Ctrl Pts',(-56.5575986837269,201.148490213295,3.));
#5730=CARTESIAN_POINT('Ctrl Pts',(-56.5756919948555,201.18264206038,-2.));
#5731=CARTESIAN_POINT('Ctrl Pts',(-56.5756919948555,201.18264206038,3.));
#5732=CARTESIAN_POINT('Ctrl Pts',(-56.593928492587,201.216650748845,-2.));
#5733=CARTESIAN_POINT('Ctrl Pts',(-56.593928492587,201.216650748845,3.));
#5734=CARTESIAN_POINT('Ctrl Pts',(-56.6123084869329,201.250515004794,-2.));
#5735=CARTESIAN_POINT('Ctrl Pts',(-56.6123084869329,201.250515004794,3.));
#5736=CARTESIAN_POINT('Ctrl Pts',(-56.6308323153441,201.284233498121,-2.));
#5737=CARTESIAN_POINT('Ctrl Pts',(-56.6308323153441,201.284233498121,3.));
#5738=CARTESIAN_POINT('Ctrl Pts',(-56.6495003413682,201.317804795991,-2.));
#5739=CARTESIAN_POINT('Ctrl Pts',(-56.6495003413682,201.317804795991,3.));
#5740=CARTESIAN_POINT('Ctrl Pts',(-56.6683129481272,201.351227377186,-2.));
#5741=CARTESIAN_POINT('Ctrl Pts',(-56.6683129481272,201.351227377186,3.));
#5742=CARTESIAN_POINT('Ctrl Pts',(-56.6872705303243,201.384499665497,-2.));
#5743=CARTESIAN_POINT('Ctrl Pts',(-56.6872705303243,201.384499665497,3.));
#5744=CARTESIAN_POINT('Ctrl Pts',(-56.7063734846499,201.417620059864,-2.));
#5745=CARTESIAN_POINT('Ctrl Pts',(-56.7063734846499,201.417620059864,3.));
#5746=CARTESIAN_POINT('Ctrl Pts',(-56.7256222022669,201.450586962087,-2.));
#5747=CARTESIAN_POINT('Ctrl Pts',(-56.7256222022669,201.450586962087,3.));
#5748=CARTESIAN_POINT('Ctrl Pts',(-56.7450170530609,201.483398818959,-2.));
#5749=CARTESIAN_POINT('Ctrl Pts',(-56.7450170530609,201.483398818959,3.));
#5750=CARTESIAN_POINT('Ctrl Pts',(-56.7645584067646,201.516054091649,-2.));
#5751=CARTESIAN_POINT('Ctrl Pts',(-56.7645584067646,201.516054091649,3.));
#5752=CARTESIAN_POINT('Ctrl Pts',(-56.7842466676577,201.548551196882,-2.));
#5753=CARTESIAN_POINT('Ctrl Pts',(-56.7842466676577,201.548551196882,3.));
#5754=CARTESIAN_POINT('Ctrl Pts',(-56.8040823064867,201.580888454319,-2.));
#5755=CARTESIAN_POINT('Ctrl Pts',(-56.8040823064867,201.580888454319,3.));
#5756=CARTESIAN_POINT('Ctrl Pts',(-56.8240658868208,201.613064041174,-2.));
#5757=CARTESIAN_POINT('Ctrl Pts',(-56.8240658868208,201.613064041174,3.));
#5758=CARTESIAN_POINT('Ctrl Pts',(-56.8441981071783,201.645075922706,-2.));
#5759=CARTESIAN_POINT('Ctrl Pts',(-56.8441981071783,201.645075922706,3.));
#5760=CARTESIAN_POINT('Ctrl Pts',(-56.8644797632176,201.676921904975,-2.));
#5761=CARTESIAN_POINT('Ctrl Pts',(-56.8644797632176,201.676921904975,3.));
#5762=CARTESIAN_POINT('Ctrl Pts',(-56.8849116728742,201.708599744707,-2.));
#5763=CARTESIAN_POINT('Ctrl Pts',(-56.8849116728742,201.708599744707,3.));
#5764=CARTESIAN_POINT('Ctrl Pts',(-56.9054946055399,201.740107251693,-2.));
#5765=CARTESIAN_POINT('Ctrl Pts',(-56.9054946055399,201.740107251693,3.));
#5766=CARTESIAN_POINT('Ctrl Pts',(-56.9262292231236,201.771442374576,-2.));
#5767=CARTESIAN_POINT('Ctrl Pts',(-56.9262292231236,201.771442374576,3.));
#5768=CARTESIAN_POINT('Ctrl Pts',(-56.9471159780073,201.802603347653,-2.));
#5769=CARTESIAN_POINT('Ctrl Pts',(-56.9471159780073,201.802603347653,3.));
#5770=CARTESIAN_POINT('Ctrl Pts',(-56.9681552049308,201.833588560692,-2.));
#5771=CARTESIAN_POINT('Ctrl Pts',(-56.9681552049308,201.833588560692,3.));
#5772=CARTESIAN_POINT('Ctrl Pts',(-56.9893473129964,201.864396285426,-2.));
#5773=CARTESIAN_POINT('Ctrl Pts',(-56.9893473129964,201.864396285426,3.));
#5774=CARTESIAN_POINT('Ctrl Pts',(-57.0106929609863,201.895024425876,-2.));
#5775=CARTESIAN_POINT('Ctrl Pts',(-57.0106929609863,201.895024425876,3.));
#5776=CARTESIAN_POINT('Ctrl Pts',(-57.0321932050993,201.925470307321,-2.));
#5777=CARTESIAN_POINT('Ctrl Pts',(-57.0321932050993,201.925470307321,3.));
#5778=CARTESIAN_POINT('Ctrl Pts',(-57.0538497418369,201.955730330436,-2.));
#5779=CARTESIAN_POINT('Ctrl Pts',(-57.0538497418369,201.955730330436,3.));
#5780=CARTESIAN_POINT('Ctrl Pts',(-57.0756647123072,201.985800246056,-2.));
#5781=CARTESIAN_POINT('Ctrl Pts',(-57.0756647123072,201.985800246056,3.));
#5782=CARTESIAN_POINT('Ctrl Pts',(-57.0976402706878,202.015675763662,-2.));
#5783=CARTESIAN_POINT('Ctrl Pts',(-57.0976402706878,202.015675763662,3.));
#5784=CARTESIAN_POINT('Ctrl Pts',(-57.1197781879962,202.045353109544,-2.));
#5785=CARTESIAN_POINT('Ctrl Pts',(-57.1197781879962,202.045353109544,3.));
#5786=CARTESIAN_POINT('Ctrl Pts',(-57.1420795195178,202.074829494984,-2.));
#5787=CARTESIAN_POINT('Ctrl Pts',(-57.1420795195178,202.074829494984,3.));
#5788=CARTESIAN_POINT('Ctrl Pts',(-57.1645440434257,202.104103907324,-2.));
#5789=CARTESIAN_POINT('Ctrl Pts',(-57.1645440434257,202.104103907324,3.));
#5790=CARTESIAN_POINT('Ctrl Pts',(-57.1871707523971,202.133176413828,-2.));
#5791=CARTESIAN_POINT('Ctrl Pts',(-57.1871707523971,202.133176413828,3.));
#5792=CARTESIAN_POINT('Ctrl Pts',(-57.2099588936382,202.162046690827,-2.));
#5793=CARTESIAN_POINT('Ctrl Pts',(-57.2099588936382,202.162046690827,3.));
#5794=CARTESIAN_POINT('Ctrl Pts',(-57.2329089209033,202.19071267712,-2.));
#5795=CARTESIAN_POINT('Ctrl Pts',(-57.2329089209033,202.19071267712,3.));
#5796=CARTESIAN_POINT('Ctrl Pts',(-57.256023301048,202.219169432293,-2.));
#5797=CARTESIAN_POINT('Ctrl Pts',(-57.256023301048,202.219169432293,3.));
#5798=CARTESIAN_POINT('Ctrl Pts',(-57.279307840904,202.24740726092,-2.));
#5799=CARTESIAN_POINT('Ctrl Pts',(-57.279307840904,202.24740726092,3.));
#5800=CARTESIAN_POINT('Ctrl Pts',(-57.3027704993767,202.27541338409,-2.));
#5801=CARTESIAN_POINT('Ctrl Pts',(-57.3027704993767,202.27541338409,3.));
#5802=CARTESIAN_POINT('Ctrl Pts',(-57.326419019587,202.303175275126,-2.));
#5803=CARTESIAN_POINT('Ctrl Pts',(-57.326419019587,202.303175275126,3.));
#5804=CARTESIAN_POINT('Ctrl Pts',(-57.3502587447888,202.330683736264,-2.));
#5805=CARTESIAN_POINT('Ctrl Pts',(-57.3502587447888,202.330683736264,3.));
#5806=CARTESIAN_POINT('Ctrl Pts',(-57.3742907665112,202.357935505703,-2.));
#5807=CARTESIAN_POINT('Ctrl Pts',(-57.3742907665112,202.357935505703,3.));
#5808=CARTESIAN_POINT('Ctrl Pts',(-57.3985088813893,202.384937547099,-2.));
#5809=CARTESIAN_POINT('Ctrl Pts',(-57.3985088813893,202.384937547099,3.));
#5810=CARTESIAN_POINT('Ctrl Pts',(-57.4229027618485,202.411702562909,-2.));
#5811=CARTESIAN_POINT('Ctrl Pts',(-57.4229027618485,202.411702562909,3.));
#5812=CARTESIAN_POINT('Ctrl Pts',(-57.4474635618814,202.43824106809,-2.));
#5813=CARTESIAN_POINT('Ctrl Pts',(-57.4474635618814,202.43824106809,3.));
#5814=CARTESIAN_POINT('Ctrl Pts',(-57.4721891264934,202.464554024146,-2.));
#5815=CARTESIAN_POINT('Ctrl Pts',(-57.4721891264934,202.464554024146,3.));
#5816=CARTESIAN_POINT('Ctrl Pts',(-57.4970885037352,202.490626456245,-2.));
#5817=CARTESIAN_POINT('Ctrl Pts',(-57.4970885037352,202.490626456245,3.));
#5818=CARTESIAN_POINT('Ctrl Pts',(-57.5221889891887,202.516417498059,-2.));
#5819=CARTESIAN_POINT('Ctrl Pts',(-57.5221889891887,202.516417498059,3.));
#5820=CARTESIAN_POINT('Ctrl Pts',(-57.5475279858574,202.541871853134,-2.));
#5821=CARTESIAN_POINT('Ctrl Pts',(-57.5475279858574,202.541871853134,3.));
#5822=CARTESIAN_POINT('Ctrl Pts',(-57.5731403506287,202.566937616453,-2.));
#5823=CARTESIAN_POINT('Ctrl Pts',(-57.5731403506287,202.566937616453,3.));
#5824=CARTESIAN_POINT('Ctrl Pts',(-57.5990464902347,202.591583050266,-2.));
#5825=CARTESIAN_POINT('Ctrl Pts',(-57.5990464902347,202.591583050266,3.));
#5826=CARTESIAN_POINT('Ctrl Pts',(-57.6252418173819,202.615811414473,-2.));
#5827=CARTESIAN_POINT('Ctrl Pts',(-57.6252418173819,202.615811414473,3.));
#5828=CARTESIAN_POINT('Ctrl Pts',(-57.6516811899293,202.639682941408,-2.));
#5829=CARTESIAN_POINT('Ctrl Pts',(-57.6516811899293,202.639682941408,3.));
#5830=CARTESIAN_POINT('Ctrl Pts',(-57.678301937887,202.66328189064,-2.));
#5831=CARTESIAN_POINT('Ctrl Pts',(-57.678301937887,202.66328189064,3.));
#5832=CARTESIAN_POINT('Ctrl Pts',(-57.7050546582276,202.686672558399,-2.));
#5833=CARTESIAN_POINT('Ctrl Pts',(-57.7050546582276,202.686672558399,3.));
#5834=CARTESIAN_POINT('Ctrl Pts',(-57.7319322265574,202.709857802169,-2.));
#5835=CARTESIAN_POINT('Ctrl Pts',(-57.7319322265574,202.709857802169,3.));
#5836=CARTESIAN_POINT('Ctrl Pts',(-57.7589975801835,202.73273936231,-2.));
#5837=CARTESIAN_POINT('Ctrl Pts',(-57.7589975801835,202.73273936231,3.));
#5838=CARTESIAN_POINT('Ctrl Pts',(-57.7864175196909,202.755069487266,-2.));
#5839=CARTESIAN_POINT('Ctrl Pts',(-57.7864175196909,202.755069487266,3.));
#5840=CARTESIAN_POINT('Ctrl Pts',(-57.8144164042398,202.776518176443,-2.));
#5841=CARTESIAN_POINT('Ctrl Pts',(-57.8144164042398,202.776518176443,3.));
#5842=CARTESIAN_POINT('Ctrl Pts',(-57.8374605064812,202.792705573272,-2.));
#5843=CARTESIAN_POINT('Ctrl Pts',(-57.8374605064812,202.792705573272,3.));
#5844=CARTESIAN_POINT('Ctrl Pts',(-57.8551867835734,202.804182108088,-2.));
#5845=CARTESIAN_POINT('Ctrl Pts',(-57.8551867835734,202.804182108088,3.));
#5846=CARTESIAN_POINT('Ctrl Pts',(-57.8672115473625,202.811523029843,-2.));
#5847=CARTESIAN_POINT('Ctrl Pts',(-57.8672115473625,202.811523029843,3.));
#5848=CARTESIAN_POINT('Ctrl Pts',(-57.8732757411922,202.815115964629,-2.));
#5849=CARTESIAN_POINT('Ctrl Pts',(-57.8732757411922,202.815115964629,3.));
#5850=CARTESIAN_POINT('',(-57.8732757411922,202.815115964629,3.));
#5851=CARTESIAN_POINT('',(-57.8732757411922,202.815115964629,-2.));
#5852=CARTESIAN_POINT('Ctrl Pts',(-56.3515984606249,200.727937908966,3.));
#5853=CARTESIAN_POINT('Ctrl Pts',(-56.3548629928021,200.735105677595,3.));
#5854=CARTESIAN_POINT('Ctrl Pts',(-56.3614060997167,200.749428161555,3.));
#5855=CARTESIAN_POINT('Ctrl Pts',(-56.3712628877669,200.770872727599,3.));
#5856=CARTESIAN_POINT('Ctrl Pts',(-56.3844895552017,200.79938713653,3.));
#5857=CARTESIAN_POINT('Ctrl Pts',(-56.4011635366995,200.834899351089,3.));
#5858=CARTESIAN_POINT('Ctrl Pts',(-56.4179784098398,200.870280369388,3.));
#5859=CARTESIAN_POINT('Ctrl Pts',(-56.4349344517872,200.905529587572,3.));
#5860=CARTESIAN_POINT('Ctrl Pts',(-56.4520319365929,200.940646176019,3.));
#5861=CARTESIAN_POINT('Ctrl Pts',(-56.4692710943396,200.97562905101,3.));
#5862=CARTESIAN_POINT('Ctrl Pts',(-56.4866521232978,201.010476936211,3.));
#5863=CARTESIAN_POINT('Ctrl Pts',(-56.5041752066129,201.04518843257,3.));
#5864=CARTESIAN_POINT('Ctrl Pts',(-56.5218405265428,201.079762087983,3.));
#5865=CARTESIAN_POINT('Ctrl Pts',(-56.5396482782116,201.114196463369,3.));
#5866=CARTESIAN_POINT('Ctrl Pts',(-56.5575986837269,201.148490213295,3.));
#5867=CARTESIAN_POINT('Ctrl Pts',(-56.5756919948555,201.18264206038,3.));
#5868=CARTESIAN_POINT('Ctrl Pts',(-56.593928492587,201.216650748845,3.));
#5869=CARTESIAN_POINT('Ctrl Pts',(-56.6123084869329,201.250515004794,3.));
#5870=CARTESIAN_POINT('Ctrl Pts',(-56.6308323153441,201.284233498121,3.));
#5871=CARTESIAN_POINT('Ctrl Pts',(-56.6495003413682,201.317804795991,3.));
#5872=CARTESIAN_POINT('Ctrl Pts',(-56.6683129481272,201.351227377186,3.));
#5873=CARTESIAN_POINT('Ctrl Pts',(-56.6872705303243,201.384499665497,3.));
#5874=CARTESIAN_POINT('Ctrl Pts',(-56.7063734846499,201.417620059864,3.));
#5875=CARTESIAN_POINT('Ctrl Pts',(-56.7256222022669,201.450586962087,3.));
#5876=CARTESIAN_POINT('Ctrl Pts',(-56.7450170530609,201.483398818959,3.));
#5877=CARTESIAN_POINT('Ctrl Pts',(-56.7645584067646,201.516054091649,3.));
#5878=CARTESIAN_POINT('Ctrl Pts',(-56.7842466676577,201.548551196882,3.));
#5879=CARTESIAN_POINT('Ctrl Pts',(-56.8040823064867,201.580888454319,3.));
#5880=CARTESIAN_POINT('Ctrl Pts',(-56.8240658868208,201.613064041174,3.));
#5881=CARTESIAN_POINT('Ctrl Pts',(-56.8441981071783,201.645075922706,3.));
#5882=CARTESIAN_POINT('Ctrl Pts',(-56.8644797632176,201.676921904975,3.));
#5883=CARTESIAN_POINT('Ctrl Pts',(-56.8849116728742,201.708599744707,3.));
#5884=CARTESIAN_POINT('Ctrl Pts',(-56.9054946055399,201.740107251693,3.));
#5885=CARTESIAN_POINT('Ctrl Pts',(-56.9262292231236,201.771442374576,3.));
#5886=CARTESIAN_POINT('Ctrl Pts',(-56.9471159780073,201.802603347653,3.));
#5887=CARTESIAN_POINT('Ctrl Pts',(-56.9681552049308,201.833588560692,3.));
#5888=CARTESIAN_POINT('Ctrl Pts',(-56.9893473129964,201.864396285426,3.));
#5889=CARTESIAN_POINT('Ctrl Pts',(-57.0106929609863,201.895024425876,3.));
#5890=CARTESIAN_POINT('Ctrl Pts',(-57.0321932050993,201.925470307321,3.));
#5891=CARTESIAN_POINT('Ctrl Pts',(-57.0538497418369,201.955730330436,3.));
#5892=CARTESIAN_POINT('Ctrl Pts',(-57.0756647123072,201.985800246056,3.));
#5893=CARTESIAN_POINT('Ctrl Pts',(-57.0976402706878,202.015675763662,3.));
#5894=CARTESIAN_POINT('Ctrl Pts',(-57.1197781879962,202.045353109544,3.));
#5895=CARTESIAN_POINT('Ctrl Pts',(-57.1420795195178,202.074829494984,3.));
#5896=CARTESIAN_POINT('Ctrl Pts',(-57.1645440434257,202.104103907324,3.));
#5897=CARTESIAN_POINT('Ctrl Pts',(-57.1871707523971,202.133176413828,3.));
#5898=CARTESIAN_POINT('Ctrl Pts',(-57.2099588936382,202.162046690827,3.));
#5899=CARTESIAN_POINT('Ctrl Pts',(-57.2329089209033,202.19071267712,3.));
#5900=CARTESIAN_POINT('Ctrl Pts',(-57.256023301048,202.219169432293,3.));
#5901=CARTESIAN_POINT('Ctrl Pts',(-57.279307840904,202.24740726092,3.));
#5902=CARTESIAN_POINT('Ctrl Pts',(-57.3027704993767,202.27541338409,3.));
#5903=CARTESIAN_POINT('Ctrl Pts',(-57.326419019587,202.303175275126,3.));
#5904=CARTESIAN_POINT('Ctrl Pts',(-57.3502587447888,202.330683736264,3.));
#5905=CARTESIAN_POINT('Ctrl Pts',(-57.3742907665112,202.357935505703,3.));
#5906=CARTESIAN_POINT('Ctrl Pts',(-57.3985088813893,202.384937547099,3.));
#5907=CARTESIAN_POINT('Ctrl Pts',(-57.4229027618485,202.411702562909,3.));
#5908=CARTESIAN_POINT('Ctrl Pts',(-57.4474635618814,202.43824106809,3.));
#5909=CARTESIAN_POINT('Ctrl Pts',(-57.4721891264934,202.464554024146,3.));
#5910=CARTESIAN_POINT('Ctrl Pts',(-57.4970885037352,202.490626456245,3.));
#5911=CARTESIAN_POINT('Ctrl Pts',(-57.5221889891887,202.516417498059,3.));
#5912=CARTESIAN_POINT('Ctrl Pts',(-57.5475279858574,202.541871853134,3.));
#5913=CARTESIAN_POINT('Ctrl Pts',(-57.5731403506287,202.566937616453,3.));
#5914=CARTESIAN_POINT('Ctrl Pts',(-57.5990464902347,202.591583050266,3.));
#5915=CARTESIAN_POINT('Ctrl Pts',(-57.6252418173819,202.615811414473,3.));
#5916=CARTESIAN_POINT('Ctrl Pts',(-57.6516811899293,202.639682941408,3.));
#5917=CARTESIAN_POINT('Ctrl Pts',(-57.678301937887,202.66328189064,3.));
#5918=CARTESIAN_POINT('Ctrl Pts',(-57.7050546582276,202.686672558399,3.));
#5919=CARTESIAN_POINT('Ctrl Pts',(-57.7319322265574,202.709857802169,3.));
#5920=CARTESIAN_POINT('Ctrl Pts',(-57.7589975801835,202.73273936231,3.));
#5921=CARTESIAN_POINT('Ctrl Pts',(-57.7864175196909,202.755069487266,3.));
#5922=CARTESIAN_POINT('Ctrl Pts',(-57.8144164042398,202.776518176443,3.));
#5923=CARTESIAN_POINT('Ctrl Pts',(-57.8374605064812,202.792705573272,3.));
#5924=CARTESIAN_POINT('Ctrl Pts',(-57.8551867835734,202.804182108088,3.));
#5925=CARTESIAN_POINT('Ctrl Pts',(-57.8672115473625,202.811523029843,3.));
#5926=CARTESIAN_POINT('Ctrl Pts',(-57.8732757411922,202.815115964629,3.));
#5927=CARTESIAN_POINT('Origin',(-57.8732757411922,202.815115964629,-2.));
#5928=CARTESIAN_POINT('',(-58.2699281297676,203.050125960193,3.));
#5929=CARTESIAN_POINT('',(-58.2699281297676,203.050125960193,-2.));
#5930=CARTESIAN_POINT('',(-58.5967203081125,203.243744933872,3.));
#5931=CARTESIAN_POINT('Origin',(-58.0787782825612,203.372750720422,-2.));
#5932=CARTESIAN_POINT('',(-58.4065364954018,203.554958167898,3.));
#5933=CARTESIAN_POINT('',(-58.4065364954018,203.554958167898,-2.));
#5934=CARTESIAN_POINT('Origin',(-58.0787782825612,203.372750720422,3.));
#5935=CARTESIAN_POINT('Origin',(-70.,210.,-2.));
#5936=CARTESIAN_POINT('',(-57.9713847573779,204.408991540432,3.));
#5937=CARTESIAN_POINT('',(-57.9713847573779,204.408991540432,-2.));
#5938=CARTESIAN_POINT('Origin',(-70.,210.,3.));
#5939=CARTESIAN_POINT('Origin',(-57.6313243920431,204.250928426682,-2.));
#5940=CARTESIAN_POINT('',(-57.4826705393775,204.595205977631,3.));
#5941=CARTESIAN_POINT('',(-57.4826705393775,204.595205977631,-2.));
#5942=CARTESIAN_POINT('Origin',(-57.6313243920431,204.250928426682,3.));
#5943=CARTESIAN_POINT('Origin',(-57.8313952025126,204.745780026249,-2.));
#5944=CARTESIAN_POINT('',(-57.0593970348271,204.412442863948,3.));
#5945=CARTESIAN_POINT('',(-57.0593970348271,204.412442863948,-2.));
#5946=CARTESIAN_POINT('',(-57.8313952025126,204.745780026249,3.));
#5947=CARTESIAN_POINT('Ctrl Pts',(-57.0593970348271,204.412442863948,-2.));
#5948=CARTESIAN_POINT('Ctrl Pts',(-57.0593970348271,204.412442863948,3.));
#5949=CARTESIAN_POINT('Ctrl Pts',(-57.0529258458251,204.409648702163,-2.));
#5950=CARTESIAN_POINT('Ctrl Pts',(-57.0529258458251,204.409648702163,3.));
#5951=CARTESIAN_POINT('Ctrl Pts',(-57.0399189365539,204.404235349449,-2.));
#5952=CARTESIAN_POINT('Ctrl Pts',(-57.0399189365539,204.404235349449,3.));
#5953=CARTESIAN_POINT('Ctrl Pts',(-57.0202149805977,204.396640227948,-2.));
#5954=CARTESIAN_POINT('Ctrl Pts',(-57.0202149805977,204.396640227948,3.));
#5955=CARTESIAN_POINT('Ctrl Pts',(-56.9935741180188,204.387511870743,-2.));
#5956=CARTESIAN_POINT('Ctrl Pts',(-56.9935741180188,204.387511870743,3.));
#5957=CARTESIAN_POINT('Ctrl Pts',(-56.9597644325492,204.377467520499,-2.));
#5958=CARTESIAN_POINT('Ctrl Pts',(-56.9597644325492,204.377467520499,3.));
#5959=CARTESIAN_POINT('Ctrl Pts',(-56.9255819459123,204.368409641583,-2.));
#5960=CARTESIAN_POINT('Ctrl Pts',(-56.9255819459123,204.368409641583,3.));
#5961=CARTESIAN_POINT('Ctrl Pts',(-56.8911617591907,204.359962754141,-2.));
#5962=CARTESIAN_POINT('Ctrl Pts',(-56.8911617591907,204.359962754141,3.));
#5963=CARTESIAN_POINT('Ctrl Pts',(-56.8566062646803,204.351846288954,-2.));
#5964=CARTESIAN_POINT('Ctrl Pts',(-56.8566062646803,204.351846288954,3.));
#5965=CARTESIAN_POINT('Ctrl Pts',(-56.8219579624787,204.343951573102,-2.));
#5966=CARTESIAN_POINT('Ctrl Pts',(-56.8219579624787,204.343951573102,3.));
#5967=CARTESIAN_POINT('Ctrl Pts',(-56.7872187284462,204.33628604993,-2.));
#5968=CARTESIAN_POINT('Ctrl Pts',(-56.7872187284462,204.33628604993,3.));
#5969=CARTESIAN_POINT('Ctrl Pts',(-56.7523655842103,204.328927479701,-2.));
#5970=CARTESIAN_POINT('Ctrl Pts',(-56.7523655842103,204.328927479701,3.));
#5971=CARTESIAN_POINT('Ctrl Pts',(-56.7173671988454,204.321976090033,-2.));
#5972=CARTESIAN_POINT('Ctrl Pts',(-56.7173671988454,204.321976090033,3.));
#5973=CARTESIAN_POINT('Ctrl Pts',(-56.6822013772525,204.315503805365,-2.));
#5974=CARTESIAN_POINT('Ctrl Pts',(-56.6822013772525,204.315503805365,3.));
#5975=CARTESIAN_POINT('Ctrl Pts',(-56.6468681784617,204.309516253015,-2.));
#5976=CARTESIAN_POINT('Ctrl Pts',(-56.6468681784617,204.309516253015,3.));
#5977=CARTESIAN_POINT('Ctrl Pts',(-56.6113812840748,204.30397826861,-2.));
#5978=CARTESIAN_POINT('Ctrl Pts',(-56.6113812840748,204.30397826861,3.));
#5979=CARTESIAN_POINT('Ctrl Pts',(-56.5757621977705,204.29883114333,-2.));
#5980=CARTESIAN_POINT('Ctrl Pts',(-56.5757621977705,204.29883114333,3.));
#5981=CARTESIAN_POINT('Ctrl Pts',(-56.5400336703831,204.294012115072,-2.));
#5982=CARTESIAN_POINT('Ctrl Pts',(-56.5400336703831,204.294012115072,3.));
#5983=CARTESIAN_POINT('Ctrl Pts',(-56.5042127195284,204.289475080619,-2.));
#5984=CARTESIAN_POINT('Ctrl Pts',(-56.5042127195284,204.289475080619,3.));
#5985=CARTESIAN_POINT('Ctrl Pts',(-56.468306141788,204.28520391796,-2.));
#5986=CARTESIAN_POINT('Ctrl Pts',(-56.468306141788,204.28520391796,3.));
#5987=CARTESIAN_POINT('Ctrl Pts',(-56.4323144259629,204.28120093568,-2.));
#5988=CARTESIAN_POINT('Ctrl Pts',(-56.4323144259629,204.28120093568,3.));
#5989=CARTESIAN_POINT('Ctrl Pts',(-56.3962342648269,204.277479470886,-2.));
#5990=CARTESIAN_POINT('Ctrl Pts',(-56.3962342648269,204.277479470886,3.));
#5991=CARTESIAN_POINT('Ctrl Pts',(-56.3600614522729,204.274055345079,-2.));
#5992=CARTESIAN_POINT('Ctrl Pts',(-56.3600614522729,204.274055345079,3.));
#5993=CARTESIAN_POINT('Ctrl Pts',(-56.3237940008307,204.27093767002,-2.));
#5994=CARTESIAN_POINT('Ctrl Pts',(-56.3237940008307,204.27093767002,3.));
#5995=CARTESIAN_POINT('Ctrl Pts',(-56.2874339077682,204.268123645405,-2.));
#5996=CARTESIAN_POINT('Ctrl Pts',(-56.2874339077682,204.268123645405,3.));
#5997=CARTESIAN_POINT('Ctrl Pts',(-56.2509854735475,204.26560354214,-2.));
#5998=CARTESIAN_POINT('Ctrl Pts',(-56.2509854735475,204.26560354214,3.));
#5999=CARTESIAN_POINT('Ctrl Pts',(-56.2144542811699,204.263363732914,-2.));
#6000=CARTESIAN_POINT('Ctrl Pts',(-56.2144542811699,204.263363732914,3.));
#6001=CARTESIAN_POINT('Ctrl Pts',(-56.1778459908654,204.261390267581,-2.));
#6002=CARTESIAN_POINT('Ctrl Pts',(-56.1778459908654,204.261390267581,3.));
#6003=CARTESIAN_POINT('Ctrl Pts',(-56.1411650332281,204.259672749488,-2.));
#6004=CARTESIAN_POINT('Ctrl Pts',(-56.1411650332281,204.259672749488,3.));
#6005=CARTESIAN_POINT('Ctrl Pts',(-56.1044139551544,204.258206279003,-2.));
#6006=CARTESIAN_POINT('Ctrl Pts',(-56.1044139551544,204.258206279003,3.));
#6007=CARTESIAN_POINT('Ctrl Pts',(-56.0675941574822,204.256989277489,-2.));
#6008=CARTESIAN_POINT('Ctrl Pts',(-56.0675941574822,204.256989277489,3.));
#6009=CARTESIAN_POINT('Ctrl Pts',(-56.0307063445466,204.25602216372,-2.));
#6010=CARTESIAN_POINT('Ctrl Pts',(-56.0307063445466,204.25602216372,3.));
#6011=CARTESIAN_POINT('Ctrl Pts',(-55.9937510540179,204.255305792174,-2.));
#6012=CARTESIAN_POINT('Ctrl Pts',(-55.9937510540179,204.255305792174,3.));
#6013=CARTESIAN_POINT('Ctrl Pts',(-55.9567292355411,204.254839747088,-2.));
#6014=CARTESIAN_POINT('Ctrl Pts',(-55.9567292355411,204.254839747088,3.));
#6015=CARTESIAN_POINT('Ctrl Pts',(-55.9196425249548,204.254621535551,-2.));
#6016=CARTESIAN_POINT('Ctrl Pts',(-55.9196425249548,204.254621535551,3.));
#6017=CARTESIAN_POINT('Ctrl Pts',(-55.8824929342771,204.254647506648,-2.));
#6018=CARTESIAN_POINT('Ctrl Pts',(-55.8824929342771,204.254647506648,3.));
#6019=CARTESIAN_POINT('Ctrl Pts',(-55.8452826684164,204.254913395709,-2.));
#6020=CARTESIAN_POINT('Ctrl Pts',(-55.8452826684164,204.254913395709,3.));
#6021=CARTESIAN_POINT('Ctrl Pts',(-55.8080139065092,204.255414972944,-2.));
#6022=CARTESIAN_POINT('Ctrl Pts',(-55.8080139065092,204.255414972944,3.));
#6023=CARTESIAN_POINT('Ctrl Pts',(-55.7706885632895,204.256148750227,-2.));
#6024=CARTESIAN_POINT('Ctrl Pts',(-55.7706885632895,204.256148750227,3.));
#6025=CARTESIAN_POINT('Ctrl Pts',(-55.7333081818357,204.25711230091,-2.));
#6026=CARTESIAN_POINT('Ctrl Pts',(-55.7333081818357,204.25711230091,3.));
#6027=CARTESIAN_POINT('Ctrl Pts',(-55.6958740706077,204.258303860044,-2.));
#6028=CARTESIAN_POINT('Ctrl Pts',(-55.6958740706077,204.258303860044,3.));
#6029=CARTESIAN_POINT('Ctrl Pts',(-55.6583873873385,204.259722080807,-2.));
#6030=CARTESIAN_POINT('Ctrl Pts',(-55.6583873873385,204.259722080807,3.));
#6031=CARTESIAN_POINT('Ctrl Pts',(-55.6208492379773,204.26136574592,-2.));
#6032=CARTESIAN_POINT('Ctrl Pts',(-55.6208492379773,204.26136574592,3.));
#6033=CARTESIAN_POINT('Ctrl Pts',(-55.5832607851051,204.263233451542,-2.));
#6034=CARTESIAN_POINT('Ctrl Pts',(-55.5832607851051,204.263233451542,3.));
#6035=CARTESIAN_POINT('Ctrl Pts',(-55.5456232992452,204.265323456421,-2.));
#6036=CARTESIAN_POINT('Ctrl Pts',(-55.5456232992452,204.265323456421,3.));
#6037=CARTESIAN_POINT('Ctrl Pts',(-55.5079381000746,204.267633850734,-2.));
#6038=CARTESIAN_POINT('Ctrl Pts',(-55.5079381000746,204.267633850734,3.));
#6039=CARTESIAN_POINT('Ctrl Pts',(-55.4702065216717,204.270162654193,-2.));
#6040=CARTESIAN_POINT('Ctrl Pts',(-55.4702065216717,204.270162654193,3.));
#6041=CARTESIAN_POINT('Ctrl Pts',(-55.4324298712932,204.272907933531,-2.));
#6042=CARTESIAN_POINT('Ctrl Pts',(-55.4324298712932,204.272907933531,3.));
#6043=CARTESIAN_POINT('Ctrl Pts',(-55.3946093845021,204.275867927645,-2.));
#6044=CARTESIAN_POINT('Ctrl Pts',(-55.3946093845021,204.275867927645,3.));
#6045=CARTESIAN_POINT('Ctrl Pts',(-55.3567462047042,204.279041109191,-2.));
#6046=CARTESIAN_POINT('Ctrl Pts',(-55.3567462047042,204.279041109191,3.));
#6047=CARTESIAN_POINT('Ctrl Pts',(-55.3188414146249,204.282426109649,-2.));
#6048=CARTESIAN_POINT('Ctrl Pts',(-55.3188414146249,204.282426109649,3.));
#6049=CARTESIAN_POINT('Ctrl Pts',(-55.2808960575314,204.286021671323,-2.));
#6050=CARTESIAN_POINT('Ctrl Pts',(-55.2808960575314,204.286021671323,3.));
#6051=CARTESIAN_POINT('Ctrl Pts',(-55.2429111610406,204.289826590591,-2.));
#6052=CARTESIAN_POINT('Ctrl Pts',(-55.2429111610406,204.289826590591,3.));
#6053=CARTESIAN_POINT('Ctrl Pts',(-55.2048877643095,204.293839655258,-2.));
#6054=CARTESIAN_POINT('Ctrl Pts',(-55.2048877643095,204.293839655258,3.));
#6055=CARTESIAN_POINT('Ctrl Pts',(-55.166826930389,204.298059609468,-2.));
#6056=CARTESIAN_POINT('Ctrl Pts',(-55.166826930389,204.298059609468,3.));
#6057=CARTESIAN_POINT('Ctrl Pts',(-55.1287297213967,204.302485191211,-2.));
#6058=CARTESIAN_POINT('Ctrl Pts',(-55.1287297213967,204.302485191211,3.));
#6059=CARTESIAN_POINT('Ctrl Pts',(-55.0905971805105,204.307115154694,-2.));
#6060=CARTESIAN_POINT('Ctrl Pts',(-55.0905971805105,204.307115154694,3.));
#6061=CARTESIAN_POINT('Ctrl Pts',(-55.0524303132277,204.311948295816,-2.));
#6062=CARTESIAN_POINT('Ctrl Pts',(-55.0524303132277,204.311948295816,3.));
#6063=CARTESIAN_POINT('Ctrl Pts',(-55.0142300650495,204.31698347826,-2.));
#6064=CARTESIAN_POINT('Ctrl Pts',(-55.0142300650495,204.31698347826,3.));
#6065=CARTESIAN_POINT('Ctrl Pts',(-54.975997313705,204.322219647207,-2.));
#6066=CARTESIAN_POINT('Ctrl Pts',(-54.975997313705,204.322219647207,3.));
#6067=CARTESIAN_POINT('Ctrl Pts',(-54.9377329075774,204.327655803074,-2.));
#6068=CARTESIAN_POINT('Ctrl Pts',(-54.9377329075774,204.327655803074,3.));
#6069=CARTESIAN_POINT('Ctrl Pts',(-54.8994376974518,204.333290980409,-2.));
#6070=CARTESIAN_POINT('Ctrl Pts',(-54.8994376974518,204.333290980409,3.));
#6071=CARTESIAN_POINT('Ctrl Pts',(-54.8611125687662,204.339124224701,-2.));
#6072=CARTESIAN_POINT('Ctrl Pts',(-54.8611125687662,204.339124224701,3.));
#6073=CARTESIAN_POINT('Ctrl Pts',(-54.8227584794475,204.345154565437,-2.));
#6074=CARTESIAN_POINT('Ctrl Pts',(-54.8227584794475,204.345154565437,3.));
#6075=CARTESIAN_POINT('Ctrl Pts',(-54.7843764790462,204.351380998885,-2.));
#6076=CARTESIAN_POINT('Ctrl Pts',(-54.7843764790462,204.351380998885,3.));
#6077=CARTESIAN_POINT('Ctrl Pts',(-54.7459676352091,204.357802524073,-2.));
#6078=CARTESIAN_POINT('Ctrl Pts',(-54.7459676352091,204.357802524073,3.));
#6079=CARTESIAN_POINT('Ctrl Pts',(-54.7075329721432,204.36441817049,-2.));
#6080=CARTESIAN_POINT('Ctrl Pts',(-54.7075329721432,204.36441817049,3.));
#6081=CARTESIAN_POINT('Ctrl Pts',(-54.669073405885,204.371227027521,-2.));
#6082=CARTESIAN_POINT('Ctrl Pts',(-54.669073405885,204.371227027521,3.));
#6083=CARTESIAN_POINT('Ctrl Pts',(-54.6305896779422,204.378228272032,-2.));
#6084=CARTESIAN_POINT('Ctrl Pts',(-54.6305896779422,204.378228272032,3.));
#6085=CARTESIAN_POINT('Ctrl Pts',(-54.5920822984087,204.38542119467,-2.));
#6086=CARTESIAN_POINT('Ctrl Pts',(-54.5920822984087,204.38542119467,3.));
#6087=CARTESIAN_POINT('Ctrl Pts',(-54.5535515929014,204.392805216269,-2.));
#6088=CARTESIAN_POINT('Ctrl Pts',(-54.5535515929014,204.392805216269,3.));
#6089=CARTESIAN_POINT('Ctrl Pts',(-54.5227085114362,204.398864966583,-2.));
#6090=CARTESIAN_POINT('Ctrl Pts',(-54.5227085114362,204.398864966583,3.));
#6091=CARTESIAN_POINT('Ctrl Pts',(-54.499565818419,204.403495457202,-2.));
#6092=CARTESIAN_POINT('Ctrl Pts',(-54.499565818419,204.403495457202,3.));
#6093=CARTESIAN_POINT('Ctrl Pts',(-54.4841327437454,204.40662051736,-2.));
#6094=CARTESIAN_POINT('Ctrl Pts',(-54.4841327437454,204.40662051736,3.));
#6095=CARTESIAN_POINT('Ctrl Pts',(-54.4764150532435,204.408192564042,-2.));
#6096=CARTESIAN_POINT('Ctrl Pts',(-54.4764150532435,204.408192564042,3.));
#6097=CARTESIAN_POINT('',(-54.4764150532435,204.408192564042,3.));
#6098=CARTESIAN_POINT('',(-54.4764150532435,204.408192564042,-2.));
#6099=CARTESIAN_POINT('Ctrl Pts',(-57.0593970348271,204.412442863948,3.));
#6100=CARTESIAN_POINT('Ctrl Pts',(-57.0529258458251,204.409648702163,3.));
#6101=CARTESIAN_POINT('Ctrl Pts',(-57.0399189365539,204.404235349449,3.));
#6102=CARTESIAN_POINT('Ctrl Pts',(-57.0202149805977,204.396640227948,3.));
#6103=CARTESIAN_POINT('Ctrl Pts',(-56.9935741180188,204.387511870743,3.));
#6104=CARTESIAN_POINT('Ctrl Pts',(-56.9597644325492,204.377467520499,3.));
#6105=CARTESIAN_POINT('Ctrl Pts',(-56.9255819459123,204.368409641583,3.));
#6106=CARTESIAN_POINT('Ctrl Pts',(-56.8911617591907,204.359962754141,3.));
#6107=CARTESIAN_POINT('Ctrl Pts',(-56.8566062646803,204.351846288954,3.));
#6108=CARTESIAN_POINT('Ctrl Pts',(-56.8219579624787,204.343951573102,3.));
#6109=CARTESIAN_POINT('Ctrl Pts',(-56.7872187284462,204.33628604993,3.));
#6110=CARTESIAN_POINT('Ctrl Pts',(-56.7523655842103,204.328927479701,3.));
#6111=CARTESIAN_POINT('Ctrl Pts',(-56.7173671988454,204.321976090033,3.));
#6112=CARTESIAN_POINT('Ctrl Pts',(-56.6822013772525,204.315503805365,3.));
#6113=CARTESIAN_POINT('Ctrl Pts',(-56.6468681784617,204.309516253015,3.));
#6114=CARTESIAN_POINT('Ctrl Pts',(-56.6113812840748,204.30397826861,3.));
#6115=CARTESIAN_POINT('Ctrl Pts',(-56.5757621977705,204.29883114333,3.));
#6116=CARTESIAN_POINT('Ctrl Pts',(-56.5400336703831,204.294012115072,3.));
#6117=CARTESIAN_POINT('Ctrl Pts',(-56.5042127195284,204.289475080619,3.));
#6118=CARTESIAN_POINT('Ctrl Pts',(-56.468306141788,204.28520391796,3.));
#6119=CARTESIAN_POINT('Ctrl Pts',(-56.4323144259629,204.28120093568,3.));
#6120=CARTESIAN_POINT('Ctrl Pts',(-56.3962342648269,204.277479470886,3.));
#6121=CARTESIAN_POINT('Ctrl Pts',(-56.3600614522729,204.274055345079,3.));
#6122=CARTESIAN_POINT('Ctrl Pts',(-56.3237940008307,204.27093767002,3.));
#6123=CARTESIAN_POINT('Ctrl Pts',(-56.2874339077682,204.268123645405,3.));
#6124=CARTESIAN_POINT('Ctrl Pts',(-56.2509854735475,204.26560354214,3.));
#6125=CARTESIAN_POINT('Ctrl Pts',(-56.2144542811699,204.263363732914,3.));
#6126=CARTESIAN_POINT('Ctrl Pts',(-56.1778459908654,204.261390267581,3.));
#6127=CARTESIAN_POINT('Ctrl Pts',(-56.1411650332281,204.259672749488,3.));
#6128=CARTESIAN_POINT('Ctrl Pts',(-56.1044139551544,204.258206279003,3.));
#6129=CARTESIAN_POINT('Ctrl Pts',(-56.0675941574822,204.256989277489,3.));
#6130=CARTESIAN_POINT('Ctrl Pts',(-56.0307063445466,204.25602216372,3.));
#6131=CARTESIAN_POINT('Ctrl Pts',(-55.9937510540179,204.255305792174,3.));
#6132=CARTESIAN_POINT('Ctrl Pts',(-55.9567292355411,204.254839747088,3.));
#6133=CARTESIAN_POINT('Ctrl Pts',(-55.9196425249548,204.254621535551,3.));
#6134=CARTESIAN_POINT('Ctrl Pts',(-55.8824929342771,204.254647506648,3.));
#6135=CARTESIAN_POINT('Ctrl Pts',(-55.8452826684164,204.254913395709,3.));
#6136=CARTESIAN_POINT('Ctrl Pts',(-55.8080139065092,204.255414972944,3.));
#6137=CARTESIAN_POINT('Ctrl Pts',(-55.7706885632895,204.256148750227,3.));
#6138=CARTESIAN_POINT('Ctrl Pts',(-55.7333081818357,204.25711230091,3.));
#6139=CARTESIAN_POINT('Ctrl Pts',(-55.6958740706077,204.258303860044,3.));
#6140=CARTESIAN_POINT('Ctrl Pts',(-55.6583873873385,204.259722080807,3.));
#6141=CARTESIAN_POINT('Ctrl Pts',(-55.6208492379773,204.26136574592,3.));
#6142=CARTESIAN_POINT('Ctrl Pts',(-55.5832607851051,204.263233451542,3.));
#6143=CARTESIAN_POINT('Ctrl Pts',(-55.5456232992452,204.265323456421,3.));
#6144=CARTESIAN_POINT('Ctrl Pts',(-55.5079381000746,204.267633850734,3.));
#6145=CARTESIAN_POINT('Ctrl Pts',(-55.4702065216717,204.270162654193,3.));
#6146=CARTESIAN_POINT('Ctrl Pts',(-55.4324298712932,204.272907933531,3.));
#6147=CARTESIAN_POINT('Ctrl Pts',(-55.3946093845021,204.275867927645,3.));
#6148=CARTESIAN_POINT('Ctrl Pts',(-55.3567462047042,204.279041109191,3.));
#6149=CARTESIAN_POINT('Ctrl Pts',(-55.3188414146249,204.282426109649,3.));
#6150=CARTESIAN_POINT('Ctrl Pts',(-55.2808960575314,204.286021671323,3.));
#6151=CARTESIAN_POINT('Ctrl Pts',(-55.2429111610406,204.289826590591,3.));
#6152=CARTESIAN_POINT('Ctrl Pts',(-55.2048877643095,204.293839655258,3.));
#6153=CARTESIAN_POINT('Ctrl Pts',(-55.166826930389,204.298059609468,3.));
#6154=CARTESIAN_POINT('Ctrl Pts',(-55.1287297213967,204.302485191211,3.));
#6155=CARTESIAN_POINT('Ctrl Pts',(-55.0905971805105,204.307115154694,3.));
#6156=CARTESIAN_POINT('Ctrl Pts',(-55.0524303132277,204.311948295816,3.));
#6157=CARTESIAN_POINT('Ctrl Pts',(-55.0142300650495,204.31698347826,3.));
#6158=CARTESIAN_POINT('Ctrl Pts',(-54.975997313705,204.322219647207,3.));
#6159=CARTESIAN_POINT('Ctrl Pts',(-54.9377329075774,204.327655803074,3.));
#6160=CARTESIAN_POINT('Ctrl Pts',(-54.8994376974518,204.333290980409,3.));
#6161=CARTESIAN_POINT('Ctrl Pts',(-54.8611125687662,204.339124224701,3.));
#6162=CARTESIAN_POINT('Ctrl Pts',(-54.8227584794475,204.345154565437,3.));
#6163=CARTESIAN_POINT('Ctrl Pts',(-54.7843764790462,204.351380998885,3.));
#6164=CARTESIAN_POINT('Ctrl Pts',(-54.7459676352091,204.357802524073,3.));
#6165=CARTESIAN_POINT('Ctrl Pts',(-54.7075329721432,204.36441817049,3.));
#6166=CARTESIAN_POINT('Ctrl Pts',(-54.669073405885,204.371227027521,3.));
#6167=CARTESIAN_POINT('Ctrl Pts',(-54.6305896779422,204.378228272032,3.));
#6168=CARTESIAN_POINT('Ctrl Pts',(-54.5920822984087,204.38542119467,3.));
#6169=CARTESIAN_POINT('Ctrl Pts',(-54.5535515929014,204.392805216269,3.));
#6170=CARTESIAN_POINT('Ctrl Pts',(-54.5227085114362,204.398864966583,3.));
#6171=CARTESIAN_POINT('Ctrl Pts',(-54.499565818419,204.403495457202,3.));
#6172=CARTESIAN_POINT('Ctrl Pts',(-54.4841327437454,204.40662051736,3.));
#6173=CARTESIAN_POINT('Ctrl Pts',(-54.4764150532435,204.408192564042,3.));
#6174=CARTESIAN_POINT('Origin',(-70.0000000000023,210.000000000001,-2.));
#6175=CARTESIAN_POINT('',(-54.1543740199354,205.399332950549,3.));
#6176=CARTESIAN_POINT('',(-54.1543740199354,205.399332950549,-2.));
#6177=CARTESIAN_POINT('Origin',(-70.0000000000023,210.000000000001,3.));
#6178=CARTESIAN_POINT('Ctrl Pts',(-54.1543740199354,205.399332950549,-2.));
#6179=CARTESIAN_POINT('Ctrl Pts',(-54.1543740199354,205.399332950549,3.));
#6180=CARTESIAN_POINT('Ctrl Pts',(-54.1596937368532,205.40514110769,-2.));
#6181=CARTESIAN_POINT('Ctrl Pts',(-54.1596937368532,205.40514110769,3.));
#6182=CARTESIAN_POINT('Ctrl Pts',(-54.1703424922664,205.416740668156,-2.));
#6183=CARTESIAN_POINT('Ctrl Pts',(-54.1703424922664,205.416740668156,3.));
#6184=CARTESIAN_POINT('Ctrl Pts',(-54.1863435901158,205.434089747414,-2.));
#6185=CARTESIAN_POINT('Ctrl Pts',(-54.1863435901158,205.434089747414,3.));
#6186=CARTESIAN_POINT('Ctrl Pts',(-54.2077343353129,205.45712129682,-2.));
#6187=CARTESIAN_POINT('Ctrl Pts',(-54.2077343353129,205.45712129682,3.));
#6188=CARTESIAN_POINT('Ctrl Pts',(-54.2345661118755,205.485742876238,-2.));
#6189=CARTESIAN_POINT('Ctrl Pts',(-54.2345661118755,205.485742876238,3.));
#6190=CARTESIAN_POINT('Ctrl Pts',(-54.261491342479,205.514196142686,-2.));
#6191=CARTESIAN_POINT('Ctrl Pts',(-54.261491342479,205.514196142686,3.));
#6192=CARTESIAN_POINT('Ctrl Pts',(-54.2885101041208,205.542480436214,-2.));
#6193=CARTESIAN_POINT('Ctrl Pts',(-54.2885101041208,205.542480436214,3.));
#6194=CARTESIAN_POINT('Ctrl Pts',(-54.3156224010721,205.570594883121,-2.));
#6195=CARTESIAN_POINT('Ctrl Pts',(-54.3156224010721,205.570594883121,3.));
#6196=CARTESIAN_POINT('Ctrl Pts',(-54.3428281172671,205.598538381628,-2.));
#6197=CARTESIAN_POINT('Ctrl Pts',(-54.3428281172671,205.598538381628,3.));
#6198=CARTESIAN_POINT('Ctrl Pts',(-54.3701270468629,205.6263096566,-2.));
#6199=CARTESIAN_POINT('Ctrl Pts',(-54.3701270468629,205.6263096566,3.));
#6200=CARTESIAN_POINT('Ctrl Pts',(-54.3975189317102,205.653907320864,-2.));
#6201=CARTESIAN_POINT('Ctrl Pts',(-54.3975189317102,205.653907320864,3.));
#6202=CARTESIAN_POINT('Ctrl Pts',(-54.4250034964223,205.681329937067,-2.));
#6203=CARTESIAN_POINT('Ctrl Pts',(-54.4250034964223,205.681329937067,3.));
#6204=CARTESIAN_POINT('Ctrl Pts',(-54.4525804818725,205.708576076265,-2.));
#6205=CARTESIAN_POINT('Ctrl Pts',(-54.4525804818725,205.708576076265,3.));
#6206=CARTESIAN_POINT('Ctrl Pts',(-54.480249683536,205.735644390241,-2.));
#6207=CARTESIAN_POINT('Ctrl Pts',(-54.480249683536,205.735644390241,3.));
#6208=CARTESIAN_POINT('Ctrl Pts',(-54.5080109461248,205.762533586331,-2.));
#6209=CARTESIAN_POINT('Ctrl Pts',(-54.5080109461248,205.762533586331,3.));
#6210=CARTESIAN_POINT('Ctrl Pts',(-54.5358641488187,205.789242383389,-2.));
#6211=CARTESIAN_POINT('Ctrl Pts',(-54.5358641488187,205.789242383389,3.));
#6212=CARTESIAN_POINT('Ctrl Pts',(-54.5638091928009,205.815769474069,-2.));
#6213=CARTESIAN_POINT('Ctrl Pts',(-54.5638091928009,205.815769474069,3.));
#6214=CARTESIAN_POINT('Ctrl Pts',(-54.591845987981,205.842113489088,-2.));
#6215=CARTESIAN_POINT('Ctrl Pts',(-54.591845987981,205.842113489088,3.));
#6216=CARTESIAN_POINT('Ctrl Pts',(-54.6199744373426,205.868272953395,-2.));
#6217=CARTESIAN_POINT('Ctrl Pts',(-54.6199744373426,205.868272953395,3.));
#6218=CARTESIAN_POINT('Ctrl Pts',(-54.6481944351742,205.894246301834,-2.));
#6219=CARTESIAN_POINT('Ctrl Pts',(-54.6481944351742,205.894246301834,3.));
#6220=CARTESIAN_POINT('Ctrl Pts',(-54.676505869786,205.920031913374,-2.));
#6221=CARTESIAN_POINT('Ctrl Pts',(-54.676505869786,205.920031913374,3.));
#6222=CARTESIAN_POINT('Ctrl Pts',(-54.7049086236976,205.94562814273,-2.));
#6223=CARTESIAN_POINT('Ctrl Pts',(-54.7049086236976,205.94562814273,3.));
#6224=CARTESIAN_POINT('Ctrl Pts',(-54.7334025750564,205.971033349047,-2.));
#6225=CARTESIAN_POINT('Ctrl Pts',(-54.7334025750564,205.971033349047,3.));
#6226=CARTESIAN_POINT('Ctrl Pts',(-54.761987595677,205.996245940838,-2.));
#6227=CARTESIAN_POINT('Ctrl Pts',(-54.761987595677,205.996245940838,3.));
#6228=CARTESIAN_POINT('Ctrl Pts',(-54.7906635616713,206.021264340334,-2.));
#6229=CARTESIAN_POINT('Ctrl Pts',(-54.7906635616713,206.021264340334,3.));
#6230=CARTESIAN_POINT('Ctrl Pts',(-54.8194303682733,206.046086916821,-2.));
#6231=CARTESIAN_POINT('Ctrl Pts',(-54.8194303682733,206.046086916821,3.));
#6232=CARTESIAN_POINT('Ctrl Pts',(-54.8482879439358,206.070711926733,-2.));
#6233=CARTESIAN_POINT('Ctrl Pts',(-54.8482879439358,206.070711926733,3.));
#6234=CARTESIAN_POINT('Ctrl Pts',(-54.8772362613739,206.095137462346,-2.));
#6235=CARTESIAN_POINT('Ctrl Pts',(-54.8772362613739,206.095137462346,3.));
#6236=CARTESIAN_POINT('Ctrl Pts',(-54.9062753561474,206.11936137265,-2.));
#6237=CARTESIAN_POINT('Ctrl Pts',(-54.9062753561474,206.11936137265,3.));
#6238=CARTESIAN_POINT('Ctrl Pts',(-54.9354053070087,206.143381325215,-2.));
#6239=CARTESIAN_POINT('Ctrl Pts',(-54.9354053070087,206.143381325215,3.));
#6240=CARTESIAN_POINT('Ctrl Pts',(-54.96462619865,206.167194933802,-2.));
#6241=CARTESIAN_POINT('Ctrl Pts',(-54.96462619865,206.167194933802,3.));
#6242=CARTESIAN_POINT('Ctrl Pts',(-54.9939380859954,206.190799877646,-2.));
#6243=CARTESIAN_POINT('Ctrl Pts',(-54.9939380859954,206.190799877646,3.));
#6244=CARTESIAN_POINT('Ctrl Pts',(-55.0233409646531,206.214194001248,-2.));
#6245=CARTESIAN_POINT('Ctrl Pts',(-55.0233409646531,206.214194001248,3.));
#6246=CARTESIAN_POINT('Ctrl Pts',(-55.0528347192315,206.23737548553,-2.));
#6247=CARTESIAN_POINT('Ctrl Pts',(-55.0528347192315,206.23737548553,3.));
#6248=CARTESIAN_POINT('Ctrl Pts',(-55.0824191704982,206.260342695632,-2.));
#6249=CARTESIAN_POINT('Ctrl Pts',(-55.0824191704982,206.260342695632,3.));
#6250=CARTESIAN_POINT('Ctrl Pts',(-55.1120941734688,206.283093861453,-2.));
#6251=CARTESIAN_POINT('Ctrl Pts',(-55.1120941734688,206.283093861453,3.));
#6252=CARTESIAN_POINT('Ctrl Pts',(-55.1418597069895,206.305626786026,-2.));
#6253=CARTESIAN_POINT('Ctrl Pts',(-55.1418597069895,206.305626786026,3.));
#6254=CARTESIAN_POINT('Ctrl Pts',(-55.17171594903,206.327938599154,-2.));
#6255=CARTESIAN_POINT('Ctrl Pts',(-55.17171594903,206.327938599154,3.));
#6256=CARTESIAN_POINT('Ctrl Pts',(-55.2016634008076,206.35002535343,-2.));
#6257=CARTESIAN_POINT('Ctrl Pts',(-55.2016634008076,206.35002535343,3.));
#6258=CARTESIAN_POINT('Ctrl Pts',(-55.2317027855722,206.371882346017,-2.));
#6259=CARTESIAN_POINT('Ctrl Pts',(-55.2317027855722,206.371882346017,3.));
#6260=CARTESIAN_POINT('Ctrl Pts',(-55.2618348262254,206.393504830714,-2.));
#6261=CARTESIAN_POINT('Ctrl Pts',(-55.2618348262254,206.393504830714,3.));
#6262=CARTESIAN_POINT('Ctrl Pts',(-55.2920600409642,206.414888671233,-2.));
#6263=CARTESIAN_POINT('Ctrl Pts',(-55.2920600409642,206.414888671233,3.));
#6264=CARTESIAN_POINT('Ctrl Pts',(-55.3223785716636,206.436030889246,-2.));
#6265=CARTESIAN_POINT('Ctrl Pts',(-55.3223785716636,206.436030889246,3.));
#6266=CARTESIAN_POINT('Ctrl Pts',(-55.3527898944249,206.456930590203,-2.));
#6267=CARTESIAN_POINT('Ctrl Pts',(-55.3527898944249,206.456930590203,3.));
#6268=CARTESIAN_POINT('Ctrl Pts',(-55.3832930720133,206.47758814936,-2.));
#6269=CARTESIAN_POINT('Ctrl Pts',(-55.3832930720133,206.47758814936,3.));
#6270=CARTESIAN_POINT('Ctrl Pts',(-55.4138872884601,206.498003491514,-2.));
#6271=CARTESIAN_POINT('Ctrl Pts',(-55.4138872884601,206.498003491514,3.));
#6272=CARTESIAN_POINT('Ctrl Pts',(-55.4445723383646,206.518174516127,-2.));
#6273=CARTESIAN_POINT('Ctrl Pts',(-55.4445723383646,206.518174516127,3.));
#6274=CARTESIAN_POINT('Ctrl Pts',(-55.4753490411745,206.538095762288,-2.));
#6275=CARTESIAN_POINT('Ctrl Pts',(-55.4753490411745,206.538095762288,3.));
#6276=CARTESIAN_POINT('Ctrl Pts',(-55.5062199234636,206.557756214689,-2.));
#6277=CARTESIAN_POINT('Ctrl Pts',(-55.5062199234636,206.557756214689,3.));
#6278=CARTESIAN_POINT('Ctrl Pts',(-55.5371886056997,206.577141260424,-2.));
#6279=CARTESIAN_POINT('Ctrl Pts',(-55.5371886056997,206.577141260424,3.));
#6280=CARTESIAN_POINT('Ctrl Pts',(-55.5682585810726,206.596236593162,-2.));
#6281=CARTESIAN_POINT('Ctrl Pts',(-55.5682585810726,206.596236593162,3.));
#6282=CARTESIAN_POINT('Ctrl Pts',(-55.5994320890533,206.615031814152,-2.));
#6283=CARTESIAN_POINT('Ctrl Pts',(-55.5994320890533,206.615031814152,3.));
#6284=CARTESIAN_POINT('Ctrl Pts',(-55.6307091597955,206.633523483936,-2.));
#6285=CARTESIAN_POINT('Ctrl Pts',(-55.6307091597955,206.633523483936,3.));
#6286=CARTESIAN_POINT('Ctrl Pts',(-55.6620860454369,206.65172014229,-2.));
#6287=CARTESIAN_POINT('Ctrl Pts',(-55.6620860454369,206.65172014229,3.));
#6288=CARTESIAN_POINT('Ctrl Pts',(-55.6935568491454,206.669637061364,-2.));
#6289=CARTESIAN_POINT('Ctrl Pts',(-55.6935568491454,206.669637061364,3.));
#6290=CARTESIAN_POINT('Ctrl Pts',(-55.7251164071682,206.687286975043,-2.));
#6291=CARTESIAN_POINT('Ctrl Pts',(-55.7251164071682,206.687286975043,3.));
#6292=CARTESIAN_POINT('Ctrl Pts',(-55.756762967105,206.704671463702,-2.));
#6293=CARTESIAN_POINT('Ctrl Pts',(-55.756762967105,206.704671463702,3.));
#6294=CARTESIAN_POINT('Ctrl Pts',(-55.788500506686,206.72177348943,-2.));
#6295=CARTESIAN_POINT('Ctrl Pts',(-55.788500506686,206.72177348943,3.));
#6296=CARTESIAN_POINT('Ctrl Pts',(-55.8203423571616,206.738545751236,-2.));
#6297=CARTESIAN_POINT('Ctrl Pts',(-55.8203423571616,206.738545751236,3.));
#6298=CARTESIAN_POINT('Ctrl Pts',(-55.852307003359,206.754924100908,-2.));
#6299=CARTESIAN_POINT('Ctrl Pts',(-55.852307003359,206.754924100908,3.));
#6300=CARTESIAN_POINT('Ctrl Pts',(-55.8844115566149,206.770848402467,-2.));
#6301=CARTESIAN_POINT('Ctrl Pts',(-55.8844115566149,206.770848402467,3.));
#6302=CARTESIAN_POINT('Ctrl Pts',(-55.9166656173813,206.786282165495,-2.));
#6303=CARTESIAN_POINT('Ctrl Pts',(-55.9166656173813,206.786282165495,3.));
#6304=CARTESIAN_POINT('Ctrl Pts',(-55.9490658302468,206.801229907891,-2.));
#6305=CARTESIAN_POINT('Ctrl Pts',(-55.9490658302468,206.801229907891,3.));
#6306=CARTESIAN_POINT('Ctrl Pts',(-55.9815878752996,206.8157628637,-2.));
#6307=CARTESIAN_POINT('Ctrl Pts',(-55.9815878752996,206.8157628637,3.));
#6308=CARTESIAN_POINT('Ctrl Pts',(-56.0141981874754,206.829980534623,-2.));
#6309=CARTESIAN_POINT('Ctrl Pts',(-56.0141981874754,206.829980534623,3.));
#6310=CARTESIAN_POINT('Ctrl Pts',(-56.0468696503313,206.843959336384,-2.));
#6311=CARTESIAN_POINT('Ctrl Pts',(-56.0468696503313,206.843959336384,3.));
#6312=CARTESIAN_POINT('Ctrl Pts',(-56.0795963711771,206.857704188172,-2.));
#6313=CARTESIAN_POINT('Ctrl Pts',(-56.0795963711771,206.857704188172,3.));
#6314=CARTESIAN_POINT('Ctrl Pts',(-56.1124078430506,206.871102190818,-2.));
#6315=CARTESIAN_POINT('Ctrl Pts',(-56.1124078430506,206.871102190818,3.));
#6316=CARTESIAN_POINT('Ctrl Pts',(-56.1453861432933,206.883866174374,-2.));
#6317=CARTESIAN_POINT('Ctrl Pts',(-56.1453861432933,206.883866174374,3.));
#6318=CARTESIAN_POINT('Ctrl Pts',(-56.1786426743552,206.895612958833,-2.));
#6319=CARTESIAN_POINT('Ctrl Pts',(-56.1786426743552,206.895612958833,3.));
#6320=CARTESIAN_POINT('Ctrl Pts',(-56.2055610986689,206.903887068856,-2.));
#6321=CARTESIAN_POINT('Ctrl Pts',(-56.2055610986689,206.903887068856,3.));
#6322=CARTESIAN_POINT('Ctrl Pts',(-56.225966234302,206.909324181209,-2.));
#6323=CARTESIAN_POINT('Ctrl Pts',(-56.225966234302,206.909324181209,3.));
#6324=CARTESIAN_POINT('Ctrl Pts',(-56.239670933837,206.912589956315,-2.));
#6325=CARTESIAN_POINT('Ctrl Pts',(-56.239670933837,206.912589956315,3.));
#6326=CARTESIAN_POINT('Ctrl Pts',(-56.2465486028035,206.914133101406,-2.));
#6327=CARTESIAN_POINT('Ctrl Pts',(-56.2465486028035,206.914133101406,3.));
#6328=CARTESIAN_POINT('',(-56.2465486028035,206.914133101406,3.));
#6329=CARTESIAN_POINT('',(-56.2465486028035,206.914133101406,-2.));
#6330=CARTESIAN_POINT('Ctrl Pts',(-54.1543740199354,205.399332950549,3.));
#6331=CARTESIAN_POINT('Ctrl Pts',(-54.1596937368532,205.40514110769,3.));
#6332=CARTESIAN_POINT('Ctrl Pts',(-54.1703424922664,205.416740668156,3.));
#6333=CARTESIAN_POINT('Ctrl Pts',(-54.1863435901158,205.434089747414,3.));
#6334=CARTESIAN_POINT('Ctrl Pts',(-54.2077343353129,205.45712129682,3.));
#6335=CARTESIAN_POINT('Ctrl Pts',(-54.2345661118755,205.485742876238,3.));
#6336=CARTESIAN_POINT('Ctrl Pts',(-54.261491342479,205.514196142686,3.));
#6337=CARTESIAN_POINT('Ctrl Pts',(-54.2885101041208,205.542480436214,3.));
#6338=CARTESIAN_POINT('Ctrl Pts',(-54.3156224010721,205.570594883121,3.));
#6339=CARTESIAN_POINT('Ctrl Pts',(-54.3428281172671,205.598538381628,3.));
#6340=CARTESIAN_POINT('Ctrl Pts',(-54.3701270468629,205.6263096566,3.));
#6341=CARTESIAN_POINT('Ctrl Pts',(-54.3975189317102,205.653907320864,3.));
#6342=CARTESIAN_POINT('Ctrl Pts',(-54.4250034964223,205.681329937067,3.));
#6343=CARTESIAN_POINT('Ctrl Pts',(-54.4525804818725,205.708576076265,3.));
#6344=CARTESIAN_POINT('Ctrl Pts',(-54.480249683536,205.735644390241,3.));
#6345=CARTESIAN_POINT('Ctrl Pts',(-54.5080109461248,205.762533586331,3.));
#6346=CARTESIAN_POINT('Ctrl Pts',(-54.5358641488187,205.789242383389,3.));
#6347=CARTESIAN_POINT('Ctrl Pts',(-54.5638091928009,205.815769474069,3.));
#6348=CARTESIAN_POINT('Ctrl Pts',(-54.591845987981,205.842113489088,3.));
#6349=CARTESIAN_POINT('Ctrl Pts',(-54.6199744373426,205.868272953395,3.));
#6350=CARTESIAN_POINT('Ctrl Pts',(-54.6481944351742,205.894246301834,3.));
#6351=CARTESIAN_POINT('Ctrl Pts',(-54.676505869786,205.920031913374,3.));
#6352=CARTESIAN_POINT('Ctrl Pts',(-54.7049086236976,205.94562814273,3.));
#6353=CARTESIAN_POINT('Ctrl Pts',(-54.7334025750564,205.971033349047,3.));
#6354=CARTESIAN_POINT('Ctrl Pts',(-54.761987595677,205.996245940838,3.));
#6355=CARTESIAN_POINT('Ctrl Pts',(-54.7906635616713,206.021264340334,3.));
#6356=CARTESIAN_POINT('Ctrl Pts',(-54.8194303682733,206.046086916821,3.));
#6357=CARTESIAN_POINT('Ctrl Pts',(-54.8482879439358,206.070711926733,3.));
#6358=CARTESIAN_POINT('Ctrl Pts',(-54.8772362613739,206.095137462346,3.));
#6359=CARTESIAN_POINT('Ctrl Pts',(-54.9062753561474,206.11936137265,3.));
#6360=CARTESIAN_POINT('Ctrl Pts',(-54.9354053070087,206.143381325215,3.));
#6361=CARTESIAN_POINT('Ctrl Pts',(-54.96462619865,206.167194933802,3.));
#6362=CARTESIAN_POINT('Ctrl Pts',(-54.9939380859954,206.190799877646,3.));
#6363=CARTESIAN_POINT('Ctrl Pts',(-55.0233409646531,206.214194001248,3.));
#6364=CARTESIAN_POINT('Ctrl Pts',(-55.0528347192315,206.23737548553,3.));
#6365=CARTESIAN_POINT('Ctrl Pts',(-55.0824191704982,206.260342695632,3.));
#6366=CARTESIAN_POINT('Ctrl Pts',(-55.1120941734688,206.283093861453,3.));
#6367=CARTESIAN_POINT('Ctrl Pts',(-55.1418597069895,206.305626786026,3.));
#6368=CARTESIAN_POINT('Ctrl Pts',(-55.17171594903,206.327938599154,3.));
#6369=CARTESIAN_POINT('Ctrl Pts',(-55.2016634008076,206.35002535343,3.));
#6370=CARTESIAN_POINT('Ctrl Pts',(-55.2317027855722,206.371882346017,3.));
#6371=CARTESIAN_POINT('Ctrl Pts',(-55.2618348262254,206.393504830714,3.));
#6372=CARTESIAN_POINT('Ctrl Pts',(-55.2920600409642,206.414888671233,3.));
#6373=CARTESIAN_POINT('Ctrl Pts',(-55.3223785716636,206.436030889246,3.));
#6374=CARTESIAN_POINT('Ctrl Pts',(-55.3527898944249,206.456930590203,3.));
#6375=CARTESIAN_POINT('Ctrl Pts',(-55.3832930720133,206.47758814936,3.));
#6376=CARTESIAN_POINT('Ctrl Pts',(-55.4138872884601,206.498003491514,3.));
#6377=CARTESIAN_POINT('Ctrl Pts',(-55.4445723383646,206.518174516127,3.));
#6378=CARTESIAN_POINT('Ctrl Pts',(-55.4753490411745,206.538095762288,3.));
#6379=CARTESIAN_POINT('Ctrl Pts',(-55.5062199234636,206.557756214689,3.));
#6380=CARTESIAN_POINT('Ctrl Pts',(-55.5371886056997,206.577141260424,3.));
#6381=CARTESIAN_POINT('Ctrl Pts',(-55.5682585810726,206.596236593162,3.));
#6382=CARTESIAN_POINT('Ctrl Pts',(-55.5994320890533,206.615031814152,3.));
#6383=CARTESIAN_POINT('Ctrl Pts',(-55.6307091597955,206.633523483936,3.));
#6384=CARTESIAN_POINT('Ctrl Pts',(-55.6620860454369,206.65172014229,3.));
#6385=CARTESIAN_POINT('Ctrl Pts',(-55.6935568491454,206.669637061364,3.));
#6386=CARTESIAN_POINT('Ctrl Pts',(-55.7251164071682,206.687286975043,3.));
#6387=CARTESIAN_POINT('Ctrl Pts',(-55.756762967105,206.704671463702,3.));
#6388=CARTESIAN_POINT('Ctrl Pts',(-55.788500506686,206.72177348943,3.));
#6389=CARTESIAN_POINT('Ctrl Pts',(-55.8203423571616,206.738545751236,3.));
#6390=CARTESIAN_POINT('Ctrl Pts',(-55.852307003359,206.754924100908,3.));
#6391=CARTESIAN_POINT('Ctrl Pts',(-55.8844115566149,206.770848402467,3.));
#6392=CARTESIAN_POINT('Ctrl Pts',(-55.9166656173813,206.786282165495,3.));
#6393=CARTESIAN_POINT('Ctrl Pts',(-55.9490658302468,206.801229907891,3.));
#6394=CARTESIAN_POINT('Ctrl Pts',(-55.9815878752996,206.8157628637,3.));
#6395=CARTESIAN_POINT('Ctrl Pts',(-56.0141981874754,206.829980534623,3.));
#6396=CARTESIAN_POINT('Ctrl Pts',(-56.0468696503313,206.843959336384,3.));
#6397=CARTESIAN_POINT('Ctrl Pts',(-56.0795963711771,206.857704188172,3.));
#6398=CARTESIAN_POINT('Ctrl Pts',(-56.1124078430506,206.871102190818,3.));
#6399=CARTESIAN_POINT('Ctrl Pts',(-56.1453861432933,206.883866174374,3.));
#6400=CARTESIAN_POINT('Ctrl Pts',(-56.1786426743552,206.895612958833,3.));
#6401=CARTESIAN_POINT('Ctrl Pts',(-56.2055610986689,206.903887068856,3.));
#6402=CARTESIAN_POINT('Ctrl Pts',(-56.225966234302,206.909324181209,3.));
#6403=CARTESIAN_POINT('Ctrl Pts',(-56.239670933837,206.912589956315,3.));
#6404=CARTESIAN_POINT('Ctrl Pts',(-56.2465486028035,206.914133101406,3.));
#6405=CARTESIAN_POINT('Origin',(-56.2465486028035,206.914133101406,-2.));
#6406=CARTESIAN_POINT('',(-56.6964095241394,207.015068560152,3.));
#6407=CARTESIAN_POINT('',(-56.6964095241394,207.015068560152,-2.));
#6408=CARTESIAN_POINT('',(-57.0670389081287,207.09822681001,3.));
#6409=CARTESIAN_POINT('Origin',(-56.6143117500818,207.380971491945,-2.));
#6410=CARTESIAN_POINT('',(-56.9823335319447,207.452978214371,3.));
#6411=CARTESIAN_POINT('',(-56.9823335319447,207.452978214371,-2.));
#6412=CARTESIAN_POINT('Origin',(-56.6143117500818,207.380971491945,3.));
#6413=CARTESIAN_POINT('Origin',(-70.,210.,-2.));
#6414=CARTESIAN_POINT('',(-56.8323904617965,208.399681500634,3.));
#6415=CARTESIAN_POINT('',(-56.8323904617965,208.399681500634,-2.));
#6416=CARTESIAN_POINT('Origin',(-70.,210.,3.));
#6417=CARTESIAN_POINT('Origin',(-56.4601296470785,208.354438978318,-2.));
#6418=CARTESIAN_POINT('',(-56.4251390458536,208.727802953316,3.));
#6419=CARTESIAN_POINT('',(-56.4251390458536,208.727802953316,-2.));
#6420=CARTESIAN_POINT('Origin',(-56.4601296470785,208.354438978318,3.));
#6421=CARTESIAN_POINT('Origin',(-56.8033258490557,208.763245536172,-2.));
#6422=CARTESIAN_POINT('',(-55.9661051131029,208.684783609284,3.));
#6423=CARTESIAN_POINT('',(-55.9661051131029,208.684783609284,-2.));
#6424=CARTESIAN_POINT('',(-56.8033258490557,208.763245536172,3.));
#6425=CARTESIAN_POINT('Ctrl Pts',(-55.9661051131029,208.684783609284,-2.));
#6426=CARTESIAN_POINT('Ctrl Pts',(-55.9661051131029,208.684783609284,3.));
#6427=CARTESIAN_POINT('Ctrl Pts',(-55.9590872031576,208.684125910885,-2.));
#6428=CARTESIAN_POINT('Ctrl Pts',(-55.9590872031576,208.684125910885,3.));
#6429=CARTESIAN_POINT('Ctrl Pts',(-55.9450440793534,208.682996862522,-2.));
#6430=CARTESIAN_POINT('Ctrl Pts',(-55.9450440793534,208.682996862522,3.));
#6431=CARTESIAN_POINT('Ctrl Pts',(-55.9239574820261,208.681862329972,-2.));
#6432=CARTESIAN_POINT('Ctrl Pts',(-55.9239574820261,208.681862329972,3.));
#6433=CARTESIAN_POINT('Ctrl Pts',(-55.8957996985638,208.681413225651,-2.));
#6434=CARTESIAN_POINT('Ctrl Pts',(-55.8957996985638,208.681413225651,3.));
#6435=CARTESIAN_POINT('Ctrl Pts',(-55.860540901961,208.682308248284,-2.));
#6436=CARTESIAN_POINT('Ctrl Pts',(-55.860540901961,208.682308248284,3.));
#6437=CARTESIAN_POINT('Ctrl Pts',(-55.825232386784,208.684256662798,-2.));
#6438=CARTESIAN_POINT('Ctrl Pts',(-55.825232386784,208.684256662798,3.));
#6439=CARTESIAN_POINT('Ctrl Pts',(-55.7898866121412,208.686859618101,-2.));
#6440=CARTESIAN_POINT('Ctrl Pts',(-55.7898866121412,208.686859618101,3.));
#6441=CARTESIAN_POINT('Ctrl Pts',(-55.7545142582361,208.689818636048,-2.));
#6442=CARTESIAN_POINT('Ctrl Pts',(-55.7545142582361,208.689818636048,3.));
#6443=CARTESIAN_POINT('Ctrl Pts',(-55.7191221632849,208.6930172293,-2.));
#6444=CARTESIAN_POINT('Ctrl Pts',(-55.7191221632849,208.6930172293,3.));
#6445=CARTESIAN_POINT('Ctrl Pts',(-55.6837144114561,208.696461897223,-2.));
#6446=CARTESIAN_POINT('Ctrl Pts',(-55.6837144114561,208.696461897223,3.));
#6447=CARTESIAN_POINT('Ctrl Pts',(-55.648293178262,208.700233694933,-2.));
#6448=CARTESIAN_POINT('Ctrl Pts',(-55.648293178262,208.700233694933,3.));
#6449=CARTESIAN_POINT('Ctrl Pts',(-55.6128596382591,208.704437626345,-2.));
#6450=CARTESIAN_POINT('Ctrl Pts',(-55.6128596382591,208.704437626345,3.));
#6451=CARTESIAN_POINT('Ctrl Pts',(-55.5774149085275,208.70914895433,-2.));
#6452=CARTESIAN_POINT('Ctrl Pts',(-55.5774149085275,208.70914895433,3.));
#6453=CARTESIAN_POINT('Ctrl Pts',(-55.5419607841451,208.714373012543,-2.));
#6454=CARTESIAN_POINT('Ctrl Pts',(-55.5419607841451,208.714373012543,3.));
#6455=CARTESIAN_POINT('Ctrl Pts',(-55.5064994106996,208.72007212983,-2.));
#6456=CARTESIAN_POINT('Ctrl Pts',(-55.5064994106996,208.72007212983,3.));
#6457=CARTESIAN_POINT('Ctrl Pts',(-55.4710330973817,208.726183825785,-2.));
#6458=CARTESIAN_POINT('Ctrl Pts',(-55.4710330973817,208.726183825785,3.));
#6459=CARTESIAN_POINT('Ctrl Pts',(-55.4355640869641,208.732641379704,-2.));
#6460=CARTESIAN_POINT('Ctrl Pts',(-55.4355640869641,208.732641379704,3.));
#6461=CARTESIAN_POINT('Ctrl Pts',(-55.4000943174838,208.739395686092,-2.));
#6462=CARTESIAN_POINT('Ctrl Pts',(-55.4000943174838,208.739395686092,3.));
#6463=CARTESIAN_POINT('Ctrl Pts',(-55.3646252708987,208.746429311744,-2.));
#6464=CARTESIAN_POINT('Ctrl Pts',(-55.3646252708987,208.746429311744,3.));
#6465=CARTESIAN_POINT('Ctrl Pts',(-55.3291581254779,208.753744301209,-2.));
#6466=CARTESIAN_POINT('Ctrl Pts',(-55.3291581254779,208.753744301209,3.));
#6467=CARTESIAN_POINT('Ctrl Pts',(-55.2936938572552,208.761354360818,-2.));
#6468=CARTESIAN_POINT('Ctrl Pts',(-55.2936938572552,208.761354360818,3.));
#6469=CARTESIAN_POINT('Ctrl Pts',(-55.2582333550977,208.76927583747,-2.));
#6470=CARTESIAN_POINT('Ctrl Pts',(-55.2582333550977,208.76927583747,3.));
#6471=CARTESIAN_POINT('Ctrl Pts',(-55.2227775444979,208.777518011127,-2.));
#6472=CARTESIAN_POINT('Ctrl Pts',(-55.2227775444979,208.777518011127,3.));
#6473=CARTESIAN_POINT('Ctrl Pts',(-55.1873274596291,208.786077601353,-2.));
#6474=CARTESIAN_POINT('Ctrl Pts',(-55.1873274596291,208.786077601353,3.));
#6475=CARTESIAN_POINT('Ctrl Pts',(-55.1518841840184,208.794944026314,-2.));
#6476=CARTESIAN_POINT('Ctrl Pts',(-55.1518841840184,208.794944026314,3.));
#6477=CARTESIAN_POINT('Ctrl Pts',(-55.1164488163447,208.804102600424,-2.));
#6478=CARTESIAN_POINT('Ctrl Pts',(-55.1164488163447,208.804102600424,3.));
#6479=CARTESIAN_POINT('Ctrl Pts',(-55.0810224289745,208.813538307199,-2.));
#6480=CARTESIAN_POINT('Ctrl Pts',(-55.0810224289745,208.813538307199,3.));
#6481=CARTESIAN_POINT('Ctrl Pts',(-55.0456060229106,208.823239889704,-2.));
#6482=CARTESIAN_POINT('Ctrl Pts',(-55.0456060229106,208.823239889704,3.));
#6483=CARTESIAN_POINT('Ctrl Pts',(-55.0102005063263,208.83320190108,-2.));
#6484=CARTESIAN_POINT('Ctrl Pts',(-55.0102005063263,208.83320190108,3.));
#6485=CARTESIAN_POINT('Ctrl Pts',(-54.9748067236714,208.84342240707,-2.));
#6486=CARTESIAN_POINT('Ctrl Pts',(-54.9748067236714,208.84342240707,3.));
#6487=CARTESIAN_POINT('Ctrl Pts',(-54.9394254742168,208.8539015883,-2.));
#6488=CARTESIAN_POINT('Ctrl Pts',(-54.9394254742168,208.8539015883,3.));
#6489=CARTESIAN_POINT('Ctrl Pts',(-54.9040575333661,208.864640091279,-2.));
#6490=CARTESIAN_POINT('Ctrl Pts',(-54.9040575333661,208.864640091279,3.));
#6491=CARTESIAN_POINT('Ctrl Pts',(-54.8687036758069,208.875637227135,-2.));
#6492=CARTESIAN_POINT('Ctrl Pts',(-54.8687036758069,208.875637227135,3.));
#6493=CARTESIAN_POINT('Ctrl Pts',(-54.8333646869625,208.886890119467,-2.));
#6494=CARTESIAN_POINT('Ctrl Pts',(-54.8333646869625,208.886890119467,3.));
#6495=CARTESIAN_POINT('Ctrl Pts',(-54.798041352181,208.898394674302,-2.));
#6496=CARTESIAN_POINT('Ctrl Pts',(-54.798041352181,208.898394674302,3.));
#6497=CARTESIAN_POINT('Ctrl Pts',(-54.7627344505997,208.910146154342,-2.));
#6498=CARTESIAN_POINT('Ctrl Pts',(-54.7627344505997,208.910146154342,3.));
#6499=CARTESIAN_POINT('Ctrl Pts',(-54.7274447476233,208.922139863429,-2.));
#6500=CARTESIAN_POINT('Ctrl Pts',(-54.7274447476233,208.922139863429,3.));
#6501=CARTESIAN_POINT('Ctrl Pts',(-54.6921729863815,208.93437189247,-2.));
#6502=CARTESIAN_POINT('Ctrl Pts',(-54.6921729863815,208.93437189247,3.));
#6503=CARTESIAN_POINT('Ctrl Pts',(-54.6569198845545,208.946839456752,-2.));
#6504=CARTESIAN_POINT('Ctrl Pts',(-54.6569198845545,208.946839456752,3.));
#6505=CARTESIAN_POINT('Ctrl Pts',(-54.6216861411615,208.95954047337,-2.));
#6506=CARTESIAN_POINT('Ctrl Pts',(-54.6216861411615,208.95954047337,3.));
#6507=CARTESIAN_POINT('Ctrl Pts',(-54.5864724410817,208.972473303661,-2.));
#6508=CARTESIAN_POINT('Ctrl Pts',(-54.5864724410817,208.972473303661,3.));
#6509=CARTESIAN_POINT('Ctrl Pts',(-54.5512794599749,208.985636448167,-2.));
#6510=CARTESIAN_POINT('Ctrl Pts',(-54.5512794599749,208.985636448167,3.));
#6511=CARTESIAN_POINT('Ctrl Pts',(-54.5161078697112,208.999028212499,-2.));
#6512=CARTESIAN_POINT('Ctrl Pts',(-54.5161078697112,208.999028212499,3.));
#6513=CARTESIAN_POINT('Ctrl Pts',(-54.480958340553,209.012646548015,-2.));
#6514=CARTESIAN_POINT('Ctrl Pts',(-54.480958340553,209.012646548015,3.));
#6515=CARTESIAN_POINT('Ctrl Pts',(-54.4458315374203,209.026489230561,-2.));
#6516=CARTESIAN_POINT('Ctrl Pts',(-54.4458315374203,209.026489230561,3.));
#6517=CARTESIAN_POINT('Ctrl Pts',(-54.4107281171543,209.04055396452,-2.));
#6518=CARTESIAN_POINT('Ctrl Pts',(-54.4107281171543,209.04055396452,3.));
#6519=CARTESIAN_POINT('Ctrl Pts',(-54.375648725618,209.054838507282,-2.));
#6520=CARTESIAN_POINT('Ctrl Pts',(-54.375648725618,209.054838507282,3.));
#6521=CARTESIAN_POINT('Ctrl Pts',(-54.3405939936903,209.069340802126,-2.));
#6522=CARTESIAN_POINT('Ctrl Pts',(-54.3405939936903,209.069340802126,3.));
#6523=CARTESIAN_POINT('Ctrl Pts',(-54.3055645368398,209.084059043131,-2.));
#6524=CARTESIAN_POINT('Ctrl Pts',(-54.3055645368398,209.084059043131,3.));
#6525=CARTESIAN_POINT('Ctrl Pts',(-54.2705609619035,209.098991594177,-2.));
#6526=CARTESIAN_POINT('Ctrl Pts',(-54.2705609619035,209.098991594177,3.));
#6527=CARTESIAN_POINT('Ctrl Pts',(-54.2355838724381,209.114136936736,-2.));
#6528=CARTESIAN_POINT('Ctrl Pts',(-54.2355838724381,209.114136936736,3.));
#6529=CARTESIAN_POINT('Ctrl Pts',(-54.2006338738258,209.129493608545,-2.));
#6530=CARTESIAN_POINT('Ctrl Pts',(-54.2006338738258,209.129493608545,3.));
#6531=CARTESIAN_POINT('Ctrl Pts',(-54.1657115797746,209.145060135621,-2.));
#6532=CARTESIAN_POINT('Ctrl Pts',(-54.1657115797746,209.145060135621,3.));
#6533=CARTESIAN_POINT('Ctrl Pts',(-54.1308176132253,209.160834995072,-2.));
#6534=CARTESIAN_POINT('Ctrl Pts',(-54.1308176132253,209.160834995072,3.));
#6535=CARTESIAN_POINT('Ctrl Pts',(-54.0959525943291,209.176816658444,-2.));
#6536=CARTESIAN_POINT('Ctrl Pts',(-54.0959525943291,209.176816658444,3.));
#6537=CARTESIAN_POINT('Ctrl Pts',(-54.061117130236,209.193003618558,-2.));
#6538=CARTESIAN_POINT('Ctrl Pts',(-54.061117130236,209.193003618558,3.));
#6539=CARTESIAN_POINT('Ctrl Pts',(-54.026311805143,209.209394419528,-2.));
#6540=CARTESIAN_POINT('Ctrl Pts',(-54.026311805143,209.209394419528,3.));
#6541=CARTESIAN_POINT('Ctrl Pts',(-53.9915371671341,209.225987688479,-2.));
#6542=CARTESIAN_POINT('Ctrl Pts',(-53.9915371671341,209.225987688479,3.));
#6543=CARTESIAN_POINT('Ctrl Pts',(-53.956793725022,209.242782150984,-2.));
#6544=CARTESIAN_POINT('Ctrl Pts',(-53.956793725022,209.242782150984,3.));
#6545=CARTESIAN_POINT('Ctrl Pts',(-53.9220819767794,209.259776594218,-2.));
#6546=CARTESIAN_POINT('Ctrl Pts',(-53.9220819767794,209.259776594218,3.));
#6547=CARTESIAN_POINT('Ctrl Pts',(-53.8874024332092,209.276969837075,-2.));
#6548=CARTESIAN_POINT('Ctrl Pts',(-53.8874024332092,209.276969837075,3.));
#6549=CARTESIAN_POINT('Ctrl Pts',(-53.8527556414536,209.294360698145,-2.));
#6550=CARTESIAN_POINT('Ctrl Pts',(-53.8527556414536,209.294360698145,3.));
#6551=CARTESIAN_POINT('Ctrl Pts',(-53.8181422126495,209.3119479584,-2.));
#6552=CARTESIAN_POINT('Ctrl Pts',(-53.8181422126495,209.3119479584,3.));
#6553=CARTESIAN_POINT('Ctrl Pts',(-53.7835628348094,209.329730338907,-2.));
#6554=CARTESIAN_POINT('Ctrl Pts',(-53.7835628348094,209.329730338907,3.));
#6555=CARTESIAN_POINT('Ctrl Pts',(-53.7490182140076,209.347706557762,-2.));
#6556=CARTESIAN_POINT('Ctrl Pts',(-53.7490182140076,209.347706557762,3.));
#6557=CARTESIAN_POINT('Ctrl Pts',(-53.7145090244189,209.365875375457,-2.));
#6558=CARTESIAN_POINT('Ctrl Pts',(-53.7145090244189,209.365875375457,3.));
#6559=CARTESIAN_POINT('Ctrl Pts',(-53.68003585585,209.384235642875,-2.));
#6560=CARTESIAN_POINT('Ctrl Pts',(-53.68003585585,209.384235642875,3.));
#6561=CARTESIAN_POINT('Ctrl Pts',(-53.6455991591541,209.40278634803,-2.));
#6562=CARTESIAN_POINT('Ctrl Pts',(-53.6455991591541,209.40278634803,3.));
#6563=CARTESIAN_POINT('Ctrl Pts',(-53.6111992002579,209.421526658661,-2.));
#6564=CARTESIAN_POINT('Ctrl Pts',(-53.6111992002579,209.421526658661,3.));
#6565=CARTESIAN_POINT('Ctrl Pts',(-53.5768361098685,209.440455923325,-2.));
#6566=CARTESIAN_POINT('Ctrl Pts',(-53.5768361098685,209.440455923325,3.));
#6567=CARTESIAN_POINT('Ctrl Pts',(-53.5493751620871,209.45575012468,-2.));
#6568=CARTESIAN_POINT('Ctrl Pts',(-53.5493751620871,209.45575012468,3.));
#6569=CARTESIAN_POINT('Ctrl Pts',(-53.5287960533822,209.467305468396,-2.));
#6570=CARTESIAN_POINT('Ctrl Pts',(-53.5287960533822,209.467305468396,3.));
#6571=CARTESIAN_POINT('Ctrl Pts',(-53.5150840238446,209.475046659572,-2.));
#6572=CARTESIAN_POINT('Ctrl Pts',(-53.5150840238446,209.475046659572,3.));
#6573=CARTESIAN_POINT('Ctrl Pts',(-53.5082298531427,209.478926662335,-2.));
#6574=CARTESIAN_POINT('Ctrl Pts',(-53.5082298531427,209.478926662335,3.));
#6575=CARTESIAN_POINT('',(-53.5082298531427,209.478926662335,3.));
#6576=CARTESIAN_POINT('',(-53.5082298531427,209.478926662335,-2.));
#6577=CARTESIAN_POINT('Ctrl Pts',(-55.9661051131029,208.684783609284,3.));
#6578=CARTESIAN_POINT('Ctrl Pts',(-55.9590872031576,208.684125910885,3.));
#6579=CARTESIAN_POINT('Ctrl Pts',(-55.9450440793534,208.682996862522,3.));
#6580=CARTESIAN_POINT('Ctrl Pts',(-55.9239574820261,208.681862329972,3.));
#6581=CARTESIAN_POINT('Ctrl Pts',(-55.8957996985638,208.681413225651,3.));
#6582=CARTESIAN_POINT('Ctrl Pts',(-55.860540901961,208.682308248284,3.));
#6583=CARTESIAN_POINT('Ctrl Pts',(-55.825232386784,208.684256662798,3.));
#6584=CARTESIAN_POINT('Ctrl Pts',(-55.7898866121412,208.686859618101,3.));
#6585=CARTESIAN_POINT('Ctrl Pts',(-55.7545142582361,208.689818636048,3.));
#6586=CARTESIAN_POINT('Ctrl Pts',(-55.7191221632849,208.6930172293,3.));
#6587=CARTESIAN_POINT('Ctrl Pts',(-55.6837144114561,208.696461897223,3.));
#6588=CARTESIAN_POINT('Ctrl Pts',(-55.648293178262,208.700233694933,3.));
#6589=CARTESIAN_POINT('Ctrl Pts',(-55.6128596382591,208.704437626345,3.));
#6590=CARTESIAN_POINT('Ctrl Pts',(-55.5774149085275,208.70914895433,3.));
#6591=CARTESIAN_POINT('Ctrl Pts',(-55.5419607841451,208.714373012543,3.));
#6592=CARTESIAN_POINT('Ctrl Pts',(-55.5064994106996,208.72007212983,3.));
#6593=CARTESIAN_POINT('Ctrl Pts',(-55.4710330973817,208.726183825785,3.));
#6594=CARTESIAN_POINT('Ctrl Pts',(-55.4355640869641,208.732641379704,3.));
#6595=CARTESIAN_POINT('Ctrl Pts',(-55.4000943174838,208.739395686092,3.));
#6596=CARTESIAN_POINT('Ctrl Pts',(-55.3646252708987,208.746429311744,3.));
#6597=CARTESIAN_POINT('Ctrl Pts',(-55.3291581254779,208.753744301209,3.));
#6598=CARTESIAN_POINT('Ctrl Pts',(-55.2936938572552,208.761354360818,3.));
#6599=CARTESIAN_POINT('Ctrl Pts',(-55.2582333550977,208.76927583747,3.));
#6600=CARTESIAN_POINT('Ctrl Pts',(-55.2227775444979,208.777518011127,3.));
#6601=CARTESIAN_POINT('Ctrl Pts',(-55.1873274596291,208.786077601353,3.));
#6602=CARTESIAN_POINT('Ctrl Pts',(-55.1518841840184,208.794944026314,3.));
#6603=CARTESIAN_POINT('Ctrl Pts',(-55.1164488163447,208.804102600424,3.));
#6604=CARTESIAN_POINT('Ctrl Pts',(-55.0810224289745,208.813538307199,3.));
#6605=CARTESIAN_POINT('Ctrl Pts',(-55.0456060229106,208.823239889704,3.));
#6606=CARTESIAN_POINT('Ctrl Pts',(-55.0102005063263,208.83320190108,3.));
#6607=CARTESIAN_POINT('Ctrl Pts',(-54.9748067236714,208.84342240707,3.));
#6608=CARTESIAN_POINT('Ctrl Pts',(-54.9394254742168,208.8539015883,3.));
#6609=CARTESIAN_POINT('Ctrl Pts',(-54.9040575333661,208.864640091279,3.));
#6610=CARTESIAN_POINT('Ctrl Pts',(-54.8687036758069,208.875637227135,3.));
#6611=CARTESIAN_POINT('Ctrl Pts',(-54.8333646869625,208.886890119467,3.));
#6612=CARTESIAN_POINT('Ctrl Pts',(-54.798041352181,208.898394674302,3.));
#6613=CARTESIAN_POINT('Ctrl Pts',(-54.7627344505997,208.910146154342,3.));
#6614=CARTESIAN_POINT('Ctrl Pts',(-54.7274447476233,208.922139863429,3.));
#6615=CARTESIAN_POINT('Ctrl Pts',(-54.6921729863815,208.93437189247,3.));
#6616=CARTESIAN_POINT('Ctrl Pts',(-54.6569198845545,208.946839456752,3.));
#6617=CARTESIAN_POINT('Ctrl Pts',(-54.6216861411615,208.95954047337,3.));
#6618=CARTESIAN_POINT('Ctrl Pts',(-54.5864724410817,208.972473303661,3.));
#6619=CARTESIAN_POINT('Ctrl Pts',(-54.5512794599749,208.985636448167,3.));
#6620=CARTESIAN_POINT('Ctrl Pts',(-54.5161078697112,208.999028212499,3.));
#6621=CARTESIAN_POINT('Ctrl Pts',(-54.480958340553,209.012646548015,3.));
#6622=CARTESIAN_POINT('Ctrl Pts',(-54.4458315374203,209.026489230561,3.));
#6623=CARTESIAN_POINT('Ctrl Pts',(-54.4107281171543,209.04055396452,3.));
#6624=CARTESIAN_POINT('Ctrl Pts',(-54.375648725618,209.054838507282,3.));
#6625=CARTESIAN_POINT('Ctrl Pts',(-54.3405939936903,209.069340802126,3.));
#6626=CARTESIAN_POINT('Ctrl Pts',(-54.3055645368398,209.084059043131,3.));
#6627=CARTESIAN_POINT('Ctrl Pts',(-54.2705609619035,209.098991594177,3.));
#6628=CARTESIAN_POINT('Ctrl Pts',(-54.2355838724381,209.114136936736,3.));
#6629=CARTESIAN_POINT('Ctrl Pts',(-54.2006338738258,209.129493608545,3.));
#6630=CARTESIAN_POINT('Ctrl Pts',(-54.1657115797746,209.145060135621,3.));
#6631=CARTESIAN_POINT('Ctrl Pts',(-54.1308176132253,209.160834995072,3.));
#6632=CARTESIAN_POINT('Ctrl Pts',(-54.0959525943291,209.176816658444,3.));
#6633=CARTESIAN_POINT('Ctrl Pts',(-54.061117130236,209.193003618558,3.));
#6634=CARTESIAN_POINT('Ctrl Pts',(-54.026311805143,209.209394419528,3.));
#6635=CARTESIAN_POINT('Ctrl Pts',(-53.9915371671341,209.225987688479,3.));
#6636=CARTESIAN_POINT('Ctrl Pts',(-53.956793725022,209.242782150984,3.));
#6637=CARTESIAN_POINT('Ctrl Pts',(-53.9220819767794,209.259776594218,3.));
#6638=CARTESIAN_POINT('Ctrl Pts',(-53.8874024332092,209.276969837075,3.));
#6639=CARTESIAN_POINT('Ctrl Pts',(-53.8527556414536,209.294360698145,3.));
#6640=CARTESIAN_POINT('Ctrl Pts',(-53.8181422126495,209.3119479584,3.));
#6641=CARTESIAN_POINT('Ctrl Pts',(-53.7835628348094,209.329730338907,3.));
#6642=CARTESIAN_POINT('Ctrl Pts',(-53.7490182140076,209.347706557762,3.));
#6643=CARTESIAN_POINT('Ctrl Pts',(-53.7145090244189,209.365875375457,3.));
#6644=CARTESIAN_POINT('Ctrl Pts',(-53.68003585585,209.384235642875,3.));
#6645=CARTESIAN_POINT('Ctrl Pts',(-53.6455991591541,209.40278634803,3.));
#6646=CARTESIAN_POINT('Ctrl Pts',(-53.6111992002579,209.421526658661,3.));
#6647=CARTESIAN_POINT('Ctrl Pts',(-53.5768361098685,209.440455923325,3.));
#6648=CARTESIAN_POINT('Ctrl Pts',(-53.5493751620871,209.45575012468,3.));
#6649=CARTESIAN_POINT('Ctrl Pts',(-53.5287960533822,209.467305468396,3.));
#6650=CARTESIAN_POINT('Ctrl Pts',(-53.5150840238446,209.475046659572,3.));
#6651=CARTESIAN_POINT('Ctrl Pts',(-53.5082298531427,209.478926662335,3.));
#6652=CARTESIAN_POINT('Origin',(-70.0000000000024,210.,-2.));
#6653=CARTESIAN_POINT('',(-53.5082298531427,210.521073337665,3.));
#6654=CARTESIAN_POINT('',(-53.5082298531427,210.521073337665,-2.));
#6655=CARTESIAN_POINT('Origin',(-70.0000000000024,210.,3.));
#6656=CARTESIAN_POINT('Ctrl Pts',(-53.5082298531427,210.521073337665,-2.));
#6657=CARTESIAN_POINT('Ctrl Pts',(-53.5082298531427,210.521073337665,3.));
#6658=CARTESIAN_POINT('Ctrl Pts',(-53.5150840238446,210.524953340428,-2.));
#6659=CARTESIAN_POINT('Ctrl Pts',(-53.5150840238446,210.524953340428,3.));
#6660=CARTESIAN_POINT('Ctrl Pts',(-53.5287960533822,210.532694531604,-2.));
#6661=CARTESIAN_POINT('Ctrl Pts',(-53.5287960533822,210.532694531604,3.));
#6662=CARTESIAN_POINT('Ctrl Pts',(-53.5493751620871,210.54424987532,-2.));
#6663=CARTESIAN_POINT('Ctrl Pts',(-53.5493751620871,210.54424987532,3.));
#6664=CARTESIAN_POINT('Ctrl Pts',(-53.5768361098685,210.559544076675,-2.));
#6665=CARTESIAN_POINT('Ctrl Pts',(-53.5768361098685,210.559544076675,3.));
#6666=CARTESIAN_POINT('Ctrl Pts',(-53.6111992002579,210.578473341339,-2.));
#6667=CARTESIAN_POINT('Ctrl Pts',(-53.6111992002579,210.578473341339,3.));
#6668=CARTESIAN_POINT('Ctrl Pts',(-53.6455991591541,210.59721365197,-2.));
#6669=CARTESIAN_POINT('Ctrl Pts',(-53.6455991591541,210.59721365197,3.));
#6670=CARTESIAN_POINT('Ctrl Pts',(-53.68003585585,210.615764357125,-2.));
#6671=CARTESIAN_POINT('Ctrl Pts',(-53.68003585585,210.615764357125,3.));
#6672=CARTESIAN_POINT('Ctrl Pts',(-53.7145090244189,210.634124624543,-2.));
#6673=CARTESIAN_POINT('Ctrl Pts',(-53.7145090244189,210.634124624543,3.));
#6674=CARTESIAN_POINT('Ctrl Pts',(-53.7490182140076,210.652293442238,-2.));
#6675=CARTESIAN_POINT('Ctrl Pts',(-53.7490182140076,210.652293442238,3.));
#6676=CARTESIAN_POINT('Ctrl Pts',(-53.7835628348094,210.670269661093,-2.));
#6677=CARTESIAN_POINT('Ctrl Pts',(-53.7835628348094,210.670269661093,3.));
#6678=CARTESIAN_POINT('Ctrl Pts',(-53.8181422126495,210.6880520416,-2.));
#6679=CARTESIAN_POINT('Ctrl Pts',(-53.8181422126495,210.6880520416,3.));
#6680=CARTESIAN_POINT('Ctrl Pts',(-53.8527556414536,210.705639301855,-2.));
#6681=CARTESIAN_POINT('Ctrl Pts',(-53.8527556414536,210.705639301855,3.));
#6682=CARTESIAN_POINT('Ctrl Pts',(-53.8874024332092,210.723030162925,-2.));
#6683=CARTESIAN_POINT('Ctrl Pts',(-53.8874024332092,210.723030162925,3.));
#6684=CARTESIAN_POINT('Ctrl Pts',(-53.9220819767794,210.740223405782,-2.));
#6685=CARTESIAN_POINT('Ctrl Pts',(-53.9220819767794,210.740223405782,3.));
#6686=CARTESIAN_POINT('Ctrl Pts',(-53.956793725022,210.757217849016,-2.));
#6687=CARTESIAN_POINT('Ctrl Pts',(-53.956793725022,210.757217849016,3.));
#6688=CARTESIAN_POINT('Ctrl Pts',(-53.9915371671341,210.774012311521,-2.));
#6689=CARTESIAN_POINT('Ctrl Pts',(-53.9915371671341,210.774012311521,3.));
#6690=CARTESIAN_POINT('Ctrl Pts',(-54.026311805143,210.790605580472,-2.));
#6691=CARTESIAN_POINT('Ctrl Pts',(-54.026311805143,210.790605580472,3.));
#6692=CARTESIAN_POINT('Ctrl Pts',(-54.061117130236,210.806996381442,-2.));
#6693=CARTESIAN_POINT('Ctrl Pts',(-54.061117130236,210.806996381442,3.));
#6694=CARTESIAN_POINT('Ctrl Pts',(-54.0959525943291,210.823183341556,-2.));
#6695=CARTESIAN_POINT('Ctrl Pts',(-54.0959525943291,210.823183341556,3.));
#6696=CARTESIAN_POINT('Ctrl Pts',(-54.1308176132253,210.839165004928,-2.));
#6697=CARTESIAN_POINT('Ctrl Pts',(-54.1308176132253,210.839165004928,3.));
#6698=CARTESIAN_POINT('Ctrl Pts',(-54.1657115797746,210.854939864379,-2.));
#6699=CARTESIAN_POINT('Ctrl Pts',(-54.1657115797746,210.854939864379,3.));
#6700=CARTESIAN_POINT('Ctrl Pts',(-54.2006338738258,210.870506391455,-2.));
#6701=CARTESIAN_POINT('Ctrl Pts',(-54.2006338738258,210.870506391455,3.));
#6702=CARTESIAN_POINT('Ctrl Pts',(-54.2355838724381,210.885863063264,-2.));
#6703=CARTESIAN_POINT('Ctrl Pts',(-54.2355838724381,210.885863063264,3.));
#6704=CARTESIAN_POINT('Ctrl Pts',(-54.2705609619035,210.901008405823,-2.));
#6705=CARTESIAN_POINT('Ctrl Pts',(-54.2705609619035,210.901008405823,3.));
#6706=CARTESIAN_POINT('Ctrl Pts',(-54.3055645368398,210.915940956869,-2.));
#6707=CARTESIAN_POINT('Ctrl Pts',(-54.3055645368398,210.915940956869,3.));
#6708=CARTESIAN_POINT('Ctrl Pts',(-54.3405939936903,210.930659197874,-2.));
#6709=CARTESIAN_POINT('Ctrl Pts',(-54.3405939936903,210.930659197874,3.));
#6710=CARTESIAN_POINT('Ctrl Pts',(-54.375648725618,210.945161492718,-2.));
#6711=CARTESIAN_POINT('Ctrl Pts',(-54.375648725618,210.945161492718,3.));
#6712=CARTESIAN_POINT('Ctrl Pts',(-54.4107281171543,210.95944603548,-2.));
#6713=CARTESIAN_POINT('Ctrl Pts',(-54.4107281171543,210.95944603548,3.));
#6714=CARTESIAN_POINT('Ctrl Pts',(-54.4458315374203,210.973510769439,-2.));
#6715=CARTESIAN_POINT('Ctrl Pts',(-54.4458315374203,210.973510769439,3.));
#6716=CARTESIAN_POINT('Ctrl Pts',(-54.480958340553,210.987353451985,-2.));
#6717=CARTESIAN_POINT('Ctrl Pts',(-54.480958340553,210.987353451985,3.));
#6718=CARTESIAN_POINT('Ctrl Pts',(-54.5161078697112,211.000971787501,-2.));
#6719=CARTESIAN_POINT('Ctrl Pts',(-54.5161078697112,211.000971787501,3.));
#6720=CARTESIAN_POINT('Ctrl Pts',(-54.5512794599749,211.014363551833,-2.));
#6721=CARTESIAN_POINT('Ctrl Pts',(-54.5512794599749,211.014363551833,3.));
#6722=CARTESIAN_POINT('Ctrl Pts',(-54.5864724410817,211.027526696339,-2.));
#6723=CARTESIAN_POINT('Ctrl Pts',(-54.5864724410817,211.027526696339,3.));
#6724=CARTESIAN_POINT('Ctrl Pts',(-54.6216861411615,211.04045952663,-2.));
#6725=CARTESIAN_POINT('Ctrl Pts',(-54.6216861411615,211.04045952663,3.));
#6726=CARTESIAN_POINT('Ctrl Pts',(-54.6569198845545,211.053160543248,-2.));
#6727=CARTESIAN_POINT('Ctrl Pts',(-54.6569198845545,211.053160543248,3.));
#6728=CARTESIAN_POINT('Ctrl Pts',(-54.6921729863815,211.06562810753,-2.));
#6729=CARTESIAN_POINT('Ctrl Pts',(-54.6921729863815,211.06562810753,3.));
#6730=CARTESIAN_POINT('Ctrl Pts',(-54.7274447476233,211.077860136571,-2.));
#6731=CARTESIAN_POINT('Ctrl Pts',(-54.7274447476233,211.077860136571,3.));
#6732=CARTESIAN_POINT('Ctrl Pts',(-54.7627344505997,211.089853845658,-2.));
#6733=CARTESIAN_POINT('Ctrl Pts',(-54.7627344505997,211.089853845658,3.));
#6734=CARTESIAN_POINT('Ctrl Pts',(-54.798041352181,211.101605325698,-2.));
#6735=CARTESIAN_POINT('Ctrl Pts',(-54.798041352181,211.101605325698,3.));
#6736=CARTESIAN_POINT('Ctrl Pts',(-54.8333646869625,211.113109880533,-2.));
#6737=CARTESIAN_POINT('Ctrl Pts',(-54.8333646869625,211.113109880533,3.));
#6738=CARTESIAN_POINT('Ctrl Pts',(-54.8687036758069,211.124362772865,-2.));
#6739=CARTESIAN_POINT('Ctrl Pts',(-54.8687036758069,211.124362772865,3.));
#6740=CARTESIAN_POINT('Ctrl Pts',(-54.9040575333661,211.135359908721,-2.));
#6741=CARTESIAN_POINT('Ctrl Pts',(-54.9040575333661,211.135359908721,3.));
#6742=CARTESIAN_POINT('Ctrl Pts',(-54.9394254742168,211.1460984117,-2.));
#6743=CARTESIAN_POINT('Ctrl Pts',(-54.9394254742168,211.1460984117,3.));
#6744=CARTESIAN_POINT('Ctrl Pts',(-54.9748067236714,211.15657759293,-2.));
#6745=CARTESIAN_POINT('Ctrl Pts',(-54.9748067236714,211.15657759293,3.));
#6746=CARTESIAN_POINT('Ctrl Pts',(-55.0102005063263,211.16679809892,-2.));
#6747=CARTESIAN_POINT('Ctrl Pts',(-55.0102005063263,211.16679809892,3.));
#6748=CARTESIAN_POINT('Ctrl Pts',(-55.0456060229106,211.176760110296,-2.));
#6749=CARTESIAN_POINT('Ctrl Pts',(-55.0456060229106,211.176760110296,3.));
#6750=CARTESIAN_POINT('Ctrl Pts',(-55.0810224289745,211.186461692801,-2.));
#6751=CARTESIAN_POINT('Ctrl Pts',(-55.0810224289745,211.186461692801,3.));
#6752=CARTESIAN_POINT('Ctrl Pts',(-55.1164488163447,211.195897399576,-2.));
#6753=CARTESIAN_POINT('Ctrl Pts',(-55.1164488163447,211.195897399576,3.));
#6754=CARTESIAN_POINT('Ctrl Pts',(-55.1518841840184,211.205055973686,-2.));
#6755=CARTESIAN_POINT('Ctrl Pts',(-55.1518841840184,211.205055973686,3.));
#6756=CARTESIAN_POINT('Ctrl Pts',(-55.1873274596291,211.213922398647,-2.));
#6757=CARTESIAN_POINT('Ctrl Pts',(-55.1873274596291,211.213922398647,3.));
#6758=CARTESIAN_POINT('Ctrl Pts',(-55.2227775444979,211.222481988873,-2.));
#6759=CARTESIAN_POINT('Ctrl Pts',(-55.2227775444979,211.222481988873,3.));
#6760=CARTESIAN_POINT('Ctrl Pts',(-55.2582333550977,211.23072416253,-2.));
#6761=CARTESIAN_POINT('Ctrl Pts',(-55.2582333550977,211.23072416253,3.));
#6762=CARTESIAN_POINT('Ctrl Pts',(-55.2936938572552,211.238645639182,-2.));
#6763=CARTESIAN_POINT('Ctrl Pts',(-55.2936938572552,211.238645639182,3.));
#6764=CARTESIAN_POINT('Ctrl Pts',(-55.3291581254779,211.246255698791,-2.));
#6765=CARTESIAN_POINT('Ctrl Pts',(-55.3291581254779,211.246255698791,3.));
#6766=CARTESIAN_POINT('Ctrl Pts',(-55.3646252708987,211.253570688256,-2.));
#6767=CARTESIAN_POINT('Ctrl Pts',(-55.3646252708987,211.253570688256,3.));
#6768=CARTESIAN_POINT('Ctrl Pts',(-55.4000943174838,211.260604313908,-2.));
#6769=CARTESIAN_POINT('Ctrl Pts',(-55.4000943174838,211.260604313908,3.));
#6770=CARTESIAN_POINT('Ctrl Pts',(-55.4355640869641,211.267358620296,-2.));
#6771=CARTESIAN_POINT('Ctrl Pts',(-55.4355640869641,211.267358620296,3.));
#6772=CARTESIAN_POINT('Ctrl Pts',(-55.4710330973817,211.273816174215,-2.));
#6773=CARTESIAN_POINT('Ctrl Pts',(-55.4710330973817,211.273816174215,3.));
#6774=CARTESIAN_POINT('Ctrl Pts',(-55.5064994106996,211.27992787017,-2.));
#6775=CARTESIAN_POINT('Ctrl Pts',(-55.5064994106996,211.27992787017,3.));
#6776=CARTESIAN_POINT('Ctrl Pts',(-55.5419607841451,211.285626987457,-2.));
#6777=CARTESIAN_POINT('Ctrl Pts',(-55.5419607841451,211.285626987457,3.));
#6778=CARTESIAN_POINT('Ctrl Pts',(-55.5774149085275,211.29085104567,-2.));
#6779=CARTESIAN_POINT('Ctrl Pts',(-55.5774149085275,211.29085104567,3.));
#6780=CARTESIAN_POINT('Ctrl Pts',(-55.6128596382591,211.295562373655,-2.));
#6781=CARTESIAN_POINT('Ctrl Pts',(-55.6128596382591,211.295562373655,3.));
#6782=CARTESIAN_POINT('Ctrl Pts',(-55.648293178262,211.299766305067,-2.));
#6783=CARTESIAN_POINT('Ctrl Pts',(-55.648293178262,211.299766305067,3.));
#6784=CARTESIAN_POINT('Ctrl Pts',(-55.6837144114561,211.303538102777,-2.));
#6785=CARTESIAN_POINT('Ctrl Pts',(-55.6837144114561,211.303538102777,3.));
#6786=CARTESIAN_POINT('Ctrl Pts',(-55.7191221632849,211.3069827707,-2.));
#6787=CARTESIAN_POINT('Ctrl Pts',(-55.7191221632849,211.3069827707,3.));
#6788=CARTESIAN_POINT('Ctrl Pts',(-55.7545142582361,211.310181363952,-2.));
#6789=CARTESIAN_POINT('Ctrl Pts',(-55.7545142582361,211.310181363952,3.));
#6790=CARTESIAN_POINT('Ctrl Pts',(-55.7898866121412,211.313140381899,-2.));
#6791=CARTESIAN_POINT('Ctrl Pts',(-55.7898866121412,211.313140381899,3.));
#6792=CARTESIAN_POINT('Ctrl Pts',(-55.825232386784,211.315743337202,-2.));
#6793=CARTESIAN_POINT('Ctrl Pts',(-55.825232386784,211.315743337202,3.));
#6794=CARTESIAN_POINT('Ctrl Pts',(-55.860540901961,211.317691751716,-2.));
#6795=CARTESIAN_POINT('Ctrl Pts',(-55.860540901961,211.317691751716,3.));
#6796=CARTESIAN_POINT('Ctrl Pts',(-55.8957996985638,211.318586774349,-2.));
#6797=CARTESIAN_POINT('Ctrl Pts',(-55.8957996985638,211.318586774349,3.));
#6798=CARTESIAN_POINT('Ctrl Pts',(-55.9239574820261,211.318137670028,-2.));
#6799=CARTESIAN_POINT('Ctrl Pts',(-55.9239574820261,211.318137670028,3.));
#6800=CARTESIAN_POINT('Ctrl Pts',(-55.9450440793534,211.317003137478,-2.));
#6801=CARTESIAN_POINT('Ctrl Pts',(-55.9450440793534,211.317003137478,3.));
#6802=CARTESIAN_POINT('Ctrl Pts',(-55.9590872031576,211.315874089115,-2.));
#6803=CARTESIAN_POINT('Ctrl Pts',(-55.9590872031576,211.315874089115,3.));
#6804=CARTESIAN_POINT('Ctrl Pts',(-55.9661051131029,211.315216390716,-2.));
#6805=CARTESIAN_POINT('Ctrl Pts',(-55.9661051131029,211.315216390716,3.));
#6806=CARTESIAN_POINT('',(-55.9661051131029,211.315216390716,3.));
#6807=CARTESIAN_POINT('',(-55.9661051131029,211.315216390716,-2.));
#6808=CARTESIAN_POINT('Ctrl Pts',(-53.5082298531427,210.521073337665,3.));
#6809=CARTESIAN_POINT('Ctrl Pts',(-53.5150840238446,210.524953340428,3.));
#6810=CARTESIAN_POINT('Ctrl Pts',(-53.5287960533822,210.532694531604,3.));
#6811=CARTESIAN_POINT('Ctrl Pts',(-53.5493751620871,210.54424987532,3.));
#6812=CARTESIAN_POINT('Ctrl Pts',(-53.5768361098685,210.559544076675,3.));
#6813=CARTESIAN_POINT('Ctrl Pts',(-53.6111992002579,210.578473341339,3.));
#6814=CARTESIAN_POINT('Ctrl Pts',(-53.6455991591541,210.59721365197,3.));
#6815=CARTESIAN_POINT('Ctrl Pts',(-53.68003585585,210.615764357125,3.));
#6816=CARTESIAN_POINT('Ctrl Pts',(-53.7145090244189,210.634124624543,3.));
#6817=CARTESIAN_POINT('Ctrl Pts',(-53.7490182140076,210.652293442238,3.));
#6818=CARTESIAN_POINT('Ctrl Pts',(-53.7835628348094,210.670269661093,3.));
#6819=CARTESIAN_POINT('Ctrl Pts',(-53.8181422126495,210.6880520416,3.));
#6820=CARTESIAN_POINT('Ctrl Pts',(-53.8527556414536,210.705639301855,3.));
#6821=CARTESIAN_POINT('Ctrl Pts',(-53.8874024332092,210.723030162925,3.));
#6822=CARTESIAN_POINT('Ctrl Pts',(-53.9220819767794,210.740223405782,3.));
#6823=CARTESIAN_POINT('Ctrl Pts',(-53.956793725022,210.757217849016,3.));
#6824=CARTESIAN_POINT('Ctrl Pts',(-53.9915371671341,210.774012311521,3.));
#6825=CARTESIAN_POINT('Ctrl Pts',(-54.026311805143,210.790605580472,3.));
#6826=CARTESIAN_POINT('Ctrl Pts',(-54.061117130236,210.806996381442,3.));
#6827=CARTESIAN_POINT('Ctrl Pts',(-54.0959525943291,210.823183341556,3.));
#6828=CARTESIAN_POINT('Ctrl Pts',(-54.1308176132253,210.839165004928,3.));
#6829=CARTESIAN_POINT('Ctrl Pts',(-54.1657115797746,210.854939864379,3.));
#6830=CARTESIAN_POINT('Ctrl Pts',(-54.2006338738258,210.870506391455,3.));
#6831=CARTESIAN_POINT('Ctrl Pts',(-54.2355838724381,210.885863063264,3.));
#6832=CARTESIAN_POINT('Ctrl Pts',(-54.2705609619035,210.901008405823,3.));
#6833=CARTESIAN_POINT('Ctrl Pts',(-54.3055645368398,210.915940956869,3.));
#6834=CARTESIAN_POINT('Ctrl Pts',(-54.3405939936903,210.930659197874,3.));
#6835=CARTESIAN_POINT('Ctrl Pts',(-54.375648725618,210.945161492718,3.));
#6836=CARTESIAN_POINT('Ctrl Pts',(-54.4107281171543,210.95944603548,3.));
#6837=CARTESIAN_POINT('Ctrl Pts',(-54.4458315374203,210.973510769439,3.));
#6838=CARTESIAN_POINT('Ctrl Pts',(-54.480958340553,210.987353451985,3.));
#6839=CARTESIAN_POINT('Ctrl Pts',(-54.5161078697112,211.000971787501,3.));
#6840=CARTESIAN_POINT('Ctrl Pts',(-54.5512794599749,211.014363551833,3.));
#6841=CARTESIAN_POINT('Ctrl Pts',(-54.5864724410817,211.027526696339,3.));
#6842=CARTESIAN_POINT('Ctrl Pts',(-54.6216861411615,211.04045952663,3.));
#6843=CARTESIAN_POINT('Ctrl Pts',(-54.6569198845545,211.053160543248,3.));
#6844=CARTESIAN_POINT('Ctrl Pts',(-54.6921729863815,211.06562810753,3.));
#6845=CARTESIAN_POINT('Ctrl Pts',(-54.7274447476233,211.077860136571,3.));
#6846=CARTESIAN_POINT('Ctrl Pts',(-54.7627344505997,211.089853845658,3.));
#6847=CARTESIAN_POINT('Ctrl Pts',(-54.798041352181,211.101605325698,3.));
#6848=CARTESIAN_POINT('Ctrl Pts',(-54.8333646869625,211.113109880533,3.));
#6849=CARTESIAN_POINT('Ctrl Pts',(-54.8687036758069,211.124362772865,3.));
#6850=CARTESIAN_POINT('Ctrl Pts',(-54.9040575333661,211.135359908721,3.));
#6851=CARTESIAN_POINT('Ctrl Pts',(-54.9394254742168,211.1460984117,3.));
#6852=CARTESIAN_POINT('Ctrl Pts',(-54.9748067236714,211.15657759293,3.));
#6853=CARTESIAN_POINT('Ctrl Pts',(-55.0102005063263,211.16679809892,3.));
#6854=CARTESIAN_POINT('Ctrl Pts',(-55.0456060229106,211.176760110296,3.));
#6855=CARTESIAN_POINT('Ctrl Pts',(-55.0810224289745,211.186461692801,3.));
#6856=CARTESIAN_POINT('Ctrl Pts',(-55.1164488163447,211.195897399576,3.));
#6857=CARTESIAN_POINT('Ctrl Pts',(-55.1518841840184,211.205055973686,3.));
#6858=CARTESIAN_POINT('Ctrl Pts',(-55.1873274596291,211.213922398647,3.));
#6859=CARTESIAN_POINT('Ctrl Pts',(-55.2227775444979,211.222481988873,3.));
#6860=CARTESIAN_POINT('Ctrl Pts',(-55.2582333550977,211.23072416253,3.));
#6861=CARTESIAN_POINT('Ctrl Pts',(-55.2936938572552,211.238645639182,3.));
#6862=CARTESIAN_POINT('Ctrl Pts',(-55.3291581254779,211.246255698791,3.));
#6863=CARTESIAN_POINT('Ctrl Pts',(-55.3646252708987,211.253570688256,3.));
#6864=CARTESIAN_POINT('Ctrl Pts',(-55.4000943174838,211.260604313908,3.));
#6865=CARTESIAN_POINT('Ctrl Pts',(-55.4355640869641,211.267358620296,3.));
#6866=CARTESIAN_POINT('Ctrl Pts',(-55.4710330973817,211.273816174215,3.));
#6867=CARTESIAN_POINT('Ctrl Pts',(-55.5064994106996,211.27992787017,3.));
#6868=CARTESIAN_POINT('Ctrl Pts',(-55.5419607841451,211.285626987457,3.));
#6869=CARTESIAN_POINT('Ctrl Pts',(-55.5774149085275,211.29085104567,3.));
#6870=CARTESIAN_POINT('Ctrl Pts',(-55.6128596382591,211.295562373655,3.));
#6871=CARTESIAN_POINT('Ctrl Pts',(-55.648293178262,211.299766305067,3.));
#6872=CARTESIAN_POINT('Ctrl Pts',(-55.6837144114561,211.303538102777,3.));
#6873=CARTESIAN_POINT('Ctrl Pts',(-55.7191221632849,211.3069827707,3.));
#6874=CARTESIAN_POINT('Ctrl Pts',(-55.7545142582361,211.310181363952,3.));
#6875=CARTESIAN_POINT('Ctrl Pts',(-55.7898866121412,211.313140381899,3.));
#6876=CARTESIAN_POINT('Ctrl Pts',(-55.825232386784,211.315743337202,3.));
#6877=CARTESIAN_POINT('Ctrl Pts',(-55.860540901961,211.317691751716,3.));
#6878=CARTESIAN_POINT('Ctrl Pts',(-55.8957996985638,211.318586774349,3.));
#6879=CARTESIAN_POINT('Ctrl Pts',(-55.9239574820261,211.318137670028,3.));
#6880=CARTESIAN_POINT('Ctrl Pts',(-55.9450440793534,211.317003137478,3.));
#6881=CARTESIAN_POINT('Ctrl Pts',(-55.9590872031576,211.315874089115,3.));
#6882=CARTESIAN_POINT('Ctrl Pts',(-55.9661051131029,211.315216390716,3.));
#6883=CARTESIAN_POINT('Origin',(-55.9661051131029,211.315216390716,-2.));
#6884=CARTESIAN_POINT('',(-56.4251390458536,211.272197046684,3.));
#6885=CARTESIAN_POINT('',(-56.4251390458536,211.272197046684,-2.));
#6886=CARTESIAN_POINT('',(-56.8033258490557,211.236754463828,3.));
#6887=CARTESIAN_POINT('Origin',(-56.4601296470785,211.645561021682,-2.));
#6888=CARTESIAN_POINT('',(-56.8323904617965,211.600318499366,3.));
#6889=CARTESIAN_POINT('',(-56.8323904617965,211.600318499366,-2.));
#6890=CARTESIAN_POINT('Origin',(-56.4601296470785,211.645561021682,3.));
#6891=CARTESIAN_POINT('Origin',(-70.,210.,-2.));
#6892=CARTESIAN_POINT('',(-56.9823335319447,212.547021785629,3.));
#6893=CARTESIAN_POINT('',(-56.9823335319447,212.547021785629,-2.));
#6894=CARTESIAN_POINT('Origin',(-70.,210.,3.));
#6895=CARTESIAN_POINT('Origin',(-70.,210.,3.));
#6896=CARTESIAN_POINT('',(-56.6964095241394,212.984931439848,3.));
#6897=CARTESIAN_POINT('Origin',(-56.6143117500818,212.619028508055,3.));
#6898=CARTESIAN_POINT('',(-56.2465486028035,213.085866898594,3.));
#6899=CARTESIAN_POINT('',(-57.0670389081287,212.90177318999,3.));
#6900=CARTESIAN_POINT('',(-54.1543740199354,214.600667049451,3.));
#6901=CARTESIAN_POINT('Ctrl Pts',(-56.2465486028035,213.085866898594,3.));
#6902=CARTESIAN_POINT('Ctrl Pts',(-56.239670933837,213.087410043685,3.));
#6903=CARTESIAN_POINT('Ctrl Pts',(-56.225966234302,213.090675818791,3.));
#6904=CARTESIAN_POINT('Ctrl Pts',(-56.2055610986689,213.096112931144,3.));
#6905=CARTESIAN_POINT('Ctrl Pts',(-56.1786426743552,213.104387041167,3.));
#6906=CARTESIAN_POINT('Ctrl Pts',(-56.1453861432933,213.116133825626,3.));
#6907=CARTESIAN_POINT('Ctrl Pts',(-56.1124078430505,213.128897809182,3.));
#6908=CARTESIAN_POINT('Ctrl Pts',(-56.0795963711771,213.142295811828,3.));
#6909=CARTESIAN_POINT('Ctrl Pts',(-56.0468696503313,213.156040663616,3.));
#6910=CARTESIAN_POINT('Ctrl Pts',(-56.0141981874754,213.170019465377,3.));
#6911=CARTESIAN_POINT('Ctrl Pts',(-55.9815878752996,213.1842371363,3.));
#6912=CARTESIAN_POINT('Ctrl Pts',(-55.9490658302468,213.198770092109,3.));
#6913=CARTESIAN_POINT('Ctrl Pts',(-55.9166656173813,213.213717834505,3.));
#6914=CARTESIAN_POINT('Ctrl Pts',(-55.8844115566149,213.229151597533,3.));
#6915=CARTESIAN_POINT('Ctrl Pts',(-55.852307003359,213.245075899092,3.));
#6916=CARTESIAN_POINT('Ctrl Pts',(-55.8203423571616,213.261454248764,3.));
#6917=CARTESIAN_POINT('Ctrl Pts',(-55.788500506686,213.27822651057,3.));
#6918=CARTESIAN_POINT('Ctrl Pts',(-55.756762967105,213.295328536298,3.));
#6919=CARTESIAN_POINT('Ctrl Pts',(-55.7251164071682,213.312713024957,3.));
#6920=CARTESIAN_POINT('Ctrl Pts',(-55.6935568491454,213.330362938636,3.));
#6921=CARTESIAN_POINT('Ctrl Pts',(-55.6620860454369,213.34827985771,3.));
#6922=CARTESIAN_POINT('Ctrl Pts',(-55.6307091597955,213.366476516064,3.));
#6923=CARTESIAN_POINT('Ctrl Pts',(-55.5994320890533,213.384968185848,3.));
#6924=CARTESIAN_POINT('Ctrl Pts',(-55.5682585810726,213.403763406838,3.));
#6925=CARTESIAN_POINT('Ctrl Pts',(-55.5371886056997,213.422858739576,3.));
#6926=CARTESIAN_POINT('Ctrl Pts',(-55.5062199234636,213.442243785311,3.));
#6927=CARTESIAN_POINT('Ctrl Pts',(-55.4753490411745,213.461904237712,3.));
#6928=CARTESIAN_POINT('Ctrl Pts',(-55.4445723383646,213.481825483873,3.));
#6929=CARTESIAN_POINT('Ctrl Pts',(-55.4138872884601,213.501996508486,3.));
#6930=CARTESIAN_POINT('Ctrl Pts',(-55.3832930720133,213.52241185064,3.));
#6931=CARTESIAN_POINT('Ctrl Pts',(-55.3527898944249,213.543069409797,3.));
#6932=CARTESIAN_POINT('Ctrl Pts',(-55.3223785716636,213.563969110754,3.));
#6933=CARTESIAN_POINT('Ctrl Pts',(-55.2920600409642,213.585111328767,3.));
#6934=CARTESIAN_POINT('Ctrl Pts',(-55.2618348262254,213.606495169286,3.));
#6935=CARTESIAN_POINT('Ctrl Pts',(-55.2317027855722,213.628117653983,3.));
#6936=CARTESIAN_POINT('Ctrl Pts',(-55.2016634008076,213.64997464657,3.));
#6937=CARTESIAN_POINT('Ctrl Pts',(-55.17171594903,213.672061400846,3.));
#6938=CARTESIAN_POINT('Ctrl Pts',(-55.1418597069895,213.694373213974,3.));
#6939=CARTESIAN_POINT('Ctrl Pts',(-55.1120941734688,213.716906138547,3.));
#6940=CARTESIAN_POINT('Ctrl Pts',(-55.0824191704982,213.739657304368,3.));
#6941=CARTESIAN_POINT('Ctrl Pts',(-55.0528347192315,213.76262451447,3.));
#6942=CARTESIAN_POINT('Ctrl Pts',(-55.0233409646531,213.785805998752,3.));
#6943=CARTESIAN_POINT('Ctrl Pts',(-54.9939380859954,213.809200122354,3.));
#6944=CARTESIAN_POINT('Ctrl Pts',(-54.96462619865,213.832805066198,3.));
#6945=CARTESIAN_POINT('Ctrl Pts',(-54.9354053070087,213.856618674785,3.));
#6946=CARTESIAN_POINT('Ctrl Pts',(-54.9062753561474,213.88063862735,3.));
#6947=CARTESIAN_POINT('Ctrl Pts',(-54.8772362613739,213.904862537654,3.));
#6948=CARTESIAN_POINT('Ctrl Pts',(-54.8482879439358,213.929288073267,3.));
#6949=CARTESIAN_POINT('Ctrl Pts',(-54.8194303682733,213.953913083179,3.));
#6950=CARTESIAN_POINT('Ctrl Pts',(-54.7906635616713,213.978735659666,3.));
#6951=CARTESIAN_POINT('Ctrl Pts',(-54.7619875956769,214.003754059162,3.));
#6952=CARTESIAN_POINT('Ctrl Pts',(-54.7334025750564,214.028966650953,3.));
#6953=CARTESIAN_POINT('Ctrl Pts',(-54.7049086236976,214.05437185727,3.));
#6954=CARTESIAN_POINT('Ctrl Pts',(-54.676505869786,214.079968086626,3.));
#6955=CARTESIAN_POINT('Ctrl Pts',(-54.6481944351742,214.105753698166,3.));
#6956=CARTESIAN_POINT('Ctrl Pts',(-54.6199744373426,214.131727046605,3.));
#6957=CARTESIAN_POINT('Ctrl Pts',(-54.591845987981,214.157886510912,3.));
#6958=CARTESIAN_POINT('Ctrl Pts',(-54.5638091928009,214.184230525931,3.));
#6959=CARTESIAN_POINT('Ctrl Pts',(-54.5358641488187,214.210757616611,3.));
#6960=CARTESIAN_POINT('Ctrl Pts',(-54.5080109461248,214.237466413669,3.));
#6961=CARTESIAN_POINT('Ctrl Pts',(-54.480249683536,214.264355609759,3.));
#6962=CARTESIAN_POINT('Ctrl Pts',(-54.4525804818725,214.291423923735,3.));
#6963=CARTESIAN_POINT('Ctrl Pts',(-54.4250034964223,214.318670062933,3.));
#6964=CARTESIAN_POINT('Ctrl Pts',(-54.3975189317102,214.346092679136,3.));
#6965=CARTESIAN_POINT('Ctrl Pts',(-54.3701270468629,214.3736903434,3.));
#6966=CARTESIAN_POINT('Ctrl Pts',(-54.3428281172671,214.401461618372,3.));
#6967=CARTESIAN_POINT('Ctrl Pts',(-54.3156224010721,214.429405116879,3.));
#6968=CARTESIAN_POINT('Ctrl Pts',(-54.2885101041208,214.457519563786,3.));
#6969=CARTESIAN_POINT('Ctrl Pts',(-54.261491342479,214.485803857314,3.));
#6970=CARTESIAN_POINT('Ctrl Pts',(-54.2345661118755,214.514257123762,3.));
#6971=CARTESIAN_POINT('Ctrl Pts',(-54.2077343353129,214.54287870318,3.));
#6972=CARTESIAN_POINT('Ctrl Pts',(-54.1863435901158,214.565910252586,3.));
#6973=CARTESIAN_POINT('Ctrl Pts',(-54.1703424922664,214.583259331844,3.));
#6974=CARTESIAN_POINT('Ctrl Pts',(-54.1596937368532,214.59485889231,3.));
#6975=CARTESIAN_POINT('Ctrl Pts',(-54.1543740199354,214.600667049451,3.));
#6976=CARTESIAN_POINT('',(-54.4764150532435,215.591807435958,3.));
#6977=CARTESIAN_POINT('Origin',(-70.0000000000023,209.999999999999,3.));
#6978=CARTESIAN_POINT('',(-57.0593970348271,215.587557136052,3.));
#6979=CARTESIAN_POINT('Ctrl Pts',(-54.4764150532435,215.591807435958,3.));
#6980=CARTESIAN_POINT('Ctrl Pts',(-54.4841327437454,215.59337948264,3.));
#6981=CARTESIAN_POINT('Ctrl Pts',(-54.499565818419,215.596504542798,3.));
#6982=CARTESIAN_POINT('Ctrl Pts',(-54.5227085114362,215.601135033417,3.));
#6983=CARTESIAN_POINT('Ctrl Pts',(-54.5535515929014,215.607194783731,3.));
#6984=CARTESIAN_POINT('Ctrl Pts',(-54.5920822984087,215.61457880533,3.));
#6985=CARTESIAN_POINT('Ctrl Pts',(-54.6305896779422,215.621771727968,3.));
#6986=CARTESIAN_POINT('Ctrl Pts',(-54.669073405885,215.628772972479,3.));
#6987=CARTESIAN_POINT('Ctrl Pts',(-54.7075329721432,215.63558182951,3.));
#6988=CARTESIAN_POINT('Ctrl Pts',(-54.7459676352091,215.642197475927,3.));
#6989=CARTESIAN_POINT('Ctrl Pts',(-54.7843764790462,215.648619001115,3.));
#6990=CARTESIAN_POINT('Ctrl Pts',(-54.8227584794475,215.654845434563,3.));
#6991=CARTESIAN_POINT('Ctrl Pts',(-54.8611125687662,215.660875775299,3.));
#6992=CARTESIAN_POINT('Ctrl Pts',(-54.8994376974518,215.666709019591,3.));
#6993=CARTESIAN_POINT('Ctrl Pts',(-54.9377329075774,215.672344196926,3.));
#6994=CARTESIAN_POINT('Ctrl Pts',(-54.9759973137049,215.677780352793,3.));
#6995=CARTESIAN_POINT('Ctrl Pts',(-55.0142300650495,215.68301652174,3.));
#6996=CARTESIAN_POINT('Ctrl Pts',(-55.0524303132277,215.688051704184,3.));
#6997=CARTESIAN_POINT('Ctrl Pts',(-55.0905971805105,215.692884845306,3.));
#6998=CARTESIAN_POINT('Ctrl Pts',(-55.1287297213967,215.697514808789,3.));
#6999=CARTESIAN_POINT('Ctrl Pts',(-55.166826930389,215.701940390532,3.));
#7000=CARTESIAN_POINT('Ctrl Pts',(-55.2048877643095,215.706160344742,3.));
#7001=CARTESIAN_POINT('Ctrl Pts',(-55.2429111610406,215.710173409409,3.));
#7002=CARTESIAN_POINT('Ctrl Pts',(-55.2808960575314,215.713978328677,3.));
#7003=CARTESIAN_POINT('Ctrl Pts',(-55.3188414146249,215.717573890351,3.));
#7004=CARTESIAN_POINT('Ctrl Pts',(-55.3567462047042,215.720958890809,3.));
#7005=CARTESIAN_POINT('Ctrl Pts',(-55.3946093845021,215.724132072355,3.));
#7006=CARTESIAN_POINT('Ctrl Pts',(-55.4324298712932,215.727092066469,3.));
#7007=CARTESIAN_POINT('Ctrl Pts',(-55.4702065216717,215.729837345807,3.));
#7008=CARTESIAN_POINT('Ctrl Pts',(-55.5079381000746,215.732366149266,3.));
#7009=CARTESIAN_POINT('Ctrl Pts',(-55.5456232992452,215.734676543579,3.));
#7010=CARTESIAN_POINT('Ctrl Pts',(-55.5832607851051,215.736766548458,3.));
#7011=CARTESIAN_POINT('Ctrl Pts',(-55.6208492379773,215.73863425408,3.));
#7012=CARTESIAN_POINT('Ctrl Pts',(-55.6583873873385,215.740277919193,3.));
#7013=CARTESIAN_POINT('Ctrl Pts',(-55.6958740706077,215.741696139956,3.));
#7014=CARTESIAN_POINT('Ctrl Pts',(-55.7333081818357,215.74288769909,3.));
#7015=CARTESIAN_POINT('Ctrl Pts',(-55.7706885632895,215.743851249773,3.));
#7016=CARTESIAN_POINT('Ctrl Pts',(-55.8080139065092,215.744585027056,3.));
#7017=CARTESIAN_POINT('Ctrl Pts',(-55.8452826684164,215.745086604291,3.));
#7018=CARTESIAN_POINT('Ctrl Pts',(-55.8824929342771,215.745352493352,3.));
#7019=CARTESIAN_POINT('Ctrl Pts',(-55.9196425249548,215.745378464449,3.));
#7020=CARTESIAN_POINT('Ctrl Pts',(-55.9567292355411,215.745160252912,3.));
#7021=CARTESIAN_POINT('Ctrl Pts',(-55.9937510540179,215.744694207826,3.));
#7022=CARTESIAN_POINT('Ctrl Pts',(-56.0307063445466,215.74397783628,3.));
#7023=CARTESIAN_POINT('Ctrl Pts',(-56.0675941574822,215.743010722511,3.));
#7024=CARTESIAN_POINT('Ctrl Pts',(-56.1044139551544,215.741793720997,3.));
#7025=CARTESIAN_POINT('Ctrl Pts',(-56.1411650332281,215.740327250512,3.));
#7026=CARTESIAN_POINT('Ctrl Pts',(-56.1778459908654,215.738609732419,3.));
#7027=CARTESIAN_POINT('Ctrl Pts',(-56.2144542811699,215.736636267086,3.));
#7028=CARTESIAN_POINT('Ctrl Pts',(-56.2509854735475,215.73439645786,3.));
#7029=CARTESIAN_POINT('Ctrl Pts',(-56.2874339077682,215.731876354595,3.));
#7030=CARTESIAN_POINT('Ctrl Pts',(-56.3237940008307,215.72906232998,3.));
#7031=CARTESIAN_POINT('Ctrl Pts',(-56.3600614522729,215.725944654921,3.));
#7032=CARTESIAN_POINT('Ctrl Pts',(-56.3962342648269,215.722520529114,3.));
#7033=CARTESIAN_POINT('Ctrl Pts',(-56.4323144259629,215.71879906432,3.));
#7034=CARTESIAN_POINT('Ctrl Pts',(-56.468306141788,215.71479608204,3.));
#7035=CARTESIAN_POINT('Ctrl Pts',(-56.5042127195284,215.710524919381,3.));
#7036=CARTESIAN_POINT('Ctrl Pts',(-56.5400336703831,215.705987884928,3.));
#7037=CARTESIAN_POINT('Ctrl Pts',(-56.5757621977705,215.70116885667,3.));
#7038=CARTESIAN_POINT('Ctrl Pts',(-56.6113812840748,215.69602173139,3.));
#7039=CARTESIAN_POINT('Ctrl Pts',(-56.6468681784617,215.690483746985,3.));
#7040=CARTESIAN_POINT('Ctrl Pts',(-56.6822013772525,215.684496194635,3.));
#7041=CARTESIAN_POINT('Ctrl Pts',(-56.7173671988454,215.678023909967,3.));
#7042=CARTESIAN_POINT('Ctrl Pts',(-56.7523655842103,215.671072520299,3.));
#7043=CARTESIAN_POINT('Ctrl Pts',(-56.7872187284462,215.66371395007,3.));
#7044=CARTESIAN_POINT('Ctrl Pts',(-56.8219579624787,215.656048426898,3.));
#7045=CARTESIAN_POINT('Ctrl Pts',(-56.8566062646803,215.648153711046,3.));
#7046=CARTESIAN_POINT('Ctrl Pts',(-56.8911617591907,215.640037245859,3.));
#7047=CARTESIAN_POINT('Ctrl Pts',(-56.9255819459123,215.631590358417,3.));
#7048=CARTESIAN_POINT('Ctrl Pts',(-56.9597644325492,215.622532479501,3.));
#7049=CARTESIAN_POINT('Ctrl Pts',(-56.9935741180188,215.612488129257,3.));
#7050=CARTESIAN_POINT('Ctrl Pts',(-57.0202149805977,215.603359772052,3.));
#7051=CARTESIAN_POINT('Ctrl Pts',(-57.0399189365539,215.595764650551,3.));
#7052=CARTESIAN_POINT('Ctrl Pts',(-57.0529258458251,215.590351297837,3.));
#7053=CARTESIAN_POINT('Ctrl Pts',(-57.0593970348271,215.587557136052,3.));
#7054=CARTESIAN_POINT('',(-57.4826705393775,215.404794022369,3.));
#7055=CARTESIAN_POINT('',(-57.8313952025126,215.254219973751,3.));
#7056=CARTESIAN_POINT('',(-57.9713847573779,215.591008459568,3.));
#7057=CARTESIAN_POINT('Origin',(-57.6313243920431,215.749071573318,3.));
#7058=CARTESIAN_POINT('',(-58.4065364954018,216.445041832102,3.));
#7059=CARTESIAN_POINT('Origin',(-70.,210.,3.));
#7060=CARTESIAN_POINT('',(-58.2699281297676,216.949874039807,3.));
#7061=CARTESIAN_POINT('Origin',(-58.0787782825612,216.627249279578,3.));
#7062=CARTESIAN_POINT('',(-57.8732757411922,217.184884035371,3.));
#7063=CARTESIAN_POINT('',(-58.5967203081125,216.756255066128,3.));
#7064=CARTESIAN_POINT('',(-56.3515984606249,219.272062091034,3.));
#7065=CARTESIAN_POINT('Ctrl Pts',(-57.8732757411922,217.184884035371,3.));
#7066=CARTESIAN_POINT('Ctrl Pts',(-57.8672115473625,217.188476970157,3.));
#7067=CARTESIAN_POINT('Ctrl Pts',(-57.8551867835734,217.195817891912,3.));
#7068=CARTESIAN_POINT('Ctrl Pts',(-57.8374605064812,217.207294426728,3.));
#7069=CARTESIAN_POINT('Ctrl Pts',(-57.8144164042398,217.223481823557,3.));
#7070=CARTESIAN_POINT('Ctrl Pts',(-57.7864175196909,217.244930512734,3.));
#7071=CARTESIAN_POINT('Ctrl Pts',(-57.7589975801835,217.26726063769,3.));
#7072=CARTESIAN_POINT('Ctrl Pts',(-57.7319322265574,217.290142197831,3.));
#7073=CARTESIAN_POINT('Ctrl Pts',(-57.7050546582276,217.313327441601,3.));
#7074=CARTESIAN_POINT('Ctrl Pts',(-57.678301937887,217.33671810936,3.));
#7075=CARTESIAN_POINT('Ctrl Pts',(-57.6516811899293,217.360317058592,3.));
#7076=CARTESIAN_POINT('Ctrl Pts',(-57.6252418173819,217.384188585527,3.));
#7077=CARTESIAN_POINT('Ctrl Pts',(-57.5990464902347,217.408416949734,3.));
#7078=CARTESIAN_POINT('Ctrl Pts',(-57.5731403506287,217.433062383547,3.));
#7079=CARTESIAN_POINT('Ctrl Pts',(-57.5475279858574,217.458128146866,3.));
#7080=CARTESIAN_POINT('Ctrl Pts',(-57.5221889891887,217.483582501941,3.));
#7081=CARTESIAN_POINT('Ctrl Pts',(-57.4970885037352,217.509373543755,3.));
#7082=CARTESIAN_POINT('Ctrl Pts',(-57.4721891264934,217.535445975854,3.));
#7083=CARTESIAN_POINT('Ctrl Pts',(-57.4474635618814,217.56175893191,3.));
#7084=CARTESIAN_POINT('Ctrl Pts',(-57.4229027618485,217.588297437091,3.));
#7085=CARTESIAN_POINT('Ctrl Pts',(-57.3985088813893,217.615062452901,3.));
#7086=CARTESIAN_POINT('Ctrl Pts',(-57.3742907665112,217.642064494297,3.));
#7087=CARTESIAN_POINT('Ctrl Pts',(-57.3502587447888,217.669316263736,3.));
#7088=CARTESIAN_POINT('Ctrl Pts',(-57.326419019587,217.696824724874,3.));
#7089=CARTESIAN_POINT('Ctrl Pts',(-57.3027704993767,217.72458661591,3.));
#7090=CARTESIAN_POINT('Ctrl Pts',(-57.279307840904,217.75259273908,3.));
#7091=CARTESIAN_POINT('Ctrl Pts',(-57.256023301048,217.780830567707,3.));
#7092=CARTESIAN_POINT('Ctrl Pts',(-57.2329089209033,217.80928732288,3.));
#7093=CARTESIAN_POINT('Ctrl Pts',(-57.2099588936382,217.837953309173,3.));
#7094=CARTESIAN_POINT('Ctrl Pts',(-57.1871707523971,217.866823586172,3.));
#7095=CARTESIAN_POINT('Ctrl Pts',(-57.1645440434257,217.895896092676,3.));
#7096=CARTESIAN_POINT('Ctrl Pts',(-57.1420795195178,217.925170505016,3.));
#7097=CARTESIAN_POINT('Ctrl Pts',(-57.1197781879962,217.954646890456,3.));
#7098=CARTESIAN_POINT('Ctrl Pts',(-57.0976402706878,217.984324236338,3.));
#7099=CARTESIAN_POINT('Ctrl Pts',(-57.0756647123072,218.014199753944,3.));
#7100=CARTESIAN_POINT('Ctrl Pts',(-57.0538497418369,218.044269669564,3.));
#7101=CARTESIAN_POINT('Ctrl Pts',(-57.0321932050993,218.074529692679,3.));
#7102=CARTESIAN_POINT('Ctrl Pts',(-57.0106929609863,218.104975574124,3.));
#7103=CARTESIAN_POINT('Ctrl Pts',(-56.9893473129964,218.135603714574,3.));
#7104=CARTESIAN_POINT('Ctrl Pts',(-56.9681552049308,218.166411439308,3.));
#7105=CARTESIAN_POINT('Ctrl Pts',(-56.9471159780073,218.197396652347,3.));
#7106=CARTESIAN_POINT('Ctrl Pts',(-56.9262292231236,218.228557625424,3.));
#7107=CARTESIAN_POINT('Ctrl Pts',(-56.9054946055399,218.259892748307,3.));
#7108=CARTESIAN_POINT('Ctrl Pts',(-56.8849116728742,218.291400255293,3.));
#7109=CARTESIAN_POINT('Ctrl Pts',(-56.8644797632176,218.323078095025,3.));
#7110=CARTESIAN_POINT('Ctrl Pts',(-56.8441981071783,218.354924077294,3.));
#7111=CARTESIAN_POINT('Ctrl Pts',(-56.8240658868208,218.386935958826,3.));
#7112=CARTESIAN_POINT('Ctrl Pts',(-56.8040823064867,218.419111545681,3.));
#7113=CARTESIAN_POINT('Ctrl Pts',(-56.7842466676577,218.451448803118,3.));
#7114=CARTESIAN_POINT('Ctrl Pts',(-56.7645584067646,218.483945908351,3.));
#7115=CARTESIAN_POINT('Ctrl Pts',(-56.7450170530609,218.516601181041,3.));
#7116=CARTESIAN_POINT('Ctrl Pts',(-56.7256222022669,218.549413037913,3.));
#7117=CARTESIAN_POINT('Ctrl Pts',(-56.7063734846498,218.582379940136,3.));
#7118=CARTESIAN_POINT('Ctrl Pts',(-56.6872705303243,218.615500334503,3.));
#7119=CARTESIAN_POINT('Ctrl Pts',(-56.6683129481272,218.648772622814,3.));
#7120=CARTESIAN_POINT('Ctrl Pts',(-56.6495003413682,218.682195204009,3.));
#7121=CARTESIAN_POINT('Ctrl Pts',(-56.6308323153441,218.715766501879,3.));
#7122=CARTESIAN_POINT('Ctrl Pts',(-56.6123084869329,218.749484995206,3.));
#7123=CARTESIAN_POINT('Ctrl Pts',(-56.593928492587,218.783349251155,3.));
#7124=CARTESIAN_POINT('Ctrl Pts',(-56.5756919948555,218.81735793962,3.));
#7125=CARTESIAN_POINT('Ctrl Pts',(-56.5575986837269,218.851509786705,3.));
#7126=CARTESIAN_POINT('Ctrl Pts',(-56.5396482782116,218.885803536631,3.));
#7127=CARTESIAN_POINT('Ctrl Pts',(-56.5218405265428,218.920237912017,3.));
#7128=CARTESIAN_POINT('Ctrl Pts',(-56.5041752066128,218.95481156743,3.));
#7129=CARTESIAN_POINT('Ctrl Pts',(-56.4866521232978,218.989523063789,3.));
#7130=CARTESIAN_POINT('Ctrl Pts',(-56.4692710943396,219.02437094899,3.));
#7131=CARTESIAN_POINT('Ctrl Pts',(-56.4520319365929,219.059353823981,3.));
#7132=CARTESIAN_POINT('Ctrl Pts',(-56.4349344517872,219.094470412428,3.));
#7133=CARTESIAN_POINT('Ctrl Pts',(-56.4179784098398,219.129719630612,3.));
#7134=CARTESIAN_POINT('Ctrl Pts',(-56.4011635366995,219.165100648911,3.));
#7135=CARTESIAN_POINT('Ctrl Pts',(-56.3844895552017,219.20061286347,3.));
#7136=CARTESIAN_POINT('Ctrl Pts',(-56.3712628877669,219.229127272401,3.));
#7137=CARTESIAN_POINT('Ctrl Pts',(-56.3614060997167,219.250571838445,3.));
#7138=CARTESIAN_POINT('Ctrl Pts',(-56.3548629928021,219.264894322405,3.));
#7139=CARTESIAN_POINT('Ctrl Pts',(-56.3515984606249,219.272062091034,3.));
#7140=CARTESIAN_POINT('',(-56.9641569071091,220.115176462006,3.));
#7141=CARTESIAN_POINT('Origin',(-70.000000000002,209.999999999999,3.));
#7142=CARTESIAN_POINT('',(-59.4194053372649,219.312948858111,3.));
#7143=CARTESIAN_POINT('Ctrl Pts',(-56.9641569071091,220.115176462006,3.));
#7144=CARTESIAN_POINT('Ctrl Pts',(-56.9719826560923,220.114286669725,3.));
#7145=CARTESIAN_POINT('Ctrl Pts',(-56.9876260790243,220.112489696202,3.));
#7146=CARTESIAN_POINT('Ctrl Pts',(-57.0110669883168,220.109742069042,3.));
#7147=CARTESIAN_POINT('Ctrl Pts',(-57.0422730677555,220.105974197733,3.));
#7148=CARTESIAN_POINT('Ctrl Pts',(-57.0811997344664,220.101090176784,3.));
#7149=CARTESIAN_POINT('Ctrl Pts',(-57.1200451640317,220.096031618046,3.));
#7150=CARTESIAN_POINT('Ctrl Pts',(-57.1588088677986,220.090798071318,3.));
#7151=CARTESIAN_POINT('Ctrl Pts',(-57.1974901414372,220.085389019596,3.));
#7152=CARTESIAN_POINT('Ctrl Pts',(-57.2360880253692,220.07980390917,3.));
#7153=CARTESIAN_POINT('Ctrl Pts',(-57.2746013669967,220.074042157065,3.));
#7154=CARTESIAN_POINT('Ctrl Pts',(-57.3130288923369,220.068103156767,3.));
#7155=CARTESIAN_POINT('Ctrl Pts',(-57.3513692766791,220.061986286216,3.));
#7156=CARTESIAN_POINT('Ctrl Pts',(-57.389621211672,220.055690915136,3.));
#7157=CARTESIAN_POINT('Ctrl Pts',(-57.4277834863675,220.049216416528,3.));
#7158=CARTESIAN_POINT('Ctrl Pts',(-57.4658549637044,220.042562156216,3.));
#7159=CARTESIAN_POINT('Ctrl Pts',(-57.5038345361966,220.035727478907,3.));
#7160=CARTESIAN_POINT('Ctrl Pts',(-57.5417210880955,220.028711696104,3.));
#7161=CARTESIAN_POINT('Ctrl Pts',(-57.5795134586743,220.02151407585,3.));
#7162=CARTESIAN_POINT('Ctrl Pts',(-57.6172103975667,220.014133829619,3.));
#7163=CARTESIAN_POINT('Ctrl Pts',(-57.6548105764001,220.006570122957,3.));
#7164=CARTESIAN_POINT('Ctrl Pts',(-57.6923126180821,219.998822093405,3.));
#7165=CARTESIAN_POINT('Ctrl Pts',(-57.7297151224965,219.990888868933,3.));
#7166=CARTESIAN_POINT('Ctrl Pts',(-57.767016690541,219.982769583652,3.));
#7167=CARTESIAN_POINT('Ctrl Pts',(-57.8042159593294,219.974463405812,3.));
#7168=CARTESIAN_POINT('Ctrl Pts',(-57.8413115796006,219.965969508252,3.));
#7169=CARTESIAN_POINT('Ctrl Pts',(-57.8783021704989,219.95728701722,3.));
#7170=CARTESIAN_POINT('Ctrl Pts',(-57.9151862793955,219.948414965757,3.));
#7171=CARTESIAN_POINT('Ctrl Pts',(-57.9519623468718,219.939352254603,3.));
#7172=CARTESIAN_POINT('Ctrl Pts',(-57.9886286536261,219.93009759066,3.));
#7173=CARTESIAN_POINT('Ctrl Pts',(-58.0251833589716,219.920649539246,3.));
#7174=CARTESIAN_POINT('Ctrl Pts',(-58.0616245821815,219.911006629249,3.));
#7175=CARTESIAN_POINT('Ctrl Pts',(-58.0979504780009,219.901167452122,3.));
#7176=CARTESIAN_POINT('Ctrl Pts',(-58.1341593000133,219.891130744448,3.));
#7177=CARTESIAN_POINT('Ctrl Pts',(-58.1702495087285,219.880895530354,3.));
#7178=CARTESIAN_POINT('Ctrl Pts',(-58.2062196761657,219.870460993893,3.));
#7179=CARTESIAN_POINT('Ctrl Pts',(-58.2420682850651,219.859826211924,3.));
#7180=CARTESIAN_POINT('Ctrl Pts',(-58.2777935456074,219.848989910214,3.));
#7181=CARTESIAN_POINT('Ctrl Pts',(-58.3133932403633,219.837950257724,3.));
#7182=CARTESIAN_POINT('Ctrl Pts',(-58.3488644704216,219.826704528732,3.));
#7183=CARTESIAN_POINT('Ctrl Pts',(-58.3842038562237,219.815249373859,3.));
#7184=CARTESIAN_POINT('Ctrl Pts',(-58.4194079829214,219.803581418518,3.));
#7185=CARTESIAN_POINT('Ctrl Pts',(-58.4544738087772,219.791697812231,3.));
#7186=CARTESIAN_POINT('Ctrl Pts',(-58.4893990076641,219.779596689599,3.));
#7187=CARTESIAN_POINT('Ctrl Pts',(-58.5241825479382,219.767277948664,3.));
#7188=CARTESIAN_POINT('Ctrl Pts',(-58.5588241822929,219.754742568233,3.));
#7189=CARTESIAN_POINT('Ctrl Pts',(-58.5933233702744,219.741991164237,3.));
#7190=CARTESIAN_POINT('Ctrl Pts',(-58.6276782917801,219.729022668182,3.));
#7191=CARTESIAN_POINT('Ctrl Pts',(-58.661885010499,219.715833207278,3.));
#7192=CARTESIAN_POINT('Ctrl Pts',(-58.6959360999429,219.70241426285,3.));
#7193=CARTESIAN_POINT('Ctrl Pts',(-58.7298218660809,219.688754316625,3.));
#7194=CARTESIAN_POINT('Ctrl Pts',(-58.7635327880924,219.674842133505,3.));
#7195=CARTESIAN_POINT('Ctrl Pts',(-58.7970617695397,219.660669789486,3.));
#7196=CARTESIAN_POINT('Ctrl Pts',(-58.8304060455665,219.64623523851,3.));
#7197=CARTESIAN_POINT('Ctrl Pts',(-58.8635703220587,219.631546532217,3.));
#7198=CARTESIAN_POINT('Ctrl Pts',(-58.8965634883742,219.616617417989,3.));
#7199=CARTESIAN_POINT('Ctrl Pts',(-58.9293928112646,219.601459558178,3.));
#7200=CARTESIAN_POINT('Ctrl Pts',(-58.9620585392449,219.586075299428,3.));
#7201=CARTESIAN_POINT('Ctrl Pts',(-58.9945492264061,219.570451409054,3.));
#7202=CARTESIAN_POINT('Ctrl Pts',(-59.0268344413566,219.554549299025,3.));
#7203=CARTESIAN_POINT('Ctrl Pts',(-59.0588731522105,219.538316309426,3.));
#7204=CARTESIAN_POINT('Ctrl Pts',(-59.0906267657312,219.521703249855,3.));
#7205=CARTESIAN_POINT('Ctrl Pts',(-59.1220714035532,219.504680904852,3.));
#7206=CARTESIAN_POINT('Ctrl Pts',(-59.1532087484724,219.487254644558,3.));
#7207=CARTESIAN_POINT('Ctrl Pts',(-59.1840821351563,219.469486014515,3.));
#7208=CARTESIAN_POINT('Ctrl Pts',(-59.214752333123,219.451460655063,3.));
#7209=CARTESIAN_POINT('Ctrl Pts',(-59.2452652253464,219.433245419902,3.));
#7210=CARTESIAN_POINT('Ctrl Pts',(-59.2756213278972,219.414847967743,3.));
#7211=CARTESIAN_POINT('Ctrl Pts',(-59.3057466390018,219.396178077753,3.));
#7212=CARTESIAN_POINT('Ctrl Pts',(-59.3354570771431,219.377000553706,3.));
#7213=CARTESIAN_POINT('Ctrl Pts',(-59.3645081239,219.357000041569,3.));
#7214=CARTESIAN_POINT('Ctrl Pts',(-59.3870242723484,219.340085978685,3.));
#7215=CARTESIAN_POINT('Ctrl Pts',(-59.4034168264388,219.326773731642,3.));
#7216=CARTESIAN_POINT('Ctrl Pts',(-59.4141143142731,219.31760597126,3.));
#7217=CARTESIAN_POINT('Ctrl Pts',(-59.4194053372649,219.312948858111,3.));
#7218=CARTESIAN_POINT('',(-59.7654854538697,219.008332101729,3.));
#7219=CARTESIAN_POINT('',(-60.0506123772025,218.75736582434,3.));
#7220=CARTESIAN_POINT('',(-60.2878237211976,219.034411556901,3.));
#7221=CARTESIAN_POINT('Origin',(-60.0132512831449,219.289822943221,3.));
#7222=CARTESIAN_POINT('',(-60.9655884430989,219.712176278802,3.));
#7223=CARTESIAN_POINT('Origin',(-70.,210.,3.));
#7224=CARTESIAN_POINT('',(-60.9916678982707,220.23451454613,3.));
#7225=CARTESIAN_POINT('Origin',(-60.7101770567792,219.986748716855,3.));
#7226=CARTESIAN_POINT('',(-60.6870511418892,220.580594662735,3.));
#7227=CARTESIAN_POINT('',(-61.2426341756597,219.949387622798,3.));
#7228=CARTESIAN_POINT('',(-59.8848235379936,223.035843092891,3.));
#7229=CARTESIAN_POINT('Ctrl Pts',(-60.6870511418892,220.580594662735,3.));
#7230=CARTESIAN_POINT('Ctrl Pts',(-60.6823940287401,220.585885685727,3.));
#7231=CARTESIAN_POINT('Ctrl Pts',(-60.673226268358,220.596583173561,3.));
#7232=CARTESIAN_POINT('Ctrl Pts',(-60.6599140213148,220.612975727652,3.));
#7233=CARTESIAN_POINT('Ctrl Pts',(-60.6429999584306,220.6354918761,3.));
#7234=CARTESIAN_POINT('Ctrl Pts',(-60.6229994462942,220.664542922857,3.));
#7235=CARTESIAN_POINT('Ctrl Pts',(-60.603821922247,220.694253360998,3.));
#7236=CARTESIAN_POINT('Ctrl Pts',(-60.5851520322565,220.724378672103,3.));
#7237=CARTESIAN_POINT('Ctrl Pts',(-60.566754580098,220.754734774654,3.));
#7238=CARTESIAN_POINT('Ctrl Pts',(-60.5485393449366,220.785247666877,3.));
#7239=CARTESIAN_POINT('Ctrl Pts',(-60.5305139854849,220.815917864844,3.));
#7240=CARTESIAN_POINT('Ctrl Pts',(-60.5127453554417,220.846791251528,3.));
#7241=CARTESIAN_POINT('Ctrl Pts',(-60.4953190951476,220.877928596447,3.));
#7242=CARTESIAN_POINT('Ctrl Pts',(-60.4782967501453,220.909373234269,3.));
#7243=CARTESIAN_POINT('Ctrl Pts',(-60.4616836905743,220.941126847789,3.));
#7244=CARTESIAN_POINT('Ctrl Pts',(-60.4454507009754,220.973165558643,3.));
#7245=CARTESIAN_POINT('Ctrl Pts',(-60.4295485909455,221.005450773594,3.));
#7246=CARTESIAN_POINT('Ctrl Pts',(-60.4139247005716,221.037941460755,3.));
#7247=CARTESIAN_POINT('Ctrl Pts',(-60.3985404418216,221.070607188735,3.));
#7248=CARTESIAN_POINT('Ctrl Pts',(-60.3833825820111,221.103436511626,3.));
#7249=CARTESIAN_POINT('Ctrl Pts',(-60.3684534677826,221.136429677941,3.));
#7250=CARTESIAN_POINT('Ctrl Pts',(-60.3537647614896,221.169593954434,3.));
#7251=CARTESIAN_POINT('Ctrl Pts',(-60.3393302105143,221.20293823046,3.));
#7252=CARTESIAN_POINT('Ctrl Pts',(-60.3251578664952,221.236467211908,3.));
#7253=CARTESIAN_POINT('Ctrl Pts',(-60.3112456833747,221.270178133919,3.));
#7254=CARTESIAN_POINT('Ctrl Pts',(-60.2975857371505,221.304063900057,3.));
#7255=CARTESIAN_POINT('Ctrl Pts',(-60.2841667927217,221.338114989501,3.));
#7256=CARTESIAN_POINT('Ctrl Pts',(-60.2709773318181,221.37232170822,3.));
#7257=CARTESIAN_POINT('Ctrl Pts',(-60.2580088357634,221.406676629726,3.));
#7258=CARTESIAN_POINT('Ctrl Pts',(-60.245257431767,221.441175817707,3.));
#7259=CARTESIAN_POINT('Ctrl Pts',(-60.2327220513363,221.475817452062,3.));
#7260=CARTESIAN_POINT('Ctrl Pts',(-60.2204033104013,221.510600992336,3.));
#7261=CARTESIAN_POINT('Ctrl Pts',(-60.2083021877694,221.545526191223,3.));
#7262=CARTESIAN_POINT('Ctrl Pts',(-60.1964185814816,221.580592017079,3.));
#7263=CARTESIAN_POINT('Ctrl Pts',(-60.1847506261406,221.615796143776,3.));
#7264=CARTESIAN_POINT('Ctrl Pts',(-60.1732954712681,221.651135529578,3.));
#7265=CARTESIAN_POINT('Ctrl Pts',(-60.1620497422761,221.686606759637,3.));
#7266=CARTESIAN_POINT('Ctrl Pts',(-60.1510100897856,221.722206454393,3.));
#7267=CARTESIAN_POINT('Ctrl Pts',(-60.1401737880755,221.757931714935,3.));
#7268=CARTESIAN_POINT('Ctrl Pts',(-60.1295390061065,221.793780323834,3.));
#7269=CARTESIAN_POINT('Ctrl Pts',(-60.1191044696464,221.829750491272,3.));
#7270=CARTESIAN_POINT('Ctrl Pts',(-60.108869255552,221.865840699987,3.));
#7271=CARTESIAN_POINT('Ctrl Pts',(-60.0988325478779,221.902049521999,3.));
#7272=CARTESIAN_POINT('Ctrl Pts',(-60.088993370751,221.938375417819,3.));
#7273=CARTESIAN_POINT('Ctrl Pts',(-60.0793504607537,221.974816641028,3.));
#7274=CARTESIAN_POINT('Ctrl Pts',(-60.0699024093401,222.011371346374,3.));
#7275=CARTESIAN_POINT('Ctrl Pts',(-60.0606477453968,222.048037653128,3.));
#7276=CARTESIAN_POINT('Ctrl Pts',(-60.0515850342434,222.084813720605,3.));
#7277=CARTESIAN_POINT('Ctrl Pts',(-60.0427129827796,222.121697829501,3.));
#7278=CARTESIAN_POINT('Ctrl Pts',(-60.0340304917477,222.158688420399,3.));
#7279=CARTESIAN_POINT('Ctrl Pts',(-60.0255365941879,222.195784040671,3.));
#7280=CARTESIAN_POINT('Ctrl Pts',(-60.0172304163482,222.232983309459,3.));
#7281=CARTESIAN_POINT('Ctrl Pts',(-60.0091111310668,222.270284877503,3.));
#7282=CARTESIAN_POINT('Ctrl Pts',(-60.0011779065948,222.307687381918,3.));
#7283=CARTESIAN_POINT('Ctrl Pts',(-59.9934298770431,222.3451894236,3.));
#7284=CARTESIAN_POINT('Ctrl Pts',(-59.9858661703813,222.382789602433,3.));
#7285=CARTESIAN_POINT('Ctrl Pts',(-59.9784859241498,222.420486541326,3.));
#7286=CARTESIAN_POINT('Ctrl Pts',(-59.9712883038955,222.458278911904,3.));
#7287=CARTESIAN_POINT('Ctrl Pts',(-59.9642725210934,222.496165463803,3.));
#7288=CARTESIAN_POINT('Ctrl Pts',(-59.9574378437836,222.534145036296,3.));
#7289=CARTESIAN_POINT('Ctrl Pts',(-59.9507835834719,222.572216513632,3.));
#7290=CARTESIAN_POINT('Ctrl Pts',(-59.9443090848644,222.610378788328,3.));
#7291=CARTESIAN_POINT('Ctrl Pts',(-59.9380137137843,222.648630723321,3.));
#7292=CARTESIAN_POINT('Ctrl Pts',(-59.9318968432328,222.686971107663,3.));
#7293=CARTESIAN_POINT('Ctrl Pts',(-59.9259578429353,222.725398633003,3.));
#7294=CARTESIAN_POINT('Ctrl Pts',(-59.9201960908299,222.763911974631,3.));
#7295=CARTESIAN_POINT('Ctrl Pts',(-59.914610980404,222.802509858563,3.));
#7296=CARTESIAN_POINT('Ctrl Pts',(-59.9092019286819,222.841191132201,3.));
#7297=CARTESIAN_POINT('Ctrl Pts',(-59.9039683819543,222.879954835968,3.));
#7298=CARTESIAN_POINT('Ctrl Pts',(-59.8989098232164,222.918800265534,3.));
#7299=CARTESIAN_POINT('Ctrl Pts',(-59.8940258022669,222.957726932244,3.));
#7300=CARTESIAN_POINT('Ctrl Pts',(-59.8902579309585,222.988933011683,3.));
#7301=CARTESIAN_POINT('Ctrl Pts',(-59.8875103037981,223.012373920976,3.));
#7302=CARTESIAN_POINT('Ctrl Pts',(-59.8857133302754,223.028017343908,3.));
#7303=CARTESIAN_POINT('Ctrl Pts',(-59.8848235379936,223.035843092891,3.));
#7304=CARTESIAN_POINT('',(-60.7279379089664,223.648401539375,3.));
#7305=CARTESIAN_POINT('Origin',(-70.0000000000014,209.999999999998,3.));
#7306=CARTESIAN_POINT('',(-62.8151159646291,222.126724258808,3.));
#7307=CARTESIAN_POINT('Ctrl Pts',(-60.7279379089664,223.648401539375,3.));
#7308=CARTESIAN_POINT('Ctrl Pts',(-60.7351056775952,223.645137007198,3.));
#7309=CARTESIAN_POINT('Ctrl Pts',(-60.7494281615549,223.638593900283,3.));
#7310=CARTESIAN_POINT('Ctrl Pts',(-60.7708727275986,223.628737112233,3.));
#7311=CARTESIAN_POINT('Ctrl Pts',(-60.79938713653,223.615510444798,3.));
#7312=CARTESIAN_POINT('Ctrl Pts',(-60.8348993510887,223.598836463301,3.));
#7313=CARTESIAN_POINT('Ctrl Pts',(-60.870280369388,223.58202159016,3.));
#7314=CARTESIAN_POINT('Ctrl Pts',(-60.9055295875715,223.565065548213,3.));
#7315=CARTESIAN_POINT('Ctrl Pts',(-60.9406461760185,223.547968063407,3.));
#7316=CARTESIAN_POINT('Ctrl Pts',(-60.9756290510102,223.53072890566,3.));
#7317=CARTESIAN_POINT('Ctrl Pts',(-61.0104769362114,223.513347876702,3.));
#7318=CARTESIAN_POINT('Ctrl Pts',(-61.0451884325698,223.495824793387,3.));
#7319=CARTESIAN_POINT('Ctrl Pts',(-61.0797620879829,223.478159473457,3.));
#7320=CARTESIAN_POINT('Ctrl Pts',(-61.1141964633691,223.460351721788,3.));
#7321=CARTESIAN_POINT('Ctrl Pts',(-61.1484902132952,223.442401316273,3.));
#7322=CARTESIAN_POINT('Ctrl Pts',(-61.1826420603801,223.424308005144,3.));
#7323=CARTESIAN_POINT('Ctrl Pts',(-61.2166507488451,223.406071507413,3.));
#7324=CARTESIAN_POINT('Ctrl Pts',(-61.2505150047939,223.387691513067,3.));
#7325=CARTESIAN_POINT('Ctrl Pts',(-61.2842334981214,223.369167684656,3.));
#7326=CARTESIAN_POINT('Ctrl Pts',(-61.3178047959912,223.350499658632,3.));
#7327=CARTESIAN_POINT('Ctrl Pts',(-61.3512273771856,223.331687051873,3.));
#7328=CARTESIAN_POINT('Ctrl Pts',(-61.3844996654973,223.312729469676,3.));
#7329=CARTESIAN_POINT('Ctrl Pts',(-61.4176200598643,223.29362651535,3.));
#7330=CARTESIAN_POINT('Ctrl Pts',(-61.4505869620869,223.274377797733,3.));
#7331=CARTESIAN_POINT('Ctrl Pts',(-61.4833988189588,223.254982946939,3.));
#7332=CARTESIAN_POINT('Ctrl Pts',(-61.5160540916492,223.235441593235,3.));
#7333=CARTESIAN_POINT('Ctrl Pts',(-61.5485511968823,223.215753332342,3.));
#7334=CARTESIAN_POINT('Ctrl Pts',(-61.5808884543188,223.195917693513,3.));
#7335=CARTESIAN_POINT('Ctrl Pts',(-61.6130640411744,223.175934113179,3.));
#7336=CARTESIAN_POINT('Ctrl Pts',(-61.6450759227058,223.155801892822,3.));
#7337=CARTESIAN_POINT('Ctrl Pts',(-61.6769219049754,223.135520236782,3.));
#7338=CARTESIAN_POINT('Ctrl Pts',(-61.7085997447065,223.115088327126,3.));
#7339=CARTESIAN_POINT('Ctrl Pts',(-61.740107251693,223.09450539446,3.));
#7340=CARTESIAN_POINT('Ctrl Pts',(-61.7714423745764,223.073770776876,3.));
#7341=CARTESIAN_POINT('Ctrl Pts',(-61.8026033476531,223.052884021993,3.));
#7342=CARTESIAN_POINT('Ctrl Pts',(-61.8335885606919,223.031844795069,3.));
#7343=CARTESIAN_POINT('Ctrl Pts',(-61.8643962854259,223.010652687004,3.));
#7344=CARTESIAN_POINT('Ctrl Pts',(-61.8950244258764,222.989307039014,3.));
#7345=CARTESIAN_POINT('Ctrl Pts',(-61.9254703073206,222.967806794901,3.));
#7346=CARTESIAN_POINT('Ctrl Pts',(-61.9557303304359,222.946150258163,3.));
#7347=CARTESIAN_POINT('Ctrl Pts',(-61.985800246056,222.924335287693,3.));
#7348=CARTESIAN_POINT('Ctrl Pts',(-62.0156757636624,222.902359729312,3.));
#7349=CARTESIAN_POINT('Ctrl Pts',(-62.0453531095444,222.880221812004,3.));
#7350=CARTESIAN_POINT('Ctrl Pts',(-62.0748294949845,222.857920480482,3.));
#7351=CARTESIAN_POINT('Ctrl Pts',(-62.1041039073237,222.835455956574,3.));
#7352=CARTESIAN_POINT('Ctrl Pts',(-62.1331764138278,222.812829247603,3.));
#7353=CARTESIAN_POINT('Ctrl Pts',(-62.1620466908275,222.790041106362,3.));
#7354=CARTESIAN_POINT('Ctrl Pts',(-62.1907126771199,222.767091079097,3.));
#7355=CARTESIAN_POINT('Ctrl Pts',(-62.2191694322928,222.743976698952,3.));
#7356=CARTESIAN_POINT('Ctrl Pts',(-62.2474072609203,222.720692159096,3.));
#7357=CARTESIAN_POINT('Ctrl Pts',(-62.2754133840899,222.697229500623,3.));
#7358=CARTESIAN_POINT('Ctrl Pts',(-62.3031752751262,222.673580980413,3.));
#7359=CARTESIAN_POINT('Ctrl Pts',(-62.3306837362643,222.649741255211,3.));
#7360=CARTESIAN_POINT('Ctrl Pts',(-62.3579355057032,222.625709233489,3.));
#7361=CARTESIAN_POINT('Ctrl Pts',(-62.3849375470995,222.601491118611,3.));
#7362=CARTESIAN_POINT('Ctrl Pts',(-62.4117025629094,222.577097238151,3.));
#7363=CARTESIAN_POINT('Ctrl Pts',(-62.4382410680901,222.552536438119,3.));
#7364=CARTESIAN_POINT('Ctrl Pts',(-62.4645540241456,222.527810873507,3.));
#7365=CARTESIAN_POINT('Ctrl Pts',(-62.4906264562455,222.502911496265,3.));
#7366=CARTESIAN_POINT('Ctrl Pts',(-62.5164174980585,222.477811010811,3.));
#7367=CARTESIAN_POINT('Ctrl Pts',(-62.5418718531343,222.452472014143,3.));
#7368=CARTESIAN_POINT('Ctrl Pts',(-62.566937616453,222.426859649371,3.));
#7369=CARTESIAN_POINT('Ctrl Pts',(-62.5915830502663,222.400953509765,3.));
#7370=CARTESIAN_POINT('Ctrl Pts',(-62.6158114144726,222.374758182618,3.));
#7371=CARTESIAN_POINT('Ctrl Pts',(-62.6396829414083,222.348318810071,3.));
#7372=CARTESIAN_POINT('Ctrl Pts',(-62.6632818906403,222.321698062113,3.));
#7373=CARTESIAN_POINT('Ctrl Pts',(-62.686672558399,222.294945341772,3.));
#7374=CARTESIAN_POINT('Ctrl Pts',(-62.709857802169,222.268067773443,3.));
#7375=CARTESIAN_POINT('Ctrl Pts',(-62.7327393623103,222.241002419816,3.));
#7376=CARTESIAN_POINT('Ctrl Pts',(-62.755069487266,222.213582480309,3.));
#7377=CARTESIAN_POINT('Ctrl Pts',(-62.7765181764429,222.18558359576,3.));
#7378=CARTESIAN_POINT('Ctrl Pts',(-62.7927055732715,222.162539493519,3.));
#7379=CARTESIAN_POINT('Ctrl Pts',(-62.8041821080883,222.144813216427,3.));
#7380=CARTESIAN_POINT('Ctrl Pts',(-62.8115230298427,222.132788452637,3.));
#7381=CARTESIAN_POINT('Ctrl Pts',(-62.8151159646291,222.126724258808,3.));
#7382=CARTESIAN_POINT('',(-63.050125960193,221.730071870232,3.));
#7383=CARTESIAN_POINT('',(-63.2437449338716,221.403279691888,3.));
#7384=CARTESIAN_POINT('',(-63.5549581678977,221.593463504598,3.));
#7385=CARTESIAN_POINT('Origin',(-63.3727507204222,221.921221717439,3.));
#7386=CARTESIAN_POINT('',(-64.4089915404321,222.028615242622,3.));
#7387=CARTESIAN_POINT('Origin',(-70.,210.,3.));
#7388=CARTESIAN_POINT('',(-64.5952059776314,222.517329460623,3.));
#7389=CARTESIAN_POINT('Origin',(-64.250928426682,222.368675607957,3.));
#7390=CARTESIAN_POINT('',(-64.4124428639482,222.940602965173,3.));
#7391=CARTESIAN_POINT('',(-64.7457800262488,222.168604797487,3.));
#7392=CARTESIAN_POINT('',(-64.408192564042,225.523584946756,3.));
#7393=CARTESIAN_POINT('Ctrl Pts',(-64.4124428639482,222.940602965173,3.));
#7394=CARTESIAN_POINT('Ctrl Pts',(-64.4096487021627,222.947074154175,3.));
#7395=CARTESIAN_POINT('Ctrl Pts',(-64.4042353494494,222.960081063446,3.));
#7396=CARTESIAN_POINT('Ctrl Pts',(-64.3966402279476,222.979785019402,3.));
#7397=CARTESIAN_POINT('Ctrl Pts',(-64.387511870743,223.006425881981,3.));
#7398=CARTESIAN_POINT('Ctrl Pts',(-64.3774675204986,223.040235567451,3.));
#7399=CARTESIAN_POINT('Ctrl Pts',(-64.3684096415832,223.074418054088,3.));
#7400=CARTESIAN_POINT('Ctrl Pts',(-64.3599627541414,223.108838240809,3.));
#7401=CARTESIAN_POINT('Ctrl Pts',(-64.351846288954,223.14339373532,3.));
#7402=CARTESIAN_POINT('Ctrl Pts',(-64.3439515731025,223.178042037521,3.));
#7403=CARTESIAN_POINT('Ctrl Pts',(-64.3362860499299,223.212781271554,3.));
#7404=CARTESIAN_POINT('Ctrl Pts',(-64.3289274797009,223.24763441579,3.));
#7405=CARTESIAN_POINT('Ctrl Pts',(-64.3219760900332,223.282632801155,3.));
#7406=CARTESIAN_POINT('Ctrl Pts',(-64.3155038053652,223.317798622747,3.));
#7407=CARTESIAN_POINT('Ctrl Pts',(-64.3095162530153,223.353131821538,3.));
#7408=CARTESIAN_POINT('Ctrl Pts',(-64.3039782686101,223.388618715925,3.));
#7409=CARTESIAN_POINT('Ctrl Pts',(-64.29883114333,223.42423780223,3.));
#7410=CARTESIAN_POINT('Ctrl Pts',(-64.2940121150718,223.459966329617,3.));
#7411=CARTESIAN_POINT('Ctrl Pts',(-64.2894750806188,223.495787280472,3.));
#7412=CARTESIAN_POINT('Ctrl Pts',(-64.2852039179599,223.531693858212,3.));
#7413=CARTESIAN_POINT('Ctrl Pts',(-64.28120093568,223.567685574037,3.));
#7414=CARTESIAN_POINT('Ctrl Pts',(-64.2774794708864,223.603765735173,3.));
#7415=CARTESIAN_POINT('Ctrl Pts',(-64.2740553450789,223.639938547727,3.));
#7416=CARTESIAN_POINT('Ctrl Pts',(-64.2709376700196,223.676205999169,3.));
#7417=CARTESIAN_POINT('Ctrl Pts',(-64.2681236454046,223.712566092232,3.));
#7418=CARTESIAN_POINT('Ctrl Pts',(-64.2656035421399,223.749014526452,3.));
#7419=CARTESIAN_POINT('Ctrl Pts',(-64.2633637329142,223.78554571883,3.));
#7420=CARTESIAN_POINT('Ctrl Pts',(-64.2613902675815,223.822154009135,3.));
#7421=CARTESIAN_POINT('Ctrl Pts',(-64.2596727494878,223.858834966772,3.));
#7422=CARTESIAN_POINT('Ctrl Pts',(-64.2582062790035,223.895586044846,3.));
#7423=CARTESIAN_POINT('Ctrl Pts',(-64.2569892774892,223.932405842518,3.));
#7424=CARTESIAN_POINT('Ctrl Pts',(-64.2560221637196,223.969293655453,3.));
#7425=CARTESIAN_POINT('Ctrl Pts',(-64.255305792174,224.006248945982,3.));
#7426=CARTESIAN_POINT('Ctrl Pts',(-64.2548397470881,224.043270764459,3.));
#7427=CARTESIAN_POINT('Ctrl Pts',(-64.2546215355509,224.080357475045,3.));
#7428=CARTESIAN_POINT('Ctrl Pts',(-64.2546475066479,224.117507065723,3.));
#7429=CARTESIAN_POINT('Ctrl Pts',(-64.254913395709,224.154717331584,3.));
#7430=CARTESIAN_POINT('Ctrl Pts',(-64.2554149729444,224.191986093491,3.));
#7431=CARTESIAN_POINT('Ctrl Pts',(-64.2561487502265,224.229311436711,3.));
#7432=CARTESIAN_POINT('Ctrl Pts',(-64.2571123009101,224.266691818164,3.));
#7433=CARTESIAN_POINT('Ctrl Pts',(-64.2583038600439,224.304125929392,3.));
#7434=CARTESIAN_POINT('Ctrl Pts',(-64.2597220808072,224.341612612662,3.));
#7435=CARTESIAN_POINT('Ctrl Pts',(-64.2613657459197,224.379150762023,3.));
#7436=CARTESIAN_POINT('Ctrl Pts',(-64.2632334515423,224.416739214895,3.));
#7437=CARTESIAN_POINT('Ctrl Pts',(-64.265323456421,224.454376700755,3.));
#7438=CARTESIAN_POINT('Ctrl Pts',(-64.2676338507339,224.492061899925,3.));
#7439=CARTESIAN_POINT('Ctrl Pts',(-64.2701626541925,224.529793478328,3.));
#7440=CARTESIAN_POINT('Ctrl Pts',(-64.2729079335313,224.567570128707,3.));
#7441=CARTESIAN_POINT('Ctrl Pts',(-64.2758679276452,224.605390615498,3.));
#7442=CARTESIAN_POINT('Ctrl Pts',(-64.2790411091912,224.643253795296,3.));
#7443=CARTESIAN_POINT('Ctrl Pts',(-64.2824261096489,224.681158585375,3.));
#7444=CARTESIAN_POINT('Ctrl Pts',(-64.2860216713228,224.719103942469,3.));
#7445=CARTESIAN_POINT('Ctrl Pts',(-64.2898265905908,224.757088838959,3.));
#7446=CARTESIAN_POINT('Ctrl Pts',(-64.2938396552578,224.795112235691,3.));
#7447=CARTESIAN_POINT('Ctrl Pts',(-64.2980596094677,224.833173069611,3.));
#7448=CARTESIAN_POINT('Ctrl Pts',(-64.3024851912107,224.871270278603,3.));
#7449=CARTESIAN_POINT('Ctrl Pts',(-64.307115154694,224.90940281949,3.));
#7450=CARTESIAN_POINT('Ctrl Pts',(-64.3119482958159,224.947569686772,3.));
#7451=CARTESIAN_POINT('Ctrl Pts',(-64.3169834782601,224.98576993495,3.));
#7452=CARTESIAN_POINT('Ctrl Pts',(-64.322219647207,225.024002686295,3.));
#7453=CARTESIAN_POINT('Ctrl Pts',(-64.3276558030745,225.062267092423,3.));
#7454=CARTESIAN_POINT('Ctrl Pts',(-64.3332909804091,225.100562302548,3.));
#7455=CARTESIAN_POINT('Ctrl Pts',(-64.3391242247013,225.138887431234,3.));
#7456=CARTESIAN_POINT('Ctrl Pts',(-64.3451545654366,225.177241520553,3.));
#7457=CARTESIAN_POINT('Ctrl Pts',(-64.3513809988853,225.215623520954,3.));
#7458=CARTESIAN_POINT('Ctrl Pts',(-64.3578025240732,225.254032364791,3.));
#7459=CARTESIAN_POINT('Ctrl Pts',(-64.3644181704904,225.292467027857,3.));
#7460=CARTESIAN_POINT('Ctrl Pts',(-64.3712270275214,225.330926594115,3.));
#7461=CARTESIAN_POINT('Ctrl Pts',(-64.3782282720317,225.369410322058,3.));
#7462=CARTESIAN_POINT('Ctrl Pts',(-64.3854211946704,225.407917701591,3.));
#7463=CARTESIAN_POINT('Ctrl Pts',(-64.3928052162687,225.446448407099,3.));
#7464=CARTESIAN_POINT('Ctrl Pts',(-64.3988649665827,225.477291488564,3.));
#7465=CARTESIAN_POINT('Ctrl Pts',(-64.4034954572024,225.500434181581,3.));
#7466=CARTESIAN_POINT('Ctrl Pts',(-64.4066205173602,225.515867256255,3.));
#7467=CARTESIAN_POINT('Ctrl Pts',(-64.408192564042,225.523584946757,3.));
#7468=CARTESIAN_POINT('',(-65.3993329505493,225.845625980065,3.));
#7469=CARTESIAN_POINT('Origin',(-70.0000000000008,209.999999999998,3.));
#7470=CARTESIAN_POINT('',(-66.914133101406,223.753451397197,3.));
#7471=CARTESIAN_POINT('Ctrl Pts',(-65.3993329505493,225.845625980065,3.));
#7472=CARTESIAN_POINT('Ctrl Pts',(-65.4051411076896,225.840306263147,3.));
#7473=CARTESIAN_POINT('Ctrl Pts',(-65.4167406681564,225.829657507734,3.));
#7474=CARTESIAN_POINT('Ctrl Pts',(-65.4340897474139,225.813656409884,3.));
#7475=CARTESIAN_POINT('Ctrl Pts',(-65.4571212968201,225.792265664687,3.));
#7476=CARTESIAN_POINT('Ctrl Pts',(-65.4857428762375,225.765433888125,3.));
#7477=CARTESIAN_POINT('Ctrl Pts',(-65.5141961426856,225.738508657521,3.));
#7478=CARTESIAN_POINT('Ctrl Pts',(-65.5424804362143,225.711489895879,3.));
#7479=CARTESIAN_POINT('Ctrl Pts',(-65.5705948831208,225.684377598928,3.));
#7480=CARTESIAN_POINT('Ctrl Pts',(-65.598538381628,225.657171882733,3.));
#7481=CARTESIAN_POINT('Ctrl Pts',(-65.6263096565999,225.629872953137,3.));
#7482=CARTESIAN_POINT('Ctrl Pts',(-65.6539073208637,225.60248106829,3.));
#7483=CARTESIAN_POINT('Ctrl Pts',(-65.681329937067,225.574996503578,3.));
#7484=CARTESIAN_POINT('Ctrl Pts',(-65.7085760762654,225.547419518127,3.));
#7485=CARTESIAN_POINT('Ctrl Pts',(-65.7356443902406,225.519750316464,3.));
#7486=CARTESIAN_POINT('Ctrl Pts',(-65.762533586331,225.491989053875,3.));
#7487=CARTESIAN_POINT('Ctrl Pts',(-65.7892423833894,225.464135851181,3.));
#7488=CARTESIAN_POINT('Ctrl Pts',(-65.8157694740695,225.436190807199,3.));
#7489=CARTESIAN_POINT('Ctrl Pts',(-65.8421134890884,225.408154012019,3.));
#7490=CARTESIAN_POINT('Ctrl Pts',(-65.8682729533951,225.380025562657,3.));
#7491=CARTESIAN_POINT('Ctrl Pts',(-65.8942463018343,225.351805564826,3.));
#7492=CARTESIAN_POINT('Ctrl Pts',(-65.920031913374,225.323494130214,3.));
#7493=CARTESIAN_POINT('Ctrl Pts',(-65.9456281427298,225.295091376302,3.));
#7494=CARTESIAN_POINT('Ctrl Pts',(-65.971033349047,225.266597424944,3.));
#7495=CARTESIAN_POINT('Ctrl Pts',(-65.996245940838,225.238012404323,3.));
#7496=CARTESIAN_POINT('Ctrl Pts',(-66.0212643403341,225.209336438329,3.));
#7497=CARTESIAN_POINT('Ctrl Pts',(-66.0460869168212,225.180569631727,3.));
#7498=CARTESIAN_POINT('Ctrl Pts',(-66.0707119267328,225.151712056064,3.));
#7499=CARTESIAN_POINT('Ctrl Pts',(-66.0951374623458,225.122763738626,3.));
#7500=CARTESIAN_POINT('Ctrl Pts',(-66.1193613726501,225.093724643853,3.));
#7501=CARTESIAN_POINT('Ctrl Pts',(-66.1433813252152,225.064594692991,3.));
#7502=CARTESIAN_POINT('Ctrl Pts',(-66.1671949338022,225.03537380135,3.));
#7503=CARTESIAN_POINT('Ctrl Pts',(-66.1907998776461,225.006061914005,3.));
#7504=CARTESIAN_POINT('Ctrl Pts',(-66.2141940012481,224.976659035347,3.));
#7505=CARTESIAN_POINT('Ctrl Pts',(-66.2373754855304,224.947165280769,3.));
#7506=CARTESIAN_POINT('Ctrl Pts',(-66.2603426956318,224.917580829502,3.));
#7507=CARTESIAN_POINT('Ctrl Pts',(-66.2830938614535,224.887905826531,3.));
#7508=CARTESIAN_POINT('Ctrl Pts',(-66.3056267860261,224.85814029301,3.));
#7509=CARTESIAN_POINT('Ctrl Pts',(-66.3279385991538,224.82828405097,3.));
#7510=CARTESIAN_POINT('Ctrl Pts',(-66.3500253534296,224.798336599192,3.));
#7511=CARTESIAN_POINT('Ctrl Pts',(-66.3718823460175,224.768297214428,3.));
#7512=CARTESIAN_POINT('Ctrl Pts',(-66.3935048307142,224.738165173775,3.));
#7513=CARTESIAN_POINT('Ctrl Pts',(-66.4148886712333,224.707939959036,3.));
#7514=CARTESIAN_POINT('Ctrl Pts',(-66.4360308892455,224.677621428336,3.));
#7515=CARTESIAN_POINT('Ctrl Pts',(-66.4569305902033,224.647210105575,3.));
#7516=CARTESIAN_POINT('Ctrl Pts',(-66.4775881493602,224.616706927987,3.));
#7517=CARTESIAN_POINT('Ctrl Pts',(-66.4980034915143,224.58611271154,3.));
#7518=CARTESIAN_POINT('Ctrl Pts',(-66.5181745161274,224.555427661635,3.));
#7519=CARTESIAN_POINT('Ctrl Pts',(-66.5380957622881,224.524650958826,3.));
#7520=CARTESIAN_POINT('Ctrl Pts',(-66.5577562146885,224.493780076536,3.));
#7521=CARTESIAN_POINT('Ctrl Pts',(-66.5771412604239,224.4628113943,3.));
#7522=CARTESIAN_POINT('Ctrl Pts',(-66.5962365931618,224.431741418927,3.));
#7523=CARTESIAN_POINT('Ctrl Pts',(-66.6150318141519,224.400567910947,3.));
#7524=CARTESIAN_POINT('Ctrl Pts',(-66.6335234839359,224.369290840205,3.));
#7525=CARTESIAN_POINT('Ctrl Pts',(-66.6517201422901,224.337913954563,3.));
#7526=CARTESIAN_POINT('Ctrl Pts',(-66.6696370613642,224.306443150855,3.));
#7527=CARTESIAN_POINT('Ctrl Pts',(-66.6872869750435,224.274883592832,3.));
#7528=CARTESIAN_POINT('Ctrl Pts',(-66.7046714637024,224.243237032895,3.));
#7529=CARTESIAN_POINT('Ctrl Pts',(-66.7217734894296,224.211499493314,3.));
#7530=CARTESIAN_POINT('Ctrl Pts',(-66.7385457512357,224.179657642838,3.));
#7531=CARTESIAN_POINT('Ctrl Pts',(-66.7549241009075,224.147692996641,3.));
#7532=CARTESIAN_POINT('Ctrl Pts',(-66.7708484024673,224.115588443385,3.));
#7533=CARTESIAN_POINT('Ctrl Pts',(-66.7862821654954,224.083334382619,3.));
#7534=CARTESIAN_POINT('Ctrl Pts',(-66.8012299078913,224.050934169753,3.));
#7535=CARTESIAN_POINT('Ctrl Pts',(-66.8157628636997,224.0184121247,3.));
#7536=CARTESIAN_POINT('Ctrl Pts',(-66.8299805346225,223.985801812525,3.));
#7537=CARTESIAN_POINT('Ctrl Pts',(-66.8439593363839,223.953130349669,3.));
#7538=CARTESIAN_POINT('Ctrl Pts',(-66.857704188172,223.920403628823,3.));
#7539=CARTESIAN_POINT('Ctrl Pts',(-66.8711021908181,223.887592156949,3.));
#7540=CARTESIAN_POINT('Ctrl Pts',(-66.8838661743743,223.854613856707,3.));
#7541=CARTESIAN_POINT('Ctrl Pts',(-66.8956129588329,223.821357325645,3.));
#7542=CARTESIAN_POINT('Ctrl Pts',(-66.9038870688559,223.794438901331,3.));
#7543=CARTESIAN_POINT('Ctrl Pts',(-66.9093241812094,223.774033765698,3.));
#7544=CARTESIAN_POINT('Ctrl Pts',(-66.9125899563154,223.760329066163,3.));
#7545=CARTESIAN_POINT('Ctrl Pts',(-66.914133101406,223.753451397197,3.));
#7546=CARTESIAN_POINT('',(-67.0150685601524,223.303590475861,3.));
#7547=CARTESIAN_POINT('',(-67.0982268100104,222.932961091871,3.));
#7548=CARTESIAN_POINT('',(-67.4529782143708,223.017666468055,3.));
#7549=CARTESIAN_POINT('Origin',(-67.3809714919455,223.385688249918,3.));
#7550=CARTESIAN_POINT('',(-68.3996815006344,223.167609538204,3.));
#7551=CARTESIAN_POINT('Origin',(-70.,210.,3.));
#7552=CARTESIAN_POINT('',(-68.7278029533157,223.574860954146,3.));
#7553=CARTESIAN_POINT('Origin',(-68.3544389783183,223.539870352921,3.));
#7554=CARTESIAN_POINT('',(-68.6847836092837,224.033894886897,3.));
#7555=CARTESIAN_POINT('',(-68.7632455361719,223.196674150944,3.));
#7556=CARTESIAN_POINT('',(-69.4789266623353,226.491770146857,3.));
#7557=CARTESIAN_POINT('Ctrl Pts',(-68.6847836092837,224.033894886897,3.));
#7558=CARTESIAN_POINT('Ctrl Pts',(-68.6841259108855,224.040912796842,3.));
#7559=CARTESIAN_POINT('Ctrl Pts',(-68.6829968625216,224.054955920647,3.));
#7560=CARTESIAN_POINT('Ctrl Pts',(-68.6818623299721,224.076042517974,3.));
#7561=CARTESIAN_POINT('Ctrl Pts',(-68.6814132256513,224.104200301436,3.));
#7562=CARTESIAN_POINT('Ctrl Pts',(-68.682308248284,224.139459098039,3.));
#7563=CARTESIAN_POINT('Ctrl Pts',(-68.6842566627985,224.174767613216,3.));
#7564=CARTESIAN_POINT('Ctrl Pts',(-68.6868596181011,224.210113387859,3.));
#7565=CARTESIAN_POINT('Ctrl Pts',(-68.6898186360481,224.245485741764,3.));
#7566=CARTESIAN_POINT('Ctrl Pts',(-68.6930172292997,224.280877836715,3.));
#7567=CARTESIAN_POINT('Ctrl Pts',(-68.6964618972232,224.316285588544,3.));
#7568=CARTESIAN_POINT('Ctrl Pts',(-68.7002336949326,224.351706821738,3.));
#7569=CARTESIAN_POINT('Ctrl Pts',(-68.7044376263453,224.387140361741,3.));
#7570=CARTESIAN_POINT('Ctrl Pts',(-68.7091489543298,224.422585091473,3.));
#7571=CARTESIAN_POINT('Ctrl Pts',(-68.7143730125428,224.458039215855,3.));
#7572=CARTESIAN_POINT('Ctrl Pts',(-68.7200721298302,224.4935005893,3.));
#7573=CARTESIAN_POINT('Ctrl Pts',(-68.7261838257845,224.528966902618,3.));
#7574=CARTESIAN_POINT('Ctrl Pts',(-68.732641379704,224.564435913036,3.));
#7575=CARTESIAN_POINT('Ctrl Pts',(-68.7393956860916,224.599905682516,3.));
#7576=CARTESIAN_POINT('Ctrl Pts',(-68.7464293117443,224.635374729101,3.));
#7577=CARTESIAN_POINT('Ctrl Pts',(-68.7537443012091,224.670841874522,3.));
#7578=CARTESIAN_POINT('Ctrl Pts',(-68.7613543608178,224.706306142745,3.));
#7579=CARTESIAN_POINT('Ctrl Pts',(-68.7692758374695,224.741766644902,3.));
#7580=CARTESIAN_POINT('Ctrl Pts',(-68.777518011127,224.777222455502,3.));
#7581=CARTESIAN_POINT('Ctrl Pts',(-68.7860776013533,224.812672540371,3.));
#7582=CARTESIAN_POINT('Ctrl Pts',(-68.7949440263142,224.848115815982,3.));
#7583=CARTESIAN_POINT('Ctrl Pts',(-68.8041026004243,224.883551183655,3.));
#7584=CARTESIAN_POINT('Ctrl Pts',(-68.813538307199,224.918977571025,3.));
#7585=CARTESIAN_POINT('Ctrl Pts',(-68.823239889704,224.954393977089,3.));
#7586=CARTESIAN_POINT('Ctrl Pts',(-68.8332019010803,224.989799493674,3.));
#7587=CARTESIAN_POINT('Ctrl Pts',(-68.84342240707,225.025193276329,3.));
#7588=CARTESIAN_POINT('Ctrl Pts',(-68.8539015882998,225.060574525783,3.));
#7589=CARTESIAN_POINT('Ctrl Pts',(-68.8646400912787,225.095942466634,3.));
#7590=CARTESIAN_POINT('Ctrl Pts',(-68.8756372271349,225.131296324193,3.));
#7591=CARTESIAN_POINT('Ctrl Pts',(-68.8868901194672,225.166635313038,3.));
#7592=CARTESIAN_POINT('Ctrl Pts',(-68.8983946743016,225.201958647819,3.));
#7593=CARTESIAN_POINT('Ctrl Pts',(-68.910146154342,225.2372655494,3.));
#7594=CARTESIAN_POINT('Ctrl Pts',(-68.9221398634288,225.272555252377,3.));
#7595=CARTESIAN_POINT('Ctrl Pts',(-68.9343718924702,225.307827013618,3.));
#7596=CARTESIAN_POINT('Ctrl Pts',(-68.9468394567521,225.343080115446,3.));
#7597=CARTESIAN_POINT('Ctrl Pts',(-68.9595404733695,225.378313858838,3.));
#7598=CARTESIAN_POINT('Ctrl Pts',(-68.972473303661,225.413527558918,3.));
#7599=CARTESIAN_POINT('Ctrl Pts',(-68.9856364481669,225.448720540025,3.));
#7600=CARTESIAN_POINT('Ctrl Pts',(-68.9990282124995,225.483892130289,3.));
#7601=CARTESIAN_POINT('Ctrl Pts',(-69.0126465480148,225.519041659447,3.));
#7602=CARTESIAN_POINT('Ctrl Pts',(-69.0264892305614,225.55416846258,3.));
#7603=CARTESIAN_POINT('Ctrl Pts',(-69.0405539645202,225.589271882846,3.));
#7604=CARTESIAN_POINT('Ctrl Pts',(-69.0548385072819,225.624351274382,3.));
#7605=CARTESIAN_POINT('Ctrl Pts',(-69.0693408021261,225.65940600631,3.));
#7606=CARTESIAN_POINT('Ctrl Pts',(-69.0840590431314,225.69443546316,3.));
#7607=CARTESIAN_POINT('Ctrl Pts',(-69.0989915941771,225.729439038097,3.));
#7608=CARTESIAN_POINT('Ctrl Pts',(-69.1141369367363,225.764416127562,3.));
#7609=CARTESIAN_POINT('Ctrl Pts',(-69.1294936085454,225.799366126174,3.));
#7610=CARTESIAN_POINT('Ctrl Pts',(-69.145060135621,225.834288420225,3.));
#7611=CARTESIAN_POINT('Ctrl Pts',(-69.1608349950723,225.869182386775,3.));
#7612=CARTESIAN_POINT('Ctrl Pts',(-69.1768166584443,225.904047405671,3.));
#7613=CARTESIAN_POINT('Ctrl Pts',(-69.1930036185578,225.938882869764,3.));
#7614=CARTESIAN_POINT('Ctrl Pts',(-69.2093944195284,225.973688194857,3.));
#7615=CARTESIAN_POINT('Ctrl Pts',(-69.2259876884791,226.008462832866,3.));
#7616=CARTESIAN_POINT('Ctrl Pts',(-69.2427821509837,226.043206274978,3.));
#7617=CARTESIAN_POINT('Ctrl Pts',(-69.2597765942181,226.077918023221,3.));
#7618=CARTESIAN_POINT('Ctrl Pts',(-69.2769698370746,226.112597566791,3.));
#7619=CARTESIAN_POINT('Ctrl Pts',(-69.2943606981454,226.147244358546,3.));
#7620=CARTESIAN_POINT('Ctrl Pts',(-69.3119479584003,226.181857787351,3.));
#7621=CARTESIAN_POINT('Ctrl Pts',(-69.3297303389071,226.216437165191,3.));
#7622=CARTESIAN_POINT('Ctrl Pts',(-69.3477065577616,226.250981785992,3.));
#7623=CARTESIAN_POINT('Ctrl Pts',(-69.3658753754566,226.285490975581,3.));
#7624=CARTESIAN_POINT('Ctrl Pts',(-69.3842356428746,226.31996414415,3.));
#7625=CARTESIAN_POINT('Ctrl Pts',(-69.4027863480295,226.354400840846,3.));
#7626=CARTESIAN_POINT('Ctrl Pts',(-69.4215266586609,226.388800799742,3.));
#7627=CARTESIAN_POINT('Ctrl Pts',(-69.4404559233255,226.423163890131,3.));
#7628=CARTESIAN_POINT('Ctrl Pts',(-69.4557501246803,226.450624837913,3.));
#7629=CARTESIAN_POINT('Ctrl Pts',(-69.4673054683958,226.471203946618,3.));
#7630=CARTESIAN_POINT('Ctrl Pts',(-69.4750466595723,226.484915976155,3.));
#7631=CARTESIAN_POINT('Ctrl Pts',(-69.4789266623353,226.491770146857,3.));
#7632=CARTESIAN_POINT('',(-70.5210733376647,226.491770146857,3.));
#7633=CARTESIAN_POINT('Origin',(-70.,209.999999999998,3.));
#7634=CARTESIAN_POINT('',(-71.3152163907163,224.033894886897,3.));
#7635=CARTESIAN_POINT('Ctrl Pts',(-70.5210733376647,226.491770146857,3.));
#7636=CARTESIAN_POINT('Ctrl Pts',(-70.5249533404277,226.484915976155,3.));
#7637=CARTESIAN_POINT('Ctrl Pts',(-70.5326945316042,226.471203946618,3.));
#7638=CARTESIAN_POINT('Ctrl Pts',(-70.5442498753197,226.450624837913,3.));
#7639=CARTESIAN_POINT('Ctrl Pts',(-70.5595440766745,226.423163890131,3.));
#7640=CARTESIAN_POINT('Ctrl Pts',(-70.5784733413391,226.388800799742,3.));
#7641=CARTESIAN_POINT('Ctrl Pts',(-70.5972136519705,226.354400840846,3.));
#7642=CARTESIAN_POINT('Ctrl Pts',(-70.6157643571254,226.31996414415,3.));
#7643=CARTESIAN_POINT('Ctrl Pts',(-70.6341246245434,226.285490975581,3.));
#7644=CARTESIAN_POINT('Ctrl Pts',(-70.6522934422384,226.250981785992,3.));
#7645=CARTESIAN_POINT('Ctrl Pts',(-70.6702696610929,226.216437165191,3.));
#7646=CARTESIAN_POINT('Ctrl Pts',(-70.6880520415997,226.181857787351,3.));
#7647=CARTESIAN_POINT('Ctrl Pts',(-70.7056393018546,226.147244358546,3.));
#7648=CARTESIAN_POINT('Ctrl Pts',(-70.7230301629254,226.112597566791,3.));
#7649=CARTESIAN_POINT('Ctrl Pts',(-70.7402234057819,226.077918023221,3.));
#7650=CARTESIAN_POINT('Ctrl Pts',(-70.7572178490163,226.043206274978,3.));
#7651=CARTESIAN_POINT('Ctrl Pts',(-70.7740123115209,226.008462832866,3.));
#7652=CARTESIAN_POINT('Ctrl Pts',(-70.7906055804716,225.973688194857,3.));
#7653=CARTESIAN_POINT('Ctrl Pts',(-70.8069963814422,225.938882869764,3.));
#7654=CARTESIAN_POINT('Ctrl Pts',(-70.8231833415557,225.904047405671,3.));
#7655=CARTESIAN_POINT('Ctrl Pts',(-70.8391650049277,225.869182386775,3.));
#7656=CARTESIAN_POINT('Ctrl Pts',(-70.854939864379,225.834288420225,3.));
#7657=CARTESIAN_POINT('Ctrl Pts',(-70.8705063914546,225.799366126174,3.));
#7658=CARTESIAN_POINT('Ctrl Pts',(-70.8858630632637,225.764416127562,3.));
#7659=CARTESIAN_POINT('Ctrl Pts',(-70.9010084058229,225.729439038097,3.));
#7660=CARTESIAN_POINT('Ctrl Pts',(-70.9159409568686,225.69443546316,3.));
#7661=CARTESIAN_POINT('Ctrl Pts',(-70.9306591978739,225.65940600631,3.));
#7662=CARTESIAN_POINT('Ctrl Pts',(-70.9451614927181,225.624351274382,3.));
#7663=CARTESIAN_POINT('Ctrl Pts',(-70.9594460354798,225.589271882846,3.));
#7664=CARTESIAN_POINT('Ctrl Pts',(-70.9735107694386,225.55416846258,3.));
#7665=CARTESIAN_POINT('Ctrl Pts',(-70.9873534519852,225.519041659447,3.));
#7666=CARTESIAN_POINT('Ctrl Pts',(-71.0009717875005,225.483892130289,3.));
#7667=CARTESIAN_POINT('Ctrl Pts',(-71.0143635518331,225.448720540025,3.));
#7668=CARTESIAN_POINT('Ctrl Pts',(-71.027526696339,225.413527558918,3.));
#7669=CARTESIAN_POINT('Ctrl Pts',(-71.0404595266305,225.378313858838,3.));
#7670=CARTESIAN_POINT('Ctrl Pts',(-71.0531605432479,225.343080115446,3.));
#7671=CARTESIAN_POINT('Ctrl Pts',(-71.0656281075298,225.307827013618,3.));
#7672=CARTESIAN_POINT('Ctrl Pts',(-71.0778601365712,225.272555252377,3.));
#7673=CARTESIAN_POINT('Ctrl Pts',(-71.089853845658,225.2372655494,3.));
#7674=CARTESIAN_POINT('Ctrl Pts',(-71.1016053256984,225.201958647819,3.));
#7675=CARTESIAN_POINT('Ctrl Pts',(-71.1131098805328,225.166635313038,3.));
#7676=CARTESIAN_POINT('Ctrl Pts',(-71.1243627728651,225.131296324193,3.));
#7677=CARTESIAN_POINT('Ctrl Pts',(-71.1353599087213,225.095942466634,3.));
#7678=CARTESIAN_POINT('Ctrl Pts',(-71.1460984117002,225.060574525783,3.));
#7679=CARTESIAN_POINT('Ctrl Pts',(-71.15657759293,225.025193276329,3.));
#7680=CARTESIAN_POINT('Ctrl Pts',(-71.1667980989197,224.989799493674,3.));
#7681=CARTESIAN_POINT('Ctrl Pts',(-71.176760110296,224.954393977089,3.));
#7682=CARTESIAN_POINT('Ctrl Pts',(-71.186461692801,224.918977571025,3.));
#7683=CARTESIAN_POINT('Ctrl Pts',(-71.1958973995757,224.883551183655,3.));
#7684=CARTESIAN_POINT('Ctrl Pts',(-71.2050559736858,224.848115815982,3.));
#7685=CARTESIAN_POINT('Ctrl Pts',(-71.2139223986467,224.812672540371,3.));
#7686=CARTESIAN_POINT('Ctrl Pts',(-71.222481988873,224.777222455502,3.));
#7687=CARTESIAN_POINT('Ctrl Pts',(-71.2307241625305,224.741766644902,3.));
#7688=CARTESIAN_POINT('Ctrl Pts',(-71.2386456391822,224.706306142745,3.));
#7689=CARTESIAN_POINT('Ctrl Pts',(-71.2462556987909,224.670841874522,3.));
#7690=CARTESIAN_POINT('Ctrl Pts',(-71.2535706882557,224.635374729101,3.));
#7691=CARTESIAN_POINT('Ctrl Pts',(-71.2606043139084,224.599905682516,3.));
#7692=CARTESIAN_POINT('Ctrl Pts',(-71.267358620296,224.564435913036,3.));
#7693=CARTESIAN_POINT('Ctrl Pts',(-71.2738161742155,224.528966902618,3.));
#7694=CARTESIAN_POINT('Ctrl Pts',(-71.2799278701698,224.4935005893,3.));
#7695=CARTESIAN_POINT('Ctrl Pts',(-71.2856269874572,224.458039215855,3.));
#7696=CARTESIAN_POINT('Ctrl Pts',(-71.2908510456702,224.422585091473,3.));
#7697=CARTESIAN_POINT('Ctrl Pts',(-71.2955623736547,224.387140361741,3.));
#7698=CARTESIAN_POINT('Ctrl Pts',(-71.2997663050674,224.351706821738,3.));
#7699=CARTESIAN_POINT('Ctrl Pts',(-71.3035381027768,224.316285588544,3.));
#7700=CARTESIAN_POINT('Ctrl Pts',(-71.3069827707003,224.280877836715,3.));
#7701=CARTESIAN_POINT('Ctrl Pts',(-71.3101813639519,224.245485741764,3.));
#7702=CARTESIAN_POINT('Ctrl Pts',(-71.3131403818989,224.210113387859,3.));
#7703=CARTESIAN_POINT('Ctrl Pts',(-71.3157433372015,224.174767613216,3.));
#7704=CARTESIAN_POINT('Ctrl Pts',(-71.317691751716,224.139459098039,3.));
#7705=CARTESIAN_POINT('Ctrl Pts',(-71.3185867743487,224.104200301436,3.));
#7706=CARTESIAN_POINT('Ctrl Pts',(-71.3181376700279,224.076042517974,3.));
#7707=CARTESIAN_POINT('Ctrl Pts',(-71.3170031374784,224.054955920647,3.));
#7708=CARTESIAN_POINT('Ctrl Pts',(-71.3158740891145,224.040912796842,3.));
#7709=CARTESIAN_POINT('Ctrl Pts',(-71.3152163907163,224.033894886897,3.));
#7710=CARTESIAN_POINT('',(-71.2721970466842,223.574860954146,3.));
#7711=CARTESIAN_POINT('',(-71.236754463828,223.196674150944,3.));
#7712=CARTESIAN_POINT('',(-71.6003184993656,223.167609538204,3.));
#7713=CARTESIAN_POINT('Origin',(-71.6455610216817,223.539870352921,3.));
#7714=CARTESIAN_POINT('',(-72.5470217856292,223.017666468055,3.));
#7715=CARTESIAN_POINT('Origin',(-70.,210.,3.));
#7716=CARTESIAN_POINT('',(-72.9849314398476,223.303590475861,3.));
#7717=CARTESIAN_POINT('Origin',(-72.6190285080545,223.385688249918,3.));
#7718=CARTESIAN_POINT('',(-73.085866898594,223.753451397197,3.));
#7719=CARTESIAN_POINT('',(-72.9017731899896,222.932961091871,3.));
#7720=CARTESIAN_POINT('',(-74.6006670494507,225.845625980065,3.));
#7721=CARTESIAN_POINT('Ctrl Pts',(-73.085866898594,223.753451397197,3.));
#7722=CARTESIAN_POINT('Ctrl Pts',(-73.0874100436846,223.760329066163,3.));
#7723=CARTESIAN_POINT('Ctrl Pts',(-73.0906758187906,223.774033765698,3.));
#7724=CARTESIAN_POINT('Ctrl Pts',(-73.0961129311441,223.794438901331,3.));
#7725=CARTESIAN_POINT('Ctrl Pts',(-73.1043870411671,223.821357325645,3.));
#7726=CARTESIAN_POINT('Ctrl Pts',(-73.1161338256257,223.854613856707,3.));
#7727=CARTESIAN_POINT('Ctrl Pts',(-73.1288978091819,223.887592156949,3.));
#7728=CARTESIAN_POINT('Ctrl Pts',(-73.142295811828,223.920403628823,3.));
#7729=CARTESIAN_POINT('Ctrl Pts',(-73.1560406636161,223.953130349669,3.));
#7730=CARTESIAN_POINT('Ctrl Pts',(-73.1700194653775,223.985801812525,3.));
#7731=CARTESIAN_POINT('Ctrl Pts',(-73.1842371363003,224.0184121247,3.));
#7732=CARTESIAN_POINT('Ctrl Pts',(-73.1987700921087,224.050934169753,3.));
#7733=CARTESIAN_POINT('Ctrl Pts',(-73.2137178345046,224.083334382619,3.));
#7734=CARTESIAN_POINT('Ctrl Pts',(-73.2291515975327,224.115588443385,3.));
#7735=CARTESIAN_POINT('Ctrl Pts',(-73.2450758990925,224.147692996641,3.));
#7736=CARTESIAN_POINT('Ctrl Pts',(-73.2614542487643,224.179657642838,3.));
#7737=CARTESIAN_POINT('Ctrl Pts',(-73.2782265105704,224.211499493314,3.));
#7738=CARTESIAN_POINT('Ctrl Pts',(-73.2953285362976,224.243237032895,3.));
#7739=CARTESIAN_POINT('Ctrl Pts',(-73.3127130249565,224.274883592832,3.));
#7740=CARTESIAN_POINT('Ctrl Pts',(-73.3303629386358,224.306443150855,3.));
#7741=CARTESIAN_POINT('Ctrl Pts',(-73.3482798577099,224.337913954563,3.));
#7742=CARTESIAN_POINT('Ctrl Pts',(-73.366476516064,224.369290840205,3.));
#7743=CARTESIAN_POINT('Ctrl Pts',(-73.3849681858481,224.400567910947,3.));
#7744=CARTESIAN_POINT('Ctrl Pts',(-73.4037634068382,224.431741418927,3.));
#7745=CARTESIAN_POINT('Ctrl Pts',(-73.4228587395761,224.4628113943,3.));
#7746=CARTESIAN_POINT('Ctrl Pts',(-73.4422437853115,224.493780076536,3.));
#7747=CARTESIAN_POINT('Ctrl Pts',(-73.4619042377119,224.524650958826,3.));
#7748=CARTESIAN_POINT('Ctrl Pts',(-73.4818254838726,224.555427661635,3.));
#7749=CARTESIAN_POINT('Ctrl Pts',(-73.5019965084857,224.58611271154,3.));
#7750=CARTESIAN_POINT('Ctrl Pts',(-73.5224118506398,224.616706927987,3.));
#7751=CARTESIAN_POINT('Ctrl Pts',(-73.5430694097967,224.647210105575,3.));
#7752=CARTESIAN_POINT('Ctrl Pts',(-73.5639691107544,224.677621428336,3.));
#7753=CARTESIAN_POINT('Ctrl Pts',(-73.5851113287667,224.707939959036,3.));
#7754=CARTESIAN_POINT('Ctrl Pts',(-73.6064951692858,224.738165173775,3.));
#7755=CARTESIAN_POINT('Ctrl Pts',(-73.6281176539825,224.768297214428,3.));
#7756=CARTESIAN_POINT('Ctrl Pts',(-73.6499746465704,224.798336599192,3.));
#7757=CARTESIAN_POINT('Ctrl Pts',(-73.6720614008462,224.82828405097,3.));
#7758=CARTESIAN_POINT('Ctrl Pts',(-73.6943732139739,224.85814029301,3.));
#7759=CARTESIAN_POINT('Ctrl Pts',(-73.7169061385465,224.887905826531,3.));
#7760=CARTESIAN_POINT('Ctrl Pts',(-73.7396573043682,224.917580829502,3.));
#7761=CARTESIAN_POINT('Ctrl Pts',(-73.7626245144696,224.947165280769,3.));
#7762=CARTESIAN_POINT('Ctrl Pts',(-73.7858059987519,224.976659035347,3.));
#7763=CARTESIAN_POINT('Ctrl Pts',(-73.8092001223539,225.006061914005,3.));
#7764=CARTESIAN_POINT('Ctrl Pts',(-73.8328050661978,225.03537380135,3.));
#7765=CARTESIAN_POINT('Ctrl Pts',(-73.8566186747848,225.064594692991,3.));
#7766=CARTESIAN_POINT('Ctrl Pts',(-73.8806386273499,225.093724643853,3.));
#7767=CARTESIAN_POINT('Ctrl Pts',(-73.9048625376542,225.122763738626,3.));
#7768=CARTESIAN_POINT('Ctrl Pts',(-73.9292880732671,225.151712056064,3.));
#7769=CARTESIAN_POINT('Ctrl Pts',(-73.9539130831788,225.180569631727,3.));
#7770=CARTESIAN_POINT('Ctrl Pts',(-73.9787356596659,225.209336438329,3.));
#7771=CARTESIAN_POINT('Ctrl Pts',(-74.003754059162,225.238012404323,3.));
#7772=CARTESIAN_POINT('Ctrl Pts',(-74.028966650953,225.266597424944,3.));
#7773=CARTESIAN_POINT('Ctrl Pts',(-74.0543718572702,225.295091376302,3.));
#7774=CARTESIAN_POINT('Ctrl Pts',(-74.0799680866259,225.323494130214,3.));
#7775=CARTESIAN_POINT('Ctrl Pts',(-74.1057536981657,225.351805564826,3.));
#7776=CARTESIAN_POINT('Ctrl Pts',(-74.1317270466049,225.380025562657,3.));
#7777=CARTESIAN_POINT('Ctrl Pts',(-74.1578865109116,225.408154012019,3.));
#7778=CARTESIAN_POINT('Ctrl Pts',(-74.1842305259305,225.436190807199,3.));
#7779=CARTESIAN_POINT('Ctrl Pts',(-74.2107576166106,225.464135851181,3.));
#7780=CARTESIAN_POINT('Ctrl Pts',(-74.237466413669,225.491989053875,3.));
#7781=CARTESIAN_POINT('Ctrl Pts',(-74.2643556097594,225.519750316464,3.));
#7782=CARTESIAN_POINT('Ctrl Pts',(-74.2914239237346,225.547419518127,3.));
#7783=CARTESIAN_POINT('Ctrl Pts',(-74.318670062933,225.574996503578,3.));
#7784=CARTESIAN_POINT('Ctrl Pts',(-74.3460926791363,225.60248106829,3.));
#7785=CARTESIAN_POINT('Ctrl Pts',(-74.3736903434001,225.629872953137,3.));
#7786=CARTESIAN_POINT('Ctrl Pts',(-74.401461618372,225.657171882733,3.));
#7787=CARTESIAN_POINT('Ctrl Pts',(-74.4294051168792,225.684377598928,3.));
#7788=CARTESIAN_POINT('Ctrl Pts',(-74.4575195637857,225.711489895879,3.));
#7789=CARTESIAN_POINT('Ctrl Pts',(-74.4858038573144,225.738508657521,3.));
#7790=CARTESIAN_POINT('Ctrl Pts',(-74.5142571237625,225.765433888125,3.));
#7791=CARTESIAN_POINT('Ctrl Pts',(-74.5428787031799,225.792265664687,3.));
#7792=CARTESIAN_POINT('Ctrl Pts',(-74.5659102525861,225.813656409884,3.));
#7793=CARTESIAN_POINT('Ctrl Pts',(-74.5832593318436,225.829657507734,3.));
#7794=CARTESIAN_POINT('Ctrl Pts',(-74.5948588923104,225.840306263147,3.));
#7795=CARTESIAN_POINT('Ctrl Pts',(-74.6006670494507,225.845625980065,3.));
#7796=CARTESIAN_POINT('',(-75.591807435958,225.523584946756,3.));
#7797=CARTESIAN_POINT('Origin',(-69.9999999999992,209.999999999998,3.));
#7798=CARTESIAN_POINT('',(-75.5875571360518,222.940602965173,3.));
#7799=CARTESIAN_POINT('Ctrl Pts',(-75.591807435958,225.523584946757,3.));
#7800=CARTESIAN_POINT('Ctrl Pts',(-75.5933794826398,225.515867256255,3.));
#7801=CARTESIAN_POINT('Ctrl Pts',(-75.5965045427976,225.500434181581,3.));
#7802=CARTESIAN_POINT('Ctrl Pts',(-75.6011350334173,225.477291488564,3.));
#7803=CARTESIAN_POINT('Ctrl Pts',(-75.6071947837313,225.446448407099,3.));
#7804=CARTESIAN_POINT('Ctrl Pts',(-75.6145788053296,225.407917701591,3.));
#7805=CARTESIAN_POINT('Ctrl Pts',(-75.6217717279683,225.369410322058,3.));
#7806=CARTESIAN_POINT('Ctrl Pts',(-75.6287729724786,225.330926594115,3.));
#7807=CARTESIAN_POINT('Ctrl Pts',(-75.6355818295096,225.292467027857,3.));
#7808=CARTESIAN_POINT('Ctrl Pts',(-75.6421974759268,225.254032364791,3.));
#7809=CARTESIAN_POINT('Ctrl Pts',(-75.6486190011147,225.215623520954,3.));
#7810=CARTESIAN_POINT('Ctrl Pts',(-75.6548454345634,225.177241520553,3.));
#7811=CARTESIAN_POINT('Ctrl Pts',(-75.6608757752987,225.138887431234,3.));
#7812=CARTESIAN_POINT('Ctrl Pts',(-75.6667090195909,225.100562302548,3.));
#7813=CARTESIAN_POINT('Ctrl Pts',(-75.6723441969255,225.062267092423,3.));
#7814=CARTESIAN_POINT('Ctrl Pts',(-75.677780352793,225.024002686295,3.));
#7815=CARTESIAN_POINT('Ctrl Pts',(-75.6830165217399,224.98576993495,3.));
#7816=CARTESIAN_POINT('Ctrl Pts',(-75.6880517041841,224.947569686772,3.));
#7817=CARTESIAN_POINT('Ctrl Pts',(-75.692884845306,224.90940281949,3.));
#7818=CARTESIAN_POINT('Ctrl Pts',(-75.6975148087893,224.871270278603,3.));
#7819=CARTESIAN_POINT('Ctrl Pts',(-75.7019403905323,224.833173069611,3.));
#7820=CARTESIAN_POINT('Ctrl Pts',(-75.7061603447422,224.795112235691,3.));
#7821=CARTESIAN_POINT('Ctrl Pts',(-75.7101734094092,224.757088838959,3.));
#7822=CARTESIAN_POINT('Ctrl Pts',(-75.7139783286772,224.719103942469,3.));
#7823=CARTESIAN_POINT('Ctrl Pts',(-75.7175738903511,224.681158585375,3.));
#7824=CARTESIAN_POINT('Ctrl Pts',(-75.7209588908088,224.643253795296,3.));
#7825=CARTESIAN_POINT('Ctrl Pts',(-75.7241320723548,224.605390615498,3.));
#7826=CARTESIAN_POINT('Ctrl Pts',(-75.7270920664687,224.567570128707,3.));
#7827=CARTESIAN_POINT('Ctrl Pts',(-75.7298373458075,224.529793478328,3.));
#7828=CARTESIAN_POINT('Ctrl Pts',(-75.7323661492661,224.492061899925,3.));
#7829=CARTESIAN_POINT('Ctrl Pts',(-75.734676543579,224.454376700755,3.));
#7830=CARTESIAN_POINT('Ctrl Pts',(-75.7367665484577,224.416739214895,3.));
#7831=CARTESIAN_POINT('Ctrl Pts',(-75.7386342540803,224.379150762023,3.));
#7832=CARTESIAN_POINT('Ctrl Pts',(-75.7402779191928,224.341612612662,3.));
#7833=CARTESIAN_POINT('Ctrl Pts',(-75.7416961399561,224.304125929392,3.));
#7834=CARTESIAN_POINT('Ctrl Pts',(-75.7428876990899,224.266691818164,3.));
#7835=CARTESIAN_POINT('Ctrl Pts',(-75.7438512497735,224.229311436711,3.));
#7836=CARTESIAN_POINT('Ctrl Pts',(-75.7445850270556,224.191986093491,3.));
#7837=CARTESIAN_POINT('Ctrl Pts',(-75.745086604291,224.154717331584,3.));
#7838=CARTESIAN_POINT('Ctrl Pts',(-75.7453524933521,224.117507065723,3.));
#7839=CARTESIAN_POINT('Ctrl Pts',(-75.7453784644491,224.080357475045,3.));
#7840=CARTESIAN_POINT('Ctrl Pts',(-75.7451602529119,224.043270764459,3.));
#7841=CARTESIAN_POINT('Ctrl Pts',(-75.744694207826,224.006248945982,3.));
#7842=CARTESIAN_POINT('Ctrl Pts',(-75.7439778362804,223.969293655453,3.));
#7843=CARTESIAN_POINT('Ctrl Pts',(-75.7430107225108,223.932405842518,3.));
#7844=CARTESIAN_POINT('Ctrl Pts',(-75.7417937209965,223.895586044846,3.));
#7845=CARTESIAN_POINT('Ctrl Pts',(-75.7403272505122,223.858834966772,3.));
#7846=CARTESIAN_POINT('Ctrl Pts',(-75.7386097324185,223.822154009135,3.));
#7847=CARTESIAN_POINT('Ctrl Pts',(-75.7366362670858,223.78554571883,3.));
#7848=CARTESIAN_POINT('Ctrl Pts',(-75.7343964578601,223.749014526452,3.));
#7849=CARTESIAN_POINT('Ctrl Pts',(-75.7318763545954,223.712566092232,3.));
#7850=CARTESIAN_POINT('Ctrl Pts',(-75.7290623299804,223.676205999169,3.));
#7851=CARTESIAN_POINT('Ctrl Pts',(-75.7259446549211,223.639938547727,3.));
#7852=CARTESIAN_POINT('Ctrl Pts',(-75.7225205291136,223.603765735173,3.));
#7853=CARTESIAN_POINT('Ctrl Pts',(-75.71879906432,223.567685574037,3.));
#7854=CARTESIAN_POINT('Ctrl Pts',(-75.7147960820401,223.531693858212,3.));
#7855=CARTESIAN_POINT('Ctrl Pts',(-75.7105249193812,223.495787280472,3.));
#7856=CARTESIAN_POINT('Ctrl Pts',(-75.7059878849282,223.459966329617,3.));
#7857=CARTESIAN_POINT('Ctrl Pts',(-75.70116885667,223.42423780223,3.));
#7858=CARTESIAN_POINT('Ctrl Pts',(-75.6960217313899,223.388618715925,3.));
#7859=CARTESIAN_POINT('Ctrl Pts',(-75.6904837469847,223.353131821538,3.));
#7860=CARTESIAN_POINT('Ctrl Pts',(-75.6844961946348,223.317798622747,3.));
#7861=CARTESIAN_POINT('Ctrl Pts',(-75.6780239099667,223.282632801155,3.));
#7862=CARTESIAN_POINT('Ctrl Pts',(-75.6710725202991,223.24763441579,3.));
#7863=CARTESIAN_POINT('Ctrl Pts',(-75.6637139500701,223.212781271554,3.));
#7864=CARTESIAN_POINT('Ctrl Pts',(-75.6560484268975,223.178042037521,3.));
#7865=CARTESIAN_POINT('Ctrl Pts',(-75.648153711046,223.14339373532,3.));
#7866=CARTESIAN_POINT('Ctrl Pts',(-75.6400372458586,223.108838240809,3.));
#7867=CARTESIAN_POINT('Ctrl Pts',(-75.6315903584168,223.074418054088,3.));
#7868=CARTESIAN_POINT('Ctrl Pts',(-75.6225324795014,223.040235567451,3.));
#7869=CARTESIAN_POINT('Ctrl Pts',(-75.612488129257,223.006425881981,3.));
#7870=CARTESIAN_POINT('Ctrl Pts',(-75.6033597720524,222.979785019402,3.));
#7871=CARTESIAN_POINT('Ctrl Pts',(-75.5957646505506,222.960081063446,3.));
#7872=CARTESIAN_POINT('Ctrl Pts',(-75.5903512978373,222.947074154175,3.));
#7873=CARTESIAN_POINT('Ctrl Pts',(-75.5875571360518,222.940602965173,3.));
#7874=CARTESIAN_POINT('',(-75.4047940223686,222.517329460623,3.));
#7875=CARTESIAN_POINT('',(-75.2542199737512,222.168604797487,3.));
#7876=CARTESIAN_POINT('',(-75.5910084595679,222.028615242622,3.));
#7877=CARTESIAN_POINT('Origin',(-75.749071573318,222.368675607957,3.));
#7878=CARTESIAN_POINT('',(-76.4450418321023,221.593463504598,3.));
#7879=CARTESIAN_POINT('Origin',(-70.,210.,3.));
#7880=CARTESIAN_POINT('',(-76.949874039807,221.730071870232,3.));
#7881=CARTESIAN_POINT('Origin',(-76.6272492795778,221.921221717439,3.));
#7882=CARTESIAN_POINT('',(-77.1848840353709,222.126724258808,3.));
#7883=CARTESIAN_POINT('',(-76.7562550661284,221.403279691888,3.));
#7884=CARTESIAN_POINT('',(-79.2720620910336,223.648401539375,3.));
#7885=CARTESIAN_POINT('Ctrl Pts',(-77.1848840353709,222.126724258808,3.));
#7886=CARTESIAN_POINT('Ctrl Pts',(-77.1884769701573,222.132788452637,3.));
#7887=CARTESIAN_POINT('Ctrl Pts',(-77.1958178919117,222.144813216427,3.));
#7888=CARTESIAN_POINT('Ctrl Pts',(-77.2072944267285,222.162539493519,3.));
#7889=CARTESIAN_POINT('Ctrl Pts',(-77.2234818235571,222.18558359576,3.));
#7890=CARTESIAN_POINT('Ctrl Pts',(-77.244930512734,222.213582480309,3.));
#7891=CARTESIAN_POINT('Ctrl Pts',(-77.2672606376897,222.241002419816,3.));
#7892=CARTESIAN_POINT('Ctrl Pts',(-77.290142197831,222.268067773443,3.));
#7893=CARTESIAN_POINT('Ctrl Pts',(-77.313327441601,222.294945341772,3.));
#7894=CARTESIAN_POINT('Ctrl Pts',(-77.3367181093597,222.321698062113,3.));
#7895=CARTESIAN_POINT('Ctrl Pts',(-77.3603170585917,222.348318810071,3.));
#7896=CARTESIAN_POINT('Ctrl Pts',(-77.3841885855274,222.374758182618,3.));
#7897=CARTESIAN_POINT('Ctrl Pts',(-77.4084169497337,222.400953509765,3.));
#7898=CARTESIAN_POINT('Ctrl Pts',(-77.433062383547,222.426859649371,3.));
#7899=CARTESIAN_POINT('Ctrl Pts',(-77.4581281468657,222.452472014143,3.));
#7900=CARTESIAN_POINT('Ctrl Pts',(-77.4835825019415,222.477811010811,3.));
#7901=CARTESIAN_POINT('Ctrl Pts',(-77.5093735437545,222.502911496265,3.));
#7902=CARTESIAN_POINT('Ctrl Pts',(-77.5354459758543,222.527810873507,3.));
#7903=CARTESIAN_POINT('Ctrl Pts',(-77.5617589319099,222.552536438119,3.));
#7904=CARTESIAN_POINT('Ctrl Pts',(-77.5882974370906,222.577097238151,3.));
#7905=CARTESIAN_POINT('Ctrl Pts',(-77.6150624529005,222.601491118611,3.));
#7906=CARTESIAN_POINT('Ctrl Pts',(-77.6420644942968,222.625709233489,3.));
#7907=CARTESIAN_POINT('Ctrl Pts',(-77.6693162637357,222.649741255211,3.));
#7908=CARTESIAN_POINT('Ctrl Pts',(-77.6968247248738,222.673580980413,3.));
#7909=CARTESIAN_POINT('Ctrl Pts',(-77.7245866159101,222.697229500623,3.));
#7910=CARTESIAN_POINT('Ctrl Pts',(-77.7525927390797,222.720692159096,3.));
#7911=CARTESIAN_POINT('Ctrl Pts',(-77.7808305677072,222.743976698952,3.));
#7912=CARTESIAN_POINT('Ctrl Pts',(-77.8092873228801,222.767091079097,3.));
#7913=CARTESIAN_POINT('Ctrl Pts',(-77.8379533091725,222.790041106362,3.));
#7914=CARTESIAN_POINT('Ctrl Pts',(-77.8668235861722,222.812829247603,3.));
#7915=CARTESIAN_POINT('Ctrl Pts',(-77.8958960926763,222.835455956574,3.));
#7916=CARTESIAN_POINT('Ctrl Pts',(-77.9251705050155,222.857920480482,3.));
#7917=CARTESIAN_POINT('Ctrl Pts',(-77.9546468904556,222.880221812004,3.));
#7918=CARTESIAN_POINT('Ctrl Pts',(-77.9843242363376,222.902359729312,3.));
#7919=CARTESIAN_POINT('Ctrl Pts',(-78.014199753944,222.924335287693,3.));
#7920=CARTESIAN_POINT('Ctrl Pts',(-78.0442696695641,222.946150258163,3.));
#7921=CARTESIAN_POINT('Ctrl Pts',(-78.0745296926794,222.967806794901,3.));
#7922=CARTESIAN_POINT('Ctrl Pts',(-78.1049755741236,222.989307039014,3.));
#7923=CARTESIAN_POINT('Ctrl Pts',(-78.1356037145741,223.010652687004,3.));
#7924=CARTESIAN_POINT('Ctrl Pts',(-78.1664114393081,223.031844795069,3.));
#7925=CARTESIAN_POINT('Ctrl Pts',(-78.1973966523469,223.052884021993,3.));
#7926=CARTESIAN_POINT('Ctrl Pts',(-78.2285576254236,223.073770776876,3.));
#7927=CARTESIAN_POINT('Ctrl Pts',(-78.2598927483071,223.09450539446,3.));
#7928=CARTESIAN_POINT('Ctrl Pts',(-78.2914002552935,223.115088327126,3.));
#7929=CARTESIAN_POINT('Ctrl Pts',(-78.3230780950246,223.135520236782,3.));
#7930=CARTESIAN_POINT('Ctrl Pts',(-78.3549240772942,223.155801892822,3.));
#7931=CARTESIAN_POINT('Ctrl Pts',(-78.3869359588256,223.175934113179,3.));
#7932=CARTESIAN_POINT('Ctrl Pts',(-78.4191115456812,223.195917693513,3.));
#7933=CARTESIAN_POINT('Ctrl Pts',(-78.4514488031177,223.215753332342,3.));
#7934=CARTESIAN_POINT('Ctrl Pts',(-78.4839459083508,223.235441593235,3.));
#7935=CARTESIAN_POINT('Ctrl Pts',(-78.5166011810412,223.254982946939,3.));
#7936=CARTESIAN_POINT('Ctrl Pts',(-78.5494130379131,223.274377797733,3.));
#7937=CARTESIAN_POINT('Ctrl Pts',(-78.5823799401357,223.29362651535,3.));
#7938=CARTESIAN_POINT('Ctrl Pts',(-78.6155003345027,223.312729469676,3.));
#7939=CARTESIAN_POINT('Ctrl Pts',(-78.6487726228144,223.331687051873,3.));
#7940=CARTESIAN_POINT('Ctrl Pts',(-78.6821952040088,223.350499658632,3.));
#7941=CARTESIAN_POINT('Ctrl Pts',(-78.7157665018786,223.369167684656,3.));
#7942=CARTESIAN_POINT('Ctrl Pts',(-78.7494849952061,223.387691513067,3.));
#7943=CARTESIAN_POINT('Ctrl Pts',(-78.7833492511549,223.406071507413,3.));
#7944=CARTESIAN_POINT('Ctrl Pts',(-78.8173579396199,223.424308005144,3.));
#7945=CARTESIAN_POINT('Ctrl Pts',(-78.8515097867048,223.442401316273,3.));
#7946=CARTESIAN_POINT('Ctrl Pts',(-78.8858035366309,223.460351721788,3.));
#7947=CARTESIAN_POINT('Ctrl Pts',(-78.9202379120171,223.478159473457,3.));
#7948=CARTESIAN_POINT('Ctrl Pts',(-78.9548115674302,223.495824793387,3.));
#7949=CARTESIAN_POINT('Ctrl Pts',(-78.9895230637886,223.513347876702,3.));
#7950=CARTESIAN_POINT('Ctrl Pts',(-79.0243709489898,223.53072890566,3.));
#7951=CARTESIAN_POINT('Ctrl Pts',(-79.0593538239815,223.547968063407,3.));
#7952=CARTESIAN_POINT('Ctrl Pts',(-79.0944704124285,223.565065548213,3.));
#7953=CARTESIAN_POINT('Ctrl Pts',(-79.129719630612,223.58202159016,3.));
#7954=CARTESIAN_POINT('Ctrl Pts',(-79.1651006489113,223.598836463301,3.));
#7955=CARTESIAN_POINT('Ctrl Pts',(-79.20061286347,223.615510444798,3.));
#7956=CARTESIAN_POINT('Ctrl Pts',(-79.2291272724014,223.628737112233,3.));
#7957=CARTESIAN_POINT('Ctrl Pts',(-79.2505718384451,223.638593900283,3.));
#7958=CARTESIAN_POINT('Ctrl Pts',(-79.2648943224048,223.645137007198,3.));
#7959=CARTESIAN_POINT('Ctrl Pts',(-79.2720620910336,223.648401539375,3.));
#7960=CARTESIAN_POINT('',(-80.1151764620064,223.035843092891,3.));
#7961=CARTESIAN_POINT('Origin',(-69.9999999999986,209.999999999998,3.));
#7962=CARTESIAN_POINT('',(-79.3129488581108,220.580594662735,3.));
#7963=CARTESIAN_POINT('Ctrl Pts',(-80.1151764620064,223.035843092891,3.));
#7964=CARTESIAN_POINT('Ctrl Pts',(-80.1142866697246,223.028017343908,3.));
#7965=CARTESIAN_POINT('Ctrl Pts',(-80.1124896962019,223.012373920976,3.));
#7966=CARTESIAN_POINT('Ctrl Pts',(-80.1097420690415,222.988933011683,3.));
#7967=CARTESIAN_POINT('Ctrl Pts',(-80.1059741977331,222.957726932244,3.));
#7968=CARTESIAN_POINT('Ctrl Pts',(-80.1010901767836,222.918800265534,3.));
#7969=CARTESIAN_POINT('Ctrl Pts',(-80.0960316180457,222.879954835968,3.));
#7970=CARTESIAN_POINT('Ctrl Pts',(-80.0907980713181,222.841191132201,3.));
#7971=CARTESIAN_POINT('Ctrl Pts',(-80.085389019596,222.802509858563,3.));
#7972=CARTESIAN_POINT('Ctrl Pts',(-80.0798039091701,222.763911974631,3.));
#7973=CARTESIAN_POINT('Ctrl Pts',(-80.0740421570647,222.725398633003,3.));
#7974=CARTESIAN_POINT('Ctrl Pts',(-80.0681031567672,222.686971107663,3.));
#7975=CARTESIAN_POINT('Ctrl Pts',(-80.0619862862157,222.648630723321,3.));
#7976=CARTESIAN_POINT('Ctrl Pts',(-80.0556909151356,222.610378788328,3.));
#7977=CARTESIAN_POINT('Ctrl Pts',(-80.0492164165281,222.572216513632,3.));
#7978=CARTESIAN_POINT('Ctrl Pts',(-80.0425621562164,222.534145036296,3.));
#7979=CARTESIAN_POINT('Ctrl Pts',(-80.0357274789066,222.496165463803,3.));
#7980=CARTESIAN_POINT('Ctrl Pts',(-80.0287116961045,222.458278911904,3.));
#7981=CARTESIAN_POINT('Ctrl Pts',(-80.0215140758502,222.420486541326,3.));
#7982=CARTESIAN_POINT('Ctrl Pts',(-80.0141338296187,222.382789602433,3.));
#7983=CARTESIAN_POINT('Ctrl Pts',(-80.0065701229569,222.3451894236,3.));
#7984=CARTESIAN_POINT('Ctrl Pts',(-79.9988220934052,222.307687381918,3.));
#7985=CARTESIAN_POINT('Ctrl Pts',(-79.9908888689332,222.270284877503,3.));
#7986=CARTESIAN_POINT('Ctrl Pts',(-79.9827695836518,222.232983309459,3.));
#7987=CARTESIAN_POINT('Ctrl Pts',(-79.9744634058121,222.195784040671,3.));
#7988=CARTESIAN_POINT('Ctrl Pts',(-79.9659695082523,222.158688420399,3.));
#7989=CARTESIAN_POINT('Ctrl Pts',(-79.9572870172204,222.121697829501,3.));
#7990=CARTESIAN_POINT('Ctrl Pts',(-79.9484149657566,222.084813720605,3.));
#7991=CARTESIAN_POINT('Ctrl Pts',(-79.9393522546032,222.048037653128,3.));
#7992=CARTESIAN_POINT('Ctrl Pts',(-79.9300975906599,222.011371346374,3.));
#7993=CARTESIAN_POINT('Ctrl Pts',(-79.9206495392463,221.974816641028,3.));
#7994=CARTESIAN_POINT('Ctrl Pts',(-79.911006629249,221.938375417819,3.));
#7995=CARTESIAN_POINT('Ctrl Pts',(-79.9011674521221,221.902049521999,3.));
#7996=CARTESIAN_POINT('Ctrl Pts',(-79.891130744448,221.865840699987,3.));
#7997=CARTESIAN_POINT('Ctrl Pts',(-79.8808955303536,221.829750491272,3.));
#7998=CARTESIAN_POINT('Ctrl Pts',(-79.8704609938935,221.793780323834,3.));
#7999=CARTESIAN_POINT('Ctrl Pts',(-79.8598262119245,221.757931714935,3.));
#8000=CARTESIAN_POINT('Ctrl Pts',(-79.8489899102144,221.722206454393,3.));
#8001=CARTESIAN_POINT('Ctrl Pts',(-79.8379502577239,221.686606759637,3.));
#8002=CARTESIAN_POINT('Ctrl Pts',(-79.8267045287319,221.651135529578,3.));
#8003=CARTESIAN_POINT('Ctrl Pts',(-79.8152493738594,221.615796143776,3.));
#8004=CARTESIAN_POINT('Ctrl Pts',(-79.8035814185184,221.580592017079,3.));
#8005=CARTESIAN_POINT('Ctrl Pts',(-79.7916978122306,221.545526191223,3.));
#8006=CARTESIAN_POINT('Ctrl Pts',(-79.7795966895987,221.510600992336,3.));
#8007=CARTESIAN_POINT('Ctrl Pts',(-79.7672779486637,221.475817452062,3.));
#8008=CARTESIAN_POINT('Ctrl Pts',(-79.754742568233,221.441175817707,3.));
#8009=CARTESIAN_POINT('Ctrl Pts',(-79.7419911642366,221.406676629726,3.));
#8010=CARTESIAN_POINT('Ctrl Pts',(-79.7290226681819,221.37232170822,3.));
#8011=CARTESIAN_POINT('Ctrl Pts',(-79.7158332072783,221.338114989501,3.));
#8012=CARTESIAN_POINT('Ctrl Pts',(-79.7024142628495,221.304063900057,3.));
#8013=CARTESIAN_POINT('Ctrl Pts',(-79.6887543166253,221.270178133919,3.));
#8014=CARTESIAN_POINT('Ctrl Pts',(-79.6748421335049,221.236467211908,3.));
#8015=CARTESIAN_POINT('Ctrl Pts',(-79.6606697894857,221.20293823046,3.));
#8016=CARTESIAN_POINT('Ctrl Pts',(-79.6462352385103,221.169593954434,3.));
#8017=CARTESIAN_POINT('Ctrl Pts',(-79.6315465322174,221.136429677941,3.));
#8018=CARTESIAN_POINT('Ctrl Pts',(-79.6166174179889,221.103436511626,3.));
#8019=CARTESIAN_POINT('Ctrl Pts',(-79.6014595581784,221.070607188735,3.));
#8020=CARTESIAN_POINT('Ctrl Pts',(-79.5860752994284,221.037941460755,3.));
#8021=CARTESIAN_POINT('Ctrl Pts',(-79.5704514090545,221.005450773594,3.));
#8022=CARTESIAN_POINT('Ctrl Pts',(-79.5545492990246,220.973165558643,3.));
#8023=CARTESIAN_POINT('Ctrl Pts',(-79.5383163094257,220.941126847789,3.));
#8024=CARTESIAN_POINT('Ctrl Pts',(-79.5217032498547,220.909373234269,3.));
#8025=CARTESIAN_POINT('Ctrl Pts',(-79.5046809048524,220.877928596447,3.));
#8026=CARTESIAN_POINT('Ctrl Pts',(-79.4872546445583,220.846791251528,3.));
#8027=CARTESIAN_POINT('Ctrl Pts',(-79.4694860145151,220.815917864844,3.));
#8028=CARTESIAN_POINT('Ctrl Pts',(-79.4514606550634,220.785247666877,3.));
#8029=CARTESIAN_POINT('Ctrl Pts',(-79.433245419902,220.754734774654,3.));
#8030=CARTESIAN_POINT('Ctrl Pts',(-79.4148479677435,220.724378672103,3.));
#8031=CARTESIAN_POINT('Ctrl Pts',(-79.396178077753,220.694253360998,3.));
#8032=CARTESIAN_POINT('Ctrl Pts',(-79.3770005537059,220.664542922857,3.));
#8033=CARTESIAN_POINT('Ctrl Pts',(-79.3570000415694,220.6354918761,3.));
#8034=CARTESIAN_POINT('Ctrl Pts',(-79.3400859786852,220.612975727652,3.));
#8035=CARTESIAN_POINT('Ctrl Pts',(-79.326773731642,220.596583173561,3.));
#8036=CARTESIAN_POINT('Ctrl Pts',(-79.31760597126,220.585885685727,3.));
#8037=CARTESIAN_POINT('Ctrl Pts',(-79.3129488581108,220.580594662735,3.));
#8038=CARTESIAN_POINT('',(-79.0083321017294,220.23451454613,3.));
#8039=CARTESIAN_POINT('',(-78.7573658243403,219.949387622798,3.));
#8040=CARTESIAN_POINT('',(-79.0344115569011,219.712176278802,3.));
#8041=CARTESIAN_POINT('Origin',(-79.2898229432208,219.986748716855,3.));
#8042=CARTESIAN_POINT('Origin',(-70.,210.,3.));
#8043=CARTESIAN_POINT('',(-72.5,210.,3.));
#8044=CARTESIAN_POINT('Origin',(-70.,210.,3.));
#8045=CARTESIAN_POINT('Origin',(-70.,210.,-2.));
#8046=CARTESIAN_POINT('',(-72.5,210.,-2.));
#8047=CARTESIAN_POINT('Origin',(-70.,210.,-2.));
#8048=CARTESIAN_POINT('',(-79.0344115569011,219.712176278802,-2.));
#8049=CARTESIAN_POINT('Origin',(-79.2898229432208,219.986748716855,-2.));
#8050=CARTESIAN_POINT('',(-79.0083321017294,220.23451454613,-2.));
#8051=CARTESIAN_POINT('Origin',(-79.3129488581108,220.580594662735,-2.));
#8052=CARTESIAN_POINT('',(-79.3129488581108,220.580594662735,-2.));
#8053=CARTESIAN_POINT('Origin',(-76.6272492795778,221.921221717439,-2.));
#8054=CARTESIAN_POINT('',(-76.949874039807,221.730071870232,-2.));
#8055=CARTESIAN_POINT('',(-76.4450418321023,221.593463504598,-2.));
#8056=CARTESIAN_POINT('Origin',(-76.7562550661284,221.403279691888,-2.));
#8057=CARTESIAN_POINT('',(-77.1848840353709,222.126724258808,-2.));
#8058=CARTESIAN_POINT('Ctrl Pts',(-80.1151764620064,223.035843092891,-2.));
#8059=CARTESIAN_POINT('Ctrl Pts',(-80.1151764620064,223.035843092891,3.));
#8060=CARTESIAN_POINT('Ctrl Pts',(-80.1142866697246,223.028017343908,-2.));
#8061=CARTESIAN_POINT('Ctrl Pts',(-80.1142866697246,223.028017343908,3.));
#8062=CARTESIAN_POINT('Ctrl Pts',(-80.1124896962019,223.012373920976,-2.));
#8063=CARTESIAN_POINT('Ctrl Pts',(-80.1124896962019,223.012373920976,3.));
#8064=CARTESIAN_POINT('Ctrl Pts',(-80.1097420690415,222.988933011683,-2.));
#8065=CARTESIAN_POINT('Ctrl Pts',(-80.1097420690415,222.988933011683,3.));
#8066=CARTESIAN_POINT('Ctrl Pts',(-80.1059741977331,222.957726932244,-2.));
#8067=CARTESIAN_POINT('Ctrl Pts',(-80.1059741977331,222.957726932244,3.));
#8068=CARTESIAN_POINT('Ctrl Pts',(-80.1010901767836,222.918800265534,-2.));
#8069=CARTESIAN_POINT('Ctrl Pts',(-80.1010901767836,222.918800265534,3.));
#8070=CARTESIAN_POINT('Ctrl Pts',(-80.0960316180457,222.879954835968,-2.));
#8071=CARTESIAN_POINT('Ctrl Pts',(-80.0960316180457,222.879954835968,3.));
#8072=CARTESIAN_POINT('Ctrl Pts',(-80.0907980713181,222.841191132201,-2.));
#8073=CARTESIAN_POINT('Ctrl Pts',(-80.0907980713181,222.841191132201,3.));
#8074=CARTESIAN_POINT('Ctrl Pts',(-80.085389019596,222.802509858563,-2.));
#8075=CARTESIAN_POINT('Ctrl Pts',(-80.085389019596,222.802509858563,3.));
#8076=CARTESIAN_POINT('Ctrl Pts',(-80.0798039091701,222.763911974631,-2.));
#8077=CARTESIAN_POINT('Ctrl Pts',(-80.0798039091701,222.763911974631,3.));
#8078=CARTESIAN_POINT('Ctrl Pts',(-80.0740421570647,222.725398633003,-2.));
#8079=CARTESIAN_POINT('Ctrl Pts',(-80.0740421570647,222.725398633003,3.));
#8080=CARTESIAN_POINT('Ctrl Pts',(-80.0681031567672,222.686971107663,-2.));
#8081=CARTESIAN_POINT('Ctrl Pts',(-80.0681031567672,222.686971107663,3.));
#8082=CARTESIAN_POINT('Ctrl Pts',(-80.0619862862157,222.648630723321,-2.));
#8083=CARTESIAN_POINT('Ctrl Pts',(-80.0619862862157,222.648630723321,3.));
#8084=CARTESIAN_POINT('Ctrl Pts',(-80.0556909151356,222.610378788328,-2.));
#8085=CARTESIAN_POINT('Ctrl Pts',(-80.0556909151356,222.610378788328,3.));
#8086=CARTESIAN_POINT('Ctrl Pts',(-80.0492164165281,222.572216513632,-2.));
#8087=CARTESIAN_POINT('Ctrl Pts',(-80.0492164165281,222.572216513632,3.));
#8088=CARTESIAN_POINT('Ctrl Pts',(-80.0425621562164,222.534145036296,-2.));
#8089=CARTESIAN_POINT('Ctrl Pts',(-80.0425621562164,222.534145036296,3.));
#8090=CARTESIAN_POINT('Ctrl Pts',(-80.0357274789066,222.496165463803,-2.));
#8091=CARTESIAN_POINT('Ctrl Pts',(-80.0357274789066,222.496165463803,3.));
#8092=CARTESIAN_POINT('Ctrl Pts',(-80.0287116961045,222.458278911904,-2.));
#8093=CARTESIAN_POINT('Ctrl Pts',(-80.0287116961045,222.458278911904,3.));
#8094=CARTESIAN_POINT('Ctrl Pts',(-80.0215140758502,222.420486541326,-2.));
#8095=CARTESIAN_POINT('Ctrl Pts',(-80.0215140758502,222.420486541326,3.));
#8096=CARTESIAN_POINT('Ctrl Pts',(-80.0141338296187,222.382789602433,-2.));
#8097=CARTESIAN_POINT('Ctrl Pts',(-80.0141338296187,222.382789602433,3.));
#8098=CARTESIAN_POINT('Ctrl Pts',(-80.0065701229569,222.3451894236,-2.));
#8099=CARTESIAN_POINT('Ctrl Pts',(-80.0065701229569,222.3451894236,3.));
#8100=CARTESIAN_POINT('Ctrl Pts',(-79.9988220934052,222.307687381918,-2.));
#8101=CARTESIAN_POINT('Ctrl Pts',(-79.9988220934052,222.307687381918,3.));
#8102=CARTESIAN_POINT('Ctrl Pts',(-79.9908888689332,222.270284877503,-2.));
#8103=CARTESIAN_POINT('Ctrl Pts',(-79.9908888689332,222.270284877503,3.));
#8104=CARTESIAN_POINT('Ctrl Pts',(-79.9827695836518,222.232983309459,-2.));
#8105=CARTESIAN_POINT('Ctrl Pts',(-79.9827695836518,222.232983309459,3.));
#8106=CARTESIAN_POINT('Ctrl Pts',(-79.9744634058121,222.195784040671,-2.));
#8107=CARTESIAN_POINT('Ctrl Pts',(-79.9744634058121,222.195784040671,3.));
#8108=CARTESIAN_POINT('Ctrl Pts',(-79.9659695082523,222.158688420399,-2.));
#8109=CARTESIAN_POINT('Ctrl Pts',(-79.9659695082523,222.158688420399,3.));
#8110=CARTESIAN_POINT('Ctrl Pts',(-79.9572870172204,222.121697829501,-2.));
#8111=CARTESIAN_POINT('Ctrl Pts',(-79.9572870172204,222.121697829501,3.));
#8112=CARTESIAN_POINT('Ctrl Pts',(-79.9484149657566,222.084813720605,-2.));
#8113=CARTESIAN_POINT('Ctrl Pts',(-79.9484149657566,222.084813720605,3.));
#8114=CARTESIAN_POINT('Ctrl Pts',(-79.9393522546032,222.048037653128,-2.));
#8115=CARTESIAN_POINT('Ctrl Pts',(-79.9393522546032,222.048037653128,3.));
#8116=CARTESIAN_POINT('Ctrl Pts',(-79.9300975906599,222.011371346374,-2.));
#8117=CARTESIAN_POINT('Ctrl Pts',(-79.9300975906599,222.011371346374,3.));
#8118=CARTESIAN_POINT('Ctrl Pts',(-79.9206495392463,221.974816641028,-2.));
#8119=CARTESIAN_POINT('Ctrl Pts',(-79.9206495392463,221.974816641028,3.));
#8120=CARTESIAN_POINT('Ctrl Pts',(-79.911006629249,221.938375417819,-2.));
#8121=CARTESIAN_POINT('Ctrl Pts',(-79.911006629249,221.938375417819,3.));
#8122=CARTESIAN_POINT('Ctrl Pts',(-79.9011674521221,221.902049521999,-2.));
#8123=CARTESIAN_POINT('Ctrl Pts',(-79.9011674521221,221.902049521999,3.));
#8124=CARTESIAN_POINT('Ctrl Pts',(-79.891130744448,221.865840699987,-2.));
#8125=CARTESIAN_POINT('Ctrl Pts',(-79.891130744448,221.865840699987,3.));
#8126=CARTESIAN_POINT('Ctrl Pts',(-79.8808955303536,221.829750491272,-2.));
#8127=CARTESIAN_POINT('Ctrl Pts',(-79.8808955303536,221.829750491272,3.));
#8128=CARTESIAN_POINT('Ctrl Pts',(-79.8704609938935,221.793780323834,-2.));
#8129=CARTESIAN_POINT('Ctrl Pts',(-79.8704609938935,221.793780323834,3.));
#8130=CARTESIAN_POINT('Ctrl Pts',(-79.8598262119245,221.757931714935,-2.));
#8131=CARTESIAN_POINT('Ctrl Pts',(-79.8598262119245,221.757931714935,3.));
#8132=CARTESIAN_POINT('Ctrl Pts',(-79.8489899102144,221.722206454393,-2.));
#8133=CARTESIAN_POINT('Ctrl Pts',(-79.8489899102144,221.722206454393,3.));
#8134=CARTESIAN_POINT('Ctrl Pts',(-79.8379502577239,221.686606759637,-2.));
#8135=CARTESIAN_POINT('Ctrl Pts',(-79.8379502577239,221.686606759637,3.));
#8136=CARTESIAN_POINT('Ctrl Pts',(-79.8267045287319,221.651135529578,-2.));
#8137=CARTESIAN_POINT('Ctrl Pts',(-79.8267045287319,221.651135529578,3.));
#8138=CARTESIAN_POINT('Ctrl Pts',(-79.8152493738594,221.615796143776,-2.));
#8139=CARTESIAN_POINT('Ctrl Pts',(-79.8152493738594,221.615796143776,3.));
#8140=CARTESIAN_POINT('Ctrl Pts',(-79.8035814185184,221.580592017079,-2.));
#8141=CARTESIAN_POINT('Ctrl Pts',(-79.8035814185184,221.580592017079,3.));
#8142=CARTESIAN_POINT('Ctrl Pts',(-79.7916978122306,221.545526191223,-2.));
#8143=CARTESIAN_POINT('Ctrl Pts',(-79.7916978122306,221.545526191223,3.));
#8144=CARTESIAN_POINT('Ctrl Pts',(-79.7795966895987,221.510600992336,-2.));
#8145=CARTESIAN_POINT('Ctrl Pts',(-79.7795966895987,221.510600992336,3.));
#8146=CARTESIAN_POINT('Ctrl Pts',(-79.7672779486637,221.475817452062,-2.));
#8147=CARTESIAN_POINT('Ctrl Pts',(-79.7672779486637,221.475817452062,3.));
#8148=CARTESIAN_POINT('Ctrl Pts',(-79.754742568233,221.441175817707,-2.));
#8149=CARTESIAN_POINT('Ctrl Pts',(-79.754742568233,221.441175817707,3.));
#8150=CARTESIAN_POINT('Ctrl Pts',(-79.7419911642366,221.406676629726,-2.));
#8151=CARTESIAN_POINT('Ctrl Pts',(-79.7419911642366,221.406676629726,3.));
#8152=CARTESIAN_POINT('Ctrl Pts',(-79.7290226681819,221.37232170822,-2.));
#8153=CARTESIAN_POINT('Ctrl Pts',(-79.7290226681819,221.37232170822,3.));
#8154=CARTESIAN_POINT('Ctrl Pts',(-79.7158332072783,221.338114989501,-2.));
#8155=CARTESIAN_POINT('Ctrl Pts',(-79.7158332072783,221.338114989501,3.));
#8156=CARTESIAN_POINT('Ctrl Pts',(-79.7024142628495,221.304063900057,-2.));
#8157=CARTESIAN_POINT('Ctrl Pts',(-79.7024142628495,221.304063900057,3.));
#8158=CARTESIAN_POINT('Ctrl Pts',(-79.6887543166253,221.270178133919,-2.));
#8159=CARTESIAN_POINT('Ctrl Pts',(-79.6887543166253,221.270178133919,3.));
#8160=CARTESIAN_POINT('Ctrl Pts',(-79.6748421335049,221.236467211908,-2.));
#8161=CARTESIAN_POINT('Ctrl Pts',(-79.6748421335049,221.236467211908,3.));
#8162=CARTESIAN_POINT('Ctrl Pts',(-79.6606697894857,221.20293823046,-2.));
#8163=CARTESIAN_POINT('Ctrl Pts',(-79.6606697894857,221.20293823046,3.));
#8164=CARTESIAN_POINT('Ctrl Pts',(-79.6462352385103,221.169593954434,-2.));
#8165=CARTESIAN_POINT('Ctrl Pts',(-79.6462352385103,221.169593954434,3.));
#8166=CARTESIAN_POINT('Ctrl Pts',(-79.6315465322174,221.136429677941,-2.));
#8167=CARTESIAN_POINT('Ctrl Pts',(-79.6315465322174,221.136429677941,3.));
#8168=CARTESIAN_POINT('Ctrl Pts',(-79.6166174179889,221.103436511626,-2.));
#8169=CARTESIAN_POINT('Ctrl Pts',(-79.6166174179889,221.103436511626,3.));
#8170=CARTESIAN_POINT('Ctrl Pts',(-79.6014595581784,221.070607188735,-2.));
#8171=CARTESIAN_POINT('Ctrl Pts',(-79.6014595581784,221.070607188735,3.));
#8172=CARTESIAN_POINT('Ctrl Pts',(-79.5860752994284,221.037941460755,-2.));
#8173=CARTESIAN_POINT('Ctrl Pts',(-79.5860752994284,221.037941460755,3.));
#8174=CARTESIAN_POINT('Ctrl Pts',(-79.5704514090545,221.005450773594,-2.));
#8175=CARTESIAN_POINT('Ctrl Pts',(-79.5704514090545,221.005450773594,3.));
#8176=CARTESIAN_POINT('Ctrl Pts',(-79.5545492990246,220.973165558643,-2.));
#8177=CARTESIAN_POINT('Ctrl Pts',(-79.5545492990246,220.973165558643,3.));
#8178=CARTESIAN_POINT('Ctrl Pts',(-79.5383163094257,220.941126847789,-2.));
#8179=CARTESIAN_POINT('Ctrl Pts',(-79.5383163094257,220.941126847789,3.));
#8180=CARTESIAN_POINT('Ctrl Pts',(-79.5217032498547,220.909373234269,-2.));
#8181=CARTESIAN_POINT('Ctrl Pts',(-79.5217032498547,220.909373234269,3.));
#8182=CARTESIAN_POINT('Ctrl Pts',(-79.5046809048524,220.877928596447,-2.));
#8183=CARTESIAN_POINT('Ctrl Pts',(-79.5046809048524,220.877928596447,3.));
#8184=CARTESIAN_POINT('Ctrl Pts',(-79.4872546445583,220.846791251528,-2.));
#8185=CARTESIAN_POINT('Ctrl Pts',(-79.4872546445583,220.846791251528,3.));
#8186=CARTESIAN_POINT('Ctrl Pts',(-79.4694860145151,220.815917864844,-2.));
#8187=CARTESIAN_POINT('Ctrl Pts',(-79.4694860145151,220.815917864844,3.));
#8188=CARTESIAN_POINT('Ctrl Pts',(-79.4514606550634,220.785247666877,-2.));
#8189=CARTESIAN_POINT('Ctrl Pts',(-79.4514606550634,220.785247666877,3.));
#8190=CARTESIAN_POINT('Ctrl Pts',(-79.433245419902,220.754734774654,-2.));
#8191=CARTESIAN_POINT('Ctrl Pts',(-79.433245419902,220.754734774654,3.));
#8192=CARTESIAN_POINT('Ctrl Pts',(-79.4148479677435,220.724378672103,-2.));
#8193=CARTESIAN_POINT('Ctrl Pts',(-79.4148479677435,220.724378672103,3.));
#8194=CARTESIAN_POINT('Ctrl Pts',(-79.396178077753,220.694253360998,-2.));
#8195=CARTESIAN_POINT('Ctrl Pts',(-79.396178077753,220.694253360998,3.));
#8196=CARTESIAN_POINT('Ctrl Pts',(-79.3770005537059,220.664542922857,-2.));
#8197=CARTESIAN_POINT('Ctrl Pts',(-79.3770005537059,220.664542922857,3.));
#8198=CARTESIAN_POINT('Ctrl Pts',(-79.3570000415694,220.6354918761,-2.));
#8199=CARTESIAN_POINT('Ctrl Pts',(-79.3570000415694,220.6354918761,3.));
#8200=CARTESIAN_POINT('Ctrl Pts',(-79.3400859786852,220.612975727652,-2.));
#8201=CARTESIAN_POINT('Ctrl Pts',(-79.3400859786852,220.612975727652,3.));
#8202=CARTESIAN_POINT('Ctrl Pts',(-79.326773731642,220.596583173561,-2.));
#8203=CARTESIAN_POINT('Ctrl Pts',(-79.326773731642,220.596583173561,3.));
#8204=CARTESIAN_POINT('Ctrl Pts',(-79.31760597126,220.585885685727,-2.));
#8205=CARTESIAN_POINT('Ctrl Pts',(-79.31760597126,220.585885685727,3.));
#8206=CARTESIAN_POINT('Ctrl Pts',(-79.3129488581108,220.580594662735,-2.));
#8207=CARTESIAN_POINT('Ctrl Pts',(-79.3129488581108,220.580594662735,3.));
#8208=CARTESIAN_POINT('',(-80.1151764620064,223.035843092891,-2.));
#8209=CARTESIAN_POINT('Origin',(-69.9999999999986,209.999999999998,-2.));
#8210=CARTESIAN_POINT('',(-79.2720620910336,223.648401539375,-2.));
#8211=CARTESIAN_POINT('Ctrl Pts',(-77.1848840353709,222.126724258808,-2.));
#8212=CARTESIAN_POINT('Ctrl Pts',(-77.1848840353709,222.126724258808,3.));
#8213=CARTESIAN_POINT('Ctrl Pts',(-77.1884769701573,222.132788452637,-2.));
#8214=CARTESIAN_POINT('Ctrl Pts',(-77.1884769701573,222.132788452637,3.));
#8215=CARTESIAN_POINT('Ctrl Pts',(-77.1958178919117,222.144813216427,-2.));
#8216=CARTESIAN_POINT('Ctrl Pts',(-77.1958178919117,222.144813216427,3.));
#8217=CARTESIAN_POINT('Ctrl Pts',(-77.2072944267285,222.162539493519,-2.));
#8218=CARTESIAN_POINT('Ctrl Pts',(-77.2072944267285,222.162539493519,3.));
#8219=CARTESIAN_POINT('Ctrl Pts',(-77.2234818235571,222.18558359576,-2.));
#8220=CARTESIAN_POINT('Ctrl Pts',(-77.2234818235571,222.18558359576,3.));
#8221=CARTESIAN_POINT('Ctrl Pts',(-77.244930512734,222.213582480309,-2.));
#8222=CARTESIAN_POINT('Ctrl Pts',(-77.244930512734,222.213582480309,3.));
#8223=CARTESIAN_POINT('Ctrl Pts',(-77.2672606376897,222.241002419816,-2.));
#8224=CARTESIAN_POINT('Ctrl Pts',(-77.2672606376897,222.241002419816,3.));
#8225=CARTESIAN_POINT('Ctrl Pts',(-77.290142197831,222.268067773443,-2.));
#8226=CARTESIAN_POINT('Ctrl Pts',(-77.290142197831,222.268067773443,3.));
#8227=CARTESIAN_POINT('Ctrl Pts',(-77.313327441601,222.294945341772,-2.));
#8228=CARTESIAN_POINT('Ctrl Pts',(-77.313327441601,222.294945341772,3.));
#8229=CARTESIAN_POINT('Ctrl Pts',(-77.3367181093597,222.321698062113,-2.));
#8230=CARTESIAN_POINT('Ctrl Pts',(-77.3367181093597,222.321698062113,3.));
#8231=CARTESIAN_POINT('Ctrl Pts',(-77.3603170585917,222.348318810071,-2.));
#8232=CARTESIAN_POINT('Ctrl Pts',(-77.3603170585917,222.348318810071,3.));
#8233=CARTESIAN_POINT('Ctrl Pts',(-77.3841885855274,222.374758182618,-2.));
#8234=CARTESIAN_POINT('Ctrl Pts',(-77.3841885855274,222.374758182618,3.));
#8235=CARTESIAN_POINT('Ctrl Pts',(-77.4084169497337,222.400953509765,-2.));
#8236=CARTESIAN_POINT('Ctrl Pts',(-77.4084169497337,222.400953509765,3.));
#8237=CARTESIAN_POINT('Ctrl Pts',(-77.433062383547,222.426859649371,-2.));
#8238=CARTESIAN_POINT('Ctrl Pts',(-77.433062383547,222.426859649371,3.));
#8239=CARTESIAN_POINT('Ctrl Pts',(-77.4581281468657,222.452472014143,-2.));
#8240=CARTESIAN_POINT('Ctrl Pts',(-77.4581281468657,222.452472014143,3.));
#8241=CARTESIAN_POINT('Ctrl Pts',(-77.4835825019415,222.477811010811,-2.));
#8242=CARTESIAN_POINT('Ctrl Pts',(-77.4835825019415,222.477811010811,3.));
#8243=CARTESIAN_POINT('Ctrl Pts',(-77.5093735437545,222.502911496265,-2.));
#8244=CARTESIAN_POINT('Ctrl Pts',(-77.5093735437545,222.502911496265,3.));
#8245=CARTESIAN_POINT('Ctrl Pts',(-77.5354459758543,222.527810873507,-2.));
#8246=CARTESIAN_POINT('Ctrl Pts',(-77.5354459758543,222.527810873507,3.));
#8247=CARTESIAN_POINT('Ctrl Pts',(-77.5617589319099,222.552536438119,-2.));
#8248=CARTESIAN_POINT('Ctrl Pts',(-77.5617589319099,222.552536438119,3.));
#8249=CARTESIAN_POINT('Ctrl Pts',(-77.5882974370906,222.577097238151,-2.));
#8250=CARTESIAN_POINT('Ctrl Pts',(-77.5882974370906,222.577097238151,3.));
#8251=CARTESIAN_POINT('Ctrl Pts',(-77.6150624529005,222.601491118611,-2.));
#8252=CARTESIAN_POINT('Ctrl Pts',(-77.6150624529005,222.601491118611,3.));
#8253=CARTESIAN_POINT('Ctrl Pts',(-77.6420644942968,222.625709233489,-2.));
#8254=CARTESIAN_POINT('Ctrl Pts',(-77.6420644942968,222.625709233489,3.));
#8255=CARTESIAN_POINT('Ctrl Pts',(-77.6693162637357,222.649741255211,-2.));
#8256=CARTESIAN_POINT('Ctrl Pts',(-77.6693162637357,222.649741255211,3.));
#8257=CARTESIAN_POINT('Ctrl Pts',(-77.6968247248738,222.673580980413,-2.));
#8258=CARTESIAN_POINT('Ctrl Pts',(-77.6968247248738,222.673580980413,3.));
#8259=CARTESIAN_POINT('Ctrl Pts',(-77.7245866159101,222.697229500623,-2.));
#8260=CARTESIAN_POINT('Ctrl Pts',(-77.7245866159101,222.697229500623,3.));
#8261=CARTESIAN_POINT('Ctrl Pts',(-77.7525927390797,222.720692159096,-2.));
#8262=CARTESIAN_POINT('Ctrl Pts',(-77.7525927390797,222.720692159096,3.));
#8263=CARTESIAN_POINT('Ctrl Pts',(-77.7808305677072,222.743976698952,-2.));
#8264=CARTESIAN_POINT('Ctrl Pts',(-77.7808305677072,222.743976698952,3.));
#8265=CARTESIAN_POINT('Ctrl Pts',(-77.8092873228801,222.767091079097,-2.));
#8266=CARTESIAN_POINT('Ctrl Pts',(-77.8092873228801,222.767091079097,3.));
#8267=CARTESIAN_POINT('Ctrl Pts',(-77.8379533091725,222.790041106362,-2.));
#8268=CARTESIAN_POINT('Ctrl Pts',(-77.8379533091725,222.790041106362,3.));
#8269=CARTESIAN_POINT('Ctrl Pts',(-77.8668235861722,222.812829247603,-2.));
#8270=CARTESIAN_POINT('Ctrl Pts',(-77.8668235861722,222.812829247603,3.));
#8271=CARTESIAN_POINT('Ctrl Pts',(-77.8958960926763,222.835455956574,-2.));
#8272=CARTESIAN_POINT('Ctrl Pts',(-77.8958960926763,222.835455956574,3.));
#8273=CARTESIAN_POINT('Ctrl Pts',(-77.9251705050155,222.857920480482,-2.));
#8274=CARTESIAN_POINT('Ctrl Pts',(-77.9251705050155,222.857920480482,3.));
#8275=CARTESIAN_POINT('Ctrl Pts',(-77.9546468904556,222.880221812004,-2.));
#8276=CARTESIAN_POINT('Ctrl Pts',(-77.9546468904556,222.880221812004,3.));
#8277=CARTESIAN_POINT('Ctrl Pts',(-77.9843242363376,222.902359729312,-2.));
#8278=CARTESIAN_POINT('Ctrl Pts',(-77.9843242363376,222.902359729312,3.));
#8279=CARTESIAN_POINT('Ctrl Pts',(-78.014199753944,222.924335287693,-2.));
#8280=CARTESIAN_POINT('Ctrl Pts',(-78.014199753944,222.924335287693,3.));
#8281=CARTESIAN_POINT('Ctrl Pts',(-78.0442696695641,222.946150258163,-2.));
#8282=CARTESIAN_POINT('Ctrl Pts',(-78.0442696695641,222.946150258163,3.));
#8283=CARTESIAN_POINT('Ctrl Pts',(-78.0745296926794,222.967806794901,-2.));
#8284=CARTESIAN_POINT('Ctrl Pts',(-78.0745296926794,222.967806794901,3.));
#8285=CARTESIAN_POINT('Ctrl Pts',(-78.1049755741236,222.989307039014,-2.));
#8286=CARTESIAN_POINT('Ctrl Pts',(-78.1049755741236,222.989307039014,3.));
#8287=CARTESIAN_POINT('Ctrl Pts',(-78.1356037145741,223.010652687004,-2.));
#8288=CARTESIAN_POINT('Ctrl Pts',(-78.1356037145741,223.010652687004,3.));
#8289=CARTESIAN_POINT('Ctrl Pts',(-78.1664114393081,223.031844795069,-2.));
#8290=CARTESIAN_POINT('Ctrl Pts',(-78.1664114393081,223.031844795069,3.));
#8291=CARTESIAN_POINT('Ctrl Pts',(-78.1973966523469,223.052884021993,-2.));
#8292=CARTESIAN_POINT('Ctrl Pts',(-78.1973966523469,223.052884021993,3.));
#8293=CARTESIAN_POINT('Ctrl Pts',(-78.2285576254236,223.073770776876,-2.));
#8294=CARTESIAN_POINT('Ctrl Pts',(-78.2285576254236,223.073770776876,3.));
#8295=CARTESIAN_POINT('Ctrl Pts',(-78.2598927483071,223.09450539446,-2.));
#8296=CARTESIAN_POINT('Ctrl Pts',(-78.2598927483071,223.09450539446,3.));
#8297=CARTESIAN_POINT('Ctrl Pts',(-78.2914002552935,223.115088327126,-2.));
#8298=CARTESIAN_POINT('Ctrl Pts',(-78.2914002552935,223.115088327126,3.));
#8299=CARTESIAN_POINT('Ctrl Pts',(-78.3230780950246,223.135520236782,-2.));
#8300=CARTESIAN_POINT('Ctrl Pts',(-78.3230780950246,223.135520236782,3.));
#8301=CARTESIAN_POINT('Ctrl Pts',(-78.3549240772942,223.155801892822,-2.));
#8302=CARTESIAN_POINT('Ctrl Pts',(-78.3549240772942,223.155801892822,3.));
#8303=CARTESIAN_POINT('Ctrl Pts',(-78.3869359588256,223.175934113179,-2.));
#8304=CARTESIAN_POINT('Ctrl Pts',(-78.3869359588256,223.175934113179,3.));
#8305=CARTESIAN_POINT('Ctrl Pts',(-78.4191115456812,223.195917693513,-2.));
#8306=CARTESIAN_POINT('Ctrl Pts',(-78.4191115456812,223.195917693513,3.));
#8307=CARTESIAN_POINT('Ctrl Pts',(-78.4514488031177,223.215753332342,-2.));
#8308=CARTESIAN_POINT('Ctrl Pts',(-78.4514488031177,223.215753332342,3.));
#8309=CARTESIAN_POINT('Ctrl Pts',(-78.4839459083508,223.235441593235,-2.));
#8310=CARTESIAN_POINT('Ctrl Pts',(-78.4839459083508,223.235441593235,3.));
#8311=CARTESIAN_POINT('Ctrl Pts',(-78.5166011810412,223.254982946939,-2.));
#8312=CARTESIAN_POINT('Ctrl Pts',(-78.5166011810412,223.254982946939,3.));
#8313=CARTESIAN_POINT('Ctrl Pts',(-78.5494130379131,223.274377797733,-2.));
#8314=CARTESIAN_POINT('Ctrl Pts',(-78.5494130379131,223.274377797733,3.));
#8315=CARTESIAN_POINT('Ctrl Pts',(-78.5823799401357,223.29362651535,-2.));
#8316=CARTESIAN_POINT('Ctrl Pts',(-78.5823799401357,223.29362651535,3.));
#8317=CARTESIAN_POINT('Ctrl Pts',(-78.6155003345027,223.312729469676,-2.));
#8318=CARTESIAN_POINT('Ctrl Pts',(-78.6155003345027,223.312729469676,3.));
#8319=CARTESIAN_POINT('Ctrl Pts',(-78.6487726228144,223.331687051873,-2.));
#8320=CARTESIAN_POINT('Ctrl Pts',(-78.6487726228144,223.331687051873,3.));
#8321=CARTESIAN_POINT('Ctrl Pts',(-78.6821952040088,223.350499658632,-2.));
#8322=CARTESIAN_POINT('Ctrl Pts',(-78.6821952040088,223.350499658632,3.));
#8323=CARTESIAN_POINT('Ctrl Pts',(-78.7157665018786,223.369167684656,-2.));
#8324=CARTESIAN_POINT('Ctrl Pts',(-78.7157665018786,223.369167684656,3.));
#8325=CARTESIAN_POINT('Ctrl Pts',(-78.7494849952061,223.387691513067,-2.));
#8326=CARTESIAN_POINT('Ctrl Pts',(-78.7494849952061,223.387691513067,3.));
#8327=CARTESIAN_POINT('Ctrl Pts',(-78.7833492511549,223.406071507413,-2.));
#8328=CARTESIAN_POINT('Ctrl Pts',(-78.7833492511549,223.406071507413,3.));
#8329=CARTESIAN_POINT('Ctrl Pts',(-78.8173579396199,223.424308005144,-2.));
#8330=CARTESIAN_POINT('Ctrl Pts',(-78.8173579396199,223.424308005144,3.));
#8331=CARTESIAN_POINT('Ctrl Pts',(-78.8515097867048,223.442401316273,-2.));
#8332=CARTESIAN_POINT('Ctrl Pts',(-78.8515097867048,223.442401316273,3.));
#8333=CARTESIAN_POINT('Ctrl Pts',(-78.8858035366309,223.460351721788,-2.));
#8334=CARTESIAN_POINT('Ctrl Pts',(-78.8858035366309,223.460351721788,3.));
#8335=CARTESIAN_POINT('Ctrl Pts',(-78.9202379120171,223.478159473457,-2.));
#8336=CARTESIAN_POINT('Ctrl Pts',(-78.9202379120171,223.478159473457,3.));
#8337=CARTESIAN_POINT('Ctrl Pts',(-78.9548115674302,223.495824793387,-2.));
#8338=CARTESIAN_POINT('Ctrl Pts',(-78.9548115674302,223.495824793387,3.));
#8339=CARTESIAN_POINT('Ctrl Pts',(-78.9895230637886,223.513347876702,-2.));
#8340=CARTESIAN_POINT('Ctrl Pts',(-78.9895230637886,223.513347876702,3.));
#8341=CARTESIAN_POINT('Ctrl Pts',(-79.0243709489898,223.53072890566,-2.));
#8342=CARTESIAN_POINT('Ctrl Pts',(-79.0243709489898,223.53072890566,3.));
#8343=CARTESIAN_POINT('Ctrl Pts',(-79.0593538239815,223.547968063407,-2.));
#8344=CARTESIAN_POINT('Ctrl Pts',(-79.0593538239815,223.547968063407,3.));
#8345=CARTESIAN_POINT('Ctrl Pts',(-79.0944704124285,223.565065548213,-2.));
#8346=CARTESIAN_POINT('Ctrl Pts',(-79.0944704124285,223.565065548213,3.));
#8347=CARTESIAN_POINT('Ctrl Pts',(-79.129719630612,223.58202159016,-2.));
#8348=CARTESIAN_POINT('Ctrl Pts',(-79.129719630612,223.58202159016,3.));
#8349=CARTESIAN_POINT('Ctrl Pts',(-79.1651006489113,223.598836463301,-2.));
#8350=CARTESIAN_POINT('Ctrl Pts',(-79.1651006489113,223.598836463301,3.));
#8351=CARTESIAN_POINT('Ctrl Pts',(-79.20061286347,223.615510444798,-2.));
#8352=CARTESIAN_POINT('Ctrl Pts',(-79.20061286347,223.615510444798,3.));
#8353=CARTESIAN_POINT('Ctrl Pts',(-79.2291272724014,223.628737112233,-2.));
#8354=CARTESIAN_POINT('Ctrl Pts',(-79.2291272724014,223.628737112233,3.));
#8355=CARTESIAN_POINT('Ctrl Pts',(-79.2505718384451,223.638593900283,-2.));
#8356=CARTESIAN_POINT('Ctrl Pts',(-79.2505718384451,223.638593900283,3.));
#8357=CARTESIAN_POINT('Ctrl Pts',(-79.2648943224048,223.645137007198,-2.));
#8358=CARTESIAN_POINT('Ctrl Pts',(-79.2648943224048,223.645137007198,3.));
#8359=CARTESIAN_POINT('Ctrl Pts',(-79.2720620910336,223.648401539375,-2.));
#8360=CARTESIAN_POINT('Ctrl Pts',(-79.2720620910336,223.648401539375,3.));
#8361=CARTESIAN_POINT('Origin',(-70.,210.,-2.));
#8362=CARTESIAN_POINT('',(-75.5910084595679,222.028615242622,-2.));
#8363=CARTESIAN_POINT('Origin',(-75.749071573318,222.368675607957,-2.));
#8364=CARTESIAN_POINT('',(-75.4047940223686,222.517329460623,-2.));
#8365=CARTESIAN_POINT('Origin',(-75.5875571360518,222.940602965173,-2.));
#8366=CARTESIAN_POINT('',(-75.5875571360518,222.940602965173,-2.));
#8367=CARTESIAN_POINT('Origin',(-72.6190285080545,223.385688249918,-2.));
#8368=CARTESIAN_POINT('',(-72.9849314398476,223.303590475861,-2.));
#8369=CARTESIAN_POINT('',(-72.5470217856292,223.017666468055,-2.));
#8370=CARTESIAN_POINT('Origin',(-72.9017731899896,222.932961091871,-2.));
#8371=CARTESIAN_POINT('',(-73.085866898594,223.753451397197,-2.));
#8372=CARTESIAN_POINT('Ctrl Pts',(-75.591807435958,225.523584946757,-2.));
#8373=CARTESIAN_POINT('Ctrl Pts',(-75.591807435958,225.523584946757,3.));
#8374=CARTESIAN_POINT('Ctrl Pts',(-75.5933794826398,225.515867256255,-2.));
#8375=CARTESIAN_POINT('Ctrl Pts',(-75.5933794826398,225.515867256255,3.));
#8376=CARTESIAN_POINT('Ctrl Pts',(-75.5965045427976,225.500434181581,-2.));
#8377=CARTESIAN_POINT('Ctrl Pts',(-75.5965045427976,225.500434181581,3.));
#8378=CARTESIAN_POINT('Ctrl Pts',(-75.6011350334173,225.477291488564,-2.));
#8379=CARTESIAN_POINT('Ctrl Pts',(-75.6011350334173,225.477291488564,3.));
#8380=CARTESIAN_POINT('Ctrl Pts',(-75.6071947837313,225.446448407099,-2.));
#8381=CARTESIAN_POINT('Ctrl Pts',(-75.6071947837313,225.446448407099,3.));
#8382=CARTESIAN_POINT('Ctrl Pts',(-75.6145788053296,225.407917701591,-2.));
#8383=CARTESIAN_POINT('Ctrl Pts',(-75.6145788053296,225.407917701591,3.));
#8384=CARTESIAN_POINT('Ctrl Pts',(-75.6217717279683,225.369410322058,-2.));
#8385=CARTESIAN_POINT('Ctrl Pts',(-75.6217717279683,225.369410322058,3.));
#8386=CARTESIAN_POINT('Ctrl Pts',(-75.6287729724786,225.330926594115,-2.));
#8387=CARTESIAN_POINT('Ctrl Pts',(-75.6287729724786,225.330926594115,3.));
#8388=CARTESIAN_POINT('Ctrl Pts',(-75.6355818295096,225.292467027857,-2.));
#8389=CARTESIAN_POINT('Ctrl Pts',(-75.6355818295096,225.292467027857,3.));
#8390=CARTESIAN_POINT('Ctrl Pts',(-75.6421974759268,225.254032364791,-2.));
#8391=CARTESIAN_POINT('Ctrl Pts',(-75.6421974759268,225.254032364791,3.));
#8392=CARTESIAN_POINT('Ctrl Pts',(-75.6486190011147,225.215623520954,-2.));
#8393=CARTESIAN_POINT('Ctrl Pts',(-75.6486190011147,225.215623520954,3.));
#8394=CARTESIAN_POINT('Ctrl Pts',(-75.6548454345634,225.177241520553,-2.));
#8395=CARTESIAN_POINT('Ctrl Pts',(-75.6548454345634,225.177241520553,3.));
#8396=CARTESIAN_POINT('Ctrl Pts',(-75.6608757752987,225.138887431234,-2.));
#8397=CARTESIAN_POINT('Ctrl Pts',(-75.6608757752987,225.138887431234,3.));
#8398=CARTESIAN_POINT('Ctrl Pts',(-75.6667090195909,225.100562302548,-2.));
#8399=CARTESIAN_POINT('Ctrl Pts',(-75.6667090195909,225.100562302548,3.));
#8400=CARTESIAN_POINT('Ctrl Pts',(-75.6723441969255,225.062267092423,-2.));
#8401=CARTESIAN_POINT('Ctrl Pts',(-75.6723441969255,225.062267092423,3.));
#8402=CARTESIAN_POINT('Ctrl Pts',(-75.677780352793,225.024002686295,-2.));
#8403=CARTESIAN_POINT('Ctrl Pts',(-75.677780352793,225.024002686295,3.));
#8404=CARTESIAN_POINT('Ctrl Pts',(-75.6830165217399,224.98576993495,-2.));
#8405=CARTESIAN_POINT('Ctrl Pts',(-75.6830165217399,224.98576993495,3.));
#8406=CARTESIAN_POINT('Ctrl Pts',(-75.6880517041841,224.947569686772,-2.));
#8407=CARTESIAN_POINT('Ctrl Pts',(-75.6880517041841,224.947569686772,3.));
#8408=CARTESIAN_POINT('Ctrl Pts',(-75.692884845306,224.90940281949,-2.));
#8409=CARTESIAN_POINT('Ctrl Pts',(-75.692884845306,224.90940281949,3.));
#8410=CARTESIAN_POINT('Ctrl Pts',(-75.6975148087893,224.871270278603,-2.));
#8411=CARTESIAN_POINT('Ctrl Pts',(-75.6975148087893,224.871270278603,3.));
#8412=CARTESIAN_POINT('Ctrl Pts',(-75.7019403905323,224.833173069611,-2.));
#8413=CARTESIAN_POINT('Ctrl Pts',(-75.7019403905323,224.833173069611,3.));
#8414=CARTESIAN_POINT('Ctrl Pts',(-75.7061603447422,224.795112235691,-2.));
#8415=CARTESIAN_POINT('Ctrl Pts',(-75.7061603447422,224.795112235691,3.));
#8416=CARTESIAN_POINT('Ctrl Pts',(-75.7101734094092,224.757088838959,-2.));
#8417=CARTESIAN_POINT('Ctrl Pts',(-75.7101734094092,224.757088838959,3.));
#8418=CARTESIAN_POINT('Ctrl Pts',(-75.7139783286772,224.719103942469,-2.));
#8419=CARTESIAN_POINT('Ctrl Pts',(-75.7139783286772,224.719103942469,3.));
#8420=CARTESIAN_POINT('Ctrl Pts',(-75.7175738903511,224.681158585375,-2.));
#8421=CARTESIAN_POINT('Ctrl Pts',(-75.7175738903511,224.681158585375,3.));
#8422=CARTESIAN_POINT('Ctrl Pts',(-75.7209588908088,224.643253795296,-2.));
#8423=CARTESIAN_POINT('Ctrl Pts',(-75.7209588908088,224.643253795296,3.));
#8424=CARTESIAN_POINT('Ctrl Pts',(-75.7241320723548,224.605390615498,-2.));
#8425=CARTESIAN_POINT('Ctrl Pts',(-75.7241320723548,224.605390615498,3.));
#8426=CARTESIAN_POINT('Ctrl Pts',(-75.7270920664687,224.567570128707,-2.));
#8427=CARTESIAN_POINT('Ctrl Pts',(-75.7270920664687,224.567570128707,3.));
#8428=CARTESIAN_POINT('Ctrl Pts',(-75.7298373458075,224.529793478328,-2.));
#8429=CARTESIAN_POINT('Ctrl Pts',(-75.7298373458075,224.529793478328,3.));
#8430=CARTESIAN_POINT('Ctrl Pts',(-75.7323661492661,224.492061899925,-2.));
#8431=CARTESIAN_POINT('Ctrl Pts',(-75.7323661492661,224.492061899925,3.));
#8432=CARTESIAN_POINT('Ctrl Pts',(-75.734676543579,224.454376700755,-2.));
#8433=CARTESIAN_POINT('Ctrl Pts',(-75.734676543579,224.454376700755,3.));
#8434=CARTESIAN_POINT('Ctrl Pts',(-75.7367665484577,224.416739214895,-2.));
#8435=CARTESIAN_POINT('Ctrl Pts',(-75.7367665484577,224.416739214895,3.));
#8436=CARTESIAN_POINT('Ctrl Pts',(-75.7386342540803,224.379150762023,-2.));
#8437=CARTESIAN_POINT('Ctrl Pts',(-75.7386342540803,224.379150762023,3.));
#8438=CARTESIAN_POINT('Ctrl Pts',(-75.7402779191928,224.341612612662,-2.));
#8439=CARTESIAN_POINT('Ctrl Pts',(-75.7402779191928,224.341612612662,3.));
#8440=CARTESIAN_POINT('Ctrl Pts',(-75.7416961399561,224.304125929392,-2.));
#8441=CARTESIAN_POINT('Ctrl Pts',(-75.7416961399561,224.304125929392,3.));
#8442=CARTESIAN_POINT('Ctrl Pts',(-75.7428876990899,224.266691818164,-2.));
#8443=CARTESIAN_POINT('Ctrl Pts',(-75.7428876990899,224.266691818164,3.));
#8444=CARTESIAN_POINT('Ctrl Pts',(-75.7438512497735,224.229311436711,-2.));
#8445=CARTESIAN_POINT('Ctrl Pts',(-75.7438512497735,224.229311436711,3.));
#8446=CARTESIAN_POINT('Ctrl Pts',(-75.7445850270556,224.191986093491,-2.));
#8447=CARTESIAN_POINT('Ctrl Pts',(-75.7445850270556,224.191986093491,3.));
#8448=CARTESIAN_POINT('Ctrl Pts',(-75.745086604291,224.154717331584,-2.));
#8449=CARTESIAN_POINT('Ctrl Pts',(-75.745086604291,224.154717331584,3.));
#8450=CARTESIAN_POINT('Ctrl Pts',(-75.7453524933521,224.117507065723,-2.));
#8451=CARTESIAN_POINT('Ctrl Pts',(-75.7453524933521,224.117507065723,3.));
#8452=CARTESIAN_POINT('Ctrl Pts',(-75.7453784644491,224.080357475045,-2.));
#8453=CARTESIAN_POINT('Ctrl Pts',(-75.7453784644491,224.080357475045,3.));
#8454=CARTESIAN_POINT('Ctrl Pts',(-75.7451602529119,224.043270764459,-2.));
#8455=CARTESIAN_POINT('Ctrl Pts',(-75.7451602529119,224.043270764459,3.));
#8456=CARTESIAN_POINT('Ctrl Pts',(-75.744694207826,224.006248945982,-2.));
#8457=CARTESIAN_POINT('Ctrl Pts',(-75.744694207826,224.006248945982,3.));
#8458=CARTESIAN_POINT('Ctrl Pts',(-75.7439778362804,223.969293655453,-2.));
#8459=CARTESIAN_POINT('Ctrl Pts',(-75.7439778362804,223.969293655453,3.));
#8460=CARTESIAN_POINT('Ctrl Pts',(-75.7430107225108,223.932405842518,-2.));
#8461=CARTESIAN_POINT('Ctrl Pts',(-75.7430107225108,223.932405842518,3.));
#8462=CARTESIAN_POINT('Ctrl Pts',(-75.7417937209965,223.895586044846,-2.));
#8463=CARTESIAN_POINT('Ctrl Pts',(-75.7417937209965,223.895586044846,3.));
#8464=CARTESIAN_POINT('Ctrl Pts',(-75.7403272505122,223.858834966772,-2.));
#8465=CARTESIAN_POINT('Ctrl Pts',(-75.7403272505122,223.858834966772,3.));
#8466=CARTESIAN_POINT('Ctrl Pts',(-75.7386097324185,223.822154009135,-2.));
#8467=CARTESIAN_POINT('Ctrl Pts',(-75.7386097324185,223.822154009135,3.));
#8468=CARTESIAN_POINT('Ctrl Pts',(-75.7366362670858,223.78554571883,-2.));
#8469=CARTESIAN_POINT('Ctrl Pts',(-75.7366362670858,223.78554571883,3.));
#8470=CARTESIAN_POINT('Ctrl Pts',(-75.7343964578601,223.749014526452,-2.));
#8471=CARTESIAN_POINT('Ctrl Pts',(-75.7343964578601,223.749014526452,3.));
#8472=CARTESIAN_POINT('Ctrl Pts',(-75.7318763545954,223.712566092232,-2.));
#8473=CARTESIAN_POINT('Ctrl Pts',(-75.7318763545954,223.712566092232,3.));
#8474=CARTESIAN_POINT('Ctrl Pts',(-75.7290623299804,223.676205999169,-2.));
#8475=CARTESIAN_POINT('Ctrl Pts',(-75.7290623299804,223.676205999169,3.));
#8476=CARTESIAN_POINT('Ctrl Pts',(-75.7259446549211,223.639938547727,-2.));
#8477=CARTESIAN_POINT('Ctrl Pts',(-75.7259446549211,223.639938547727,3.));
#8478=CARTESIAN_POINT('Ctrl Pts',(-75.7225205291136,223.603765735173,-2.));
#8479=CARTESIAN_POINT('Ctrl Pts',(-75.7225205291136,223.603765735173,3.));
#8480=CARTESIAN_POINT('Ctrl Pts',(-75.71879906432,223.567685574037,-2.));
#8481=CARTESIAN_POINT('Ctrl Pts',(-75.71879906432,223.567685574037,3.));
#8482=CARTESIAN_POINT('Ctrl Pts',(-75.7147960820401,223.531693858212,-2.));
#8483=CARTESIAN_POINT('Ctrl Pts',(-75.7147960820401,223.531693858212,3.));
#8484=CARTESIAN_POINT('Ctrl Pts',(-75.7105249193812,223.495787280472,-2.));
#8485=CARTESIAN_POINT('Ctrl Pts',(-75.7105249193812,223.495787280472,3.));
#8486=CARTESIAN_POINT('Ctrl Pts',(-75.7059878849282,223.459966329617,-2.));
#8487=CARTESIAN_POINT('Ctrl Pts',(-75.7059878849282,223.459966329617,3.));
#8488=CARTESIAN_POINT('Ctrl Pts',(-75.70116885667,223.42423780223,-2.));
#8489=CARTESIAN_POINT('Ctrl Pts',(-75.70116885667,223.42423780223,3.));
#8490=CARTESIAN_POINT('Ctrl Pts',(-75.6960217313899,223.388618715925,-2.));
#8491=CARTESIAN_POINT('Ctrl Pts',(-75.6960217313899,223.388618715925,3.));
#8492=CARTESIAN_POINT('Ctrl Pts',(-75.6904837469847,223.353131821538,-2.));
#8493=CARTESIAN_POINT('Ctrl Pts',(-75.6904837469847,223.353131821538,3.));
#8494=CARTESIAN_POINT('Ctrl Pts',(-75.6844961946348,223.317798622747,-2.));
#8495=CARTESIAN_POINT('Ctrl Pts',(-75.6844961946348,223.317798622747,3.));
#8496=CARTESIAN_POINT('Ctrl Pts',(-75.6780239099667,223.282632801155,-2.));
#8497=CARTESIAN_POINT('Ctrl Pts',(-75.6780239099667,223.282632801155,3.));
#8498=CARTESIAN_POINT('Ctrl Pts',(-75.6710725202991,223.24763441579,-2.));
#8499=CARTESIAN_POINT('Ctrl Pts',(-75.6710725202991,223.24763441579,3.));
#8500=CARTESIAN_POINT('Ctrl Pts',(-75.6637139500701,223.212781271554,-2.));
#8501=CARTESIAN_POINT('Ctrl Pts',(-75.6637139500701,223.212781271554,3.));
#8502=CARTESIAN_POINT('Ctrl Pts',(-75.6560484268975,223.178042037521,-2.));
#8503=CARTESIAN_POINT('Ctrl Pts',(-75.6560484268975,223.178042037521,3.));
#8504=CARTESIAN_POINT('Ctrl Pts',(-75.648153711046,223.14339373532,-2.));
#8505=CARTESIAN_POINT('Ctrl Pts',(-75.648153711046,223.14339373532,3.));
#8506=CARTESIAN_POINT('Ctrl Pts',(-75.6400372458586,223.108838240809,-2.));
#8507=CARTESIAN_POINT('Ctrl Pts',(-75.6400372458586,223.108838240809,3.));
#8508=CARTESIAN_POINT('Ctrl Pts',(-75.6315903584168,223.074418054088,-2.));
#8509=CARTESIAN_POINT('Ctrl Pts',(-75.6315903584168,223.074418054088,3.));
#8510=CARTESIAN_POINT('Ctrl Pts',(-75.6225324795014,223.040235567451,-2.));
#8511=CARTESIAN_POINT('Ctrl Pts',(-75.6225324795014,223.040235567451,3.));
#8512=CARTESIAN_POINT('Ctrl Pts',(-75.612488129257,223.006425881981,-2.));
#8513=CARTESIAN_POINT('Ctrl Pts',(-75.612488129257,223.006425881981,3.));
#8514=CARTESIAN_POINT('Ctrl Pts',(-75.6033597720524,222.979785019402,-2.));
#8515=CARTESIAN_POINT('Ctrl Pts',(-75.6033597720524,222.979785019402,3.));
#8516=CARTESIAN_POINT('Ctrl Pts',(-75.5957646505506,222.960081063446,-2.));
#8517=CARTESIAN_POINT('Ctrl Pts',(-75.5957646505506,222.960081063446,3.));
#8518=CARTESIAN_POINT('Ctrl Pts',(-75.5903512978373,222.947074154175,-2.));
#8519=CARTESIAN_POINT('Ctrl Pts',(-75.5903512978373,222.947074154175,3.));
#8520=CARTESIAN_POINT('Ctrl Pts',(-75.5875571360518,222.940602965173,-2.));
#8521=CARTESIAN_POINT('Ctrl Pts',(-75.5875571360518,222.940602965173,3.));
#8522=CARTESIAN_POINT('',(-75.591807435958,225.523584946756,-2.));
#8523=CARTESIAN_POINT('Origin',(-69.9999999999992,209.999999999998,-2.));
#8524=CARTESIAN_POINT('',(-74.6006670494507,225.845625980065,-2.));
#8525=CARTESIAN_POINT('Ctrl Pts',(-73.085866898594,223.753451397197,-2.));
#8526=CARTESIAN_POINT('Ctrl Pts',(-73.085866898594,223.753451397197,3.));
#8527=CARTESIAN_POINT('Ctrl Pts',(-73.0874100436846,223.760329066163,-2.));
#8528=CARTESIAN_POINT('Ctrl Pts',(-73.0874100436846,223.760329066163,3.));
#8529=CARTESIAN_POINT('Ctrl Pts',(-73.0906758187906,223.774033765698,-2.));
#8530=CARTESIAN_POINT('Ctrl Pts',(-73.0906758187906,223.774033765698,3.));
#8531=CARTESIAN_POINT('Ctrl Pts',(-73.0961129311441,223.794438901331,-2.));
#8532=CARTESIAN_POINT('Ctrl Pts',(-73.0961129311441,223.794438901331,3.));
#8533=CARTESIAN_POINT('Ctrl Pts',(-73.1043870411671,223.821357325645,-2.));
#8534=CARTESIAN_POINT('Ctrl Pts',(-73.1043870411671,223.821357325645,3.));
#8535=CARTESIAN_POINT('Ctrl Pts',(-73.1161338256257,223.854613856707,-2.));
#8536=CARTESIAN_POINT('Ctrl Pts',(-73.1161338256257,223.854613856707,3.));
#8537=CARTESIAN_POINT('Ctrl Pts',(-73.1288978091819,223.887592156949,-2.));
#8538=CARTESIAN_POINT('Ctrl Pts',(-73.1288978091819,223.887592156949,3.));
#8539=CARTESIAN_POINT('Ctrl Pts',(-73.142295811828,223.920403628823,-2.));
#8540=CARTESIAN_POINT('Ctrl Pts',(-73.142295811828,223.920403628823,3.));
#8541=CARTESIAN_POINT('Ctrl Pts',(-73.1560406636161,223.953130349669,-2.));
#8542=CARTESIAN_POINT('Ctrl Pts',(-73.1560406636161,223.953130349669,3.));
#8543=CARTESIAN_POINT('Ctrl Pts',(-73.1700194653775,223.985801812525,-2.));
#8544=CARTESIAN_POINT('Ctrl Pts',(-73.1700194653775,223.985801812525,3.));
#8545=CARTESIAN_POINT('Ctrl Pts',(-73.1842371363003,224.0184121247,-2.));
#8546=CARTESIAN_POINT('Ctrl Pts',(-73.1842371363003,224.0184121247,3.));
#8547=CARTESIAN_POINT('Ctrl Pts',(-73.1987700921087,224.050934169753,-2.));
#8548=CARTESIAN_POINT('Ctrl Pts',(-73.1987700921087,224.050934169753,3.));
#8549=CARTESIAN_POINT('Ctrl Pts',(-73.2137178345046,224.083334382619,-2.));
#8550=CARTESIAN_POINT('Ctrl Pts',(-73.2137178345046,224.083334382619,3.));
#8551=CARTESIAN_POINT('Ctrl Pts',(-73.2291515975327,224.115588443385,-2.));
#8552=CARTESIAN_POINT('Ctrl Pts',(-73.2291515975327,224.115588443385,3.));
#8553=CARTESIAN_POINT('Ctrl Pts',(-73.2450758990925,224.147692996641,-2.));
#8554=CARTESIAN_POINT('Ctrl Pts',(-73.2450758990925,224.147692996641,3.));
#8555=CARTESIAN_POINT('Ctrl Pts',(-73.2614542487643,224.179657642838,-2.));
#8556=CARTESIAN_POINT('Ctrl Pts',(-73.2614542487643,224.179657642838,3.));
#8557=CARTESIAN_POINT('Ctrl Pts',(-73.2782265105704,224.211499493314,-2.));
#8558=CARTESIAN_POINT('Ctrl Pts',(-73.2782265105704,224.211499493314,3.));
#8559=CARTESIAN_POINT('Ctrl Pts',(-73.2953285362976,224.243237032895,-2.));
#8560=CARTESIAN_POINT('Ctrl Pts',(-73.2953285362976,224.243237032895,3.));
#8561=CARTESIAN_POINT('Ctrl Pts',(-73.3127130249565,224.274883592832,-2.));
#8562=CARTESIAN_POINT('Ctrl Pts',(-73.3127130249565,224.274883592832,3.));
#8563=CARTESIAN_POINT('Ctrl Pts',(-73.3303629386358,224.306443150855,-2.));
#8564=CARTESIAN_POINT('Ctrl Pts',(-73.3303629386358,224.306443150855,3.));
#8565=CARTESIAN_POINT('Ctrl Pts',(-73.3482798577099,224.337913954563,-2.));
#8566=CARTESIAN_POINT('Ctrl Pts',(-73.3482798577099,224.337913954563,3.));
#8567=CARTESIAN_POINT('Ctrl Pts',(-73.366476516064,224.369290840205,-2.));
#8568=CARTESIAN_POINT('Ctrl Pts',(-73.366476516064,224.369290840205,3.));
#8569=CARTESIAN_POINT('Ctrl Pts',(-73.3849681858481,224.400567910947,-2.));
#8570=CARTESIAN_POINT('Ctrl Pts',(-73.3849681858481,224.400567910947,3.));
#8571=CARTESIAN_POINT('Ctrl Pts',(-73.4037634068382,224.431741418927,-2.));
#8572=CARTESIAN_POINT('Ctrl Pts',(-73.4037634068382,224.431741418927,3.));
#8573=CARTESIAN_POINT('Ctrl Pts',(-73.4228587395761,224.4628113943,-2.));
#8574=CARTESIAN_POINT('Ctrl Pts',(-73.4228587395761,224.4628113943,3.));
#8575=CARTESIAN_POINT('Ctrl Pts',(-73.4422437853115,224.493780076536,-2.));
#8576=CARTESIAN_POINT('Ctrl Pts',(-73.4422437853115,224.493780076536,3.));
#8577=CARTESIAN_POINT('Ctrl Pts',(-73.4619042377119,224.524650958826,-2.));
#8578=CARTESIAN_POINT('Ctrl Pts',(-73.4619042377119,224.524650958826,3.));
#8579=CARTESIAN_POINT('Ctrl Pts',(-73.4818254838726,224.555427661635,-2.));
#8580=CARTESIAN_POINT('Ctrl Pts',(-73.4818254838726,224.555427661635,3.));
#8581=CARTESIAN_POINT('Ctrl Pts',(-73.5019965084857,224.58611271154,-2.));
#8582=CARTESIAN_POINT('Ctrl Pts',(-73.5019965084857,224.58611271154,3.));
#8583=CARTESIAN_POINT('Ctrl Pts',(-73.5224118506398,224.616706927987,-2.));
#8584=CARTESIAN_POINT('Ctrl Pts',(-73.5224118506398,224.616706927987,3.));
#8585=CARTESIAN_POINT('Ctrl Pts',(-73.5430694097967,224.647210105575,-2.));
#8586=CARTESIAN_POINT('Ctrl Pts',(-73.5430694097967,224.647210105575,3.));
#8587=CARTESIAN_POINT('Ctrl Pts',(-73.5639691107544,224.677621428336,-2.));
#8588=CARTESIAN_POINT('Ctrl Pts',(-73.5639691107544,224.677621428336,3.));
#8589=CARTESIAN_POINT('Ctrl Pts',(-73.5851113287667,224.707939959036,-2.));
#8590=CARTESIAN_POINT('Ctrl Pts',(-73.5851113287667,224.707939959036,3.));
#8591=CARTESIAN_POINT('Ctrl Pts',(-73.6064951692858,224.738165173775,-2.));
#8592=CARTESIAN_POINT('Ctrl Pts',(-73.6064951692858,224.738165173775,3.));
#8593=CARTESIAN_POINT('Ctrl Pts',(-73.6281176539825,224.768297214428,-2.));
#8594=CARTESIAN_POINT('Ctrl Pts',(-73.6281176539825,224.768297214428,3.));
#8595=CARTESIAN_POINT('Ctrl Pts',(-73.6499746465704,224.798336599192,-2.));
#8596=CARTESIAN_POINT('Ctrl Pts',(-73.6499746465704,224.798336599192,3.));
#8597=CARTESIAN_POINT('Ctrl Pts',(-73.6720614008462,224.82828405097,-2.));
#8598=CARTESIAN_POINT('Ctrl Pts',(-73.6720614008462,224.82828405097,3.));
#8599=CARTESIAN_POINT('Ctrl Pts',(-73.6943732139739,224.85814029301,-2.));
#8600=CARTESIAN_POINT('Ctrl Pts',(-73.6943732139739,224.85814029301,3.));
#8601=CARTESIAN_POINT('Ctrl Pts',(-73.7169061385465,224.887905826531,-2.));
#8602=CARTESIAN_POINT('Ctrl Pts',(-73.7169061385465,224.887905826531,3.));
#8603=CARTESIAN_POINT('Ctrl Pts',(-73.7396573043682,224.917580829502,-2.));
#8604=CARTESIAN_POINT('Ctrl Pts',(-73.7396573043682,224.917580829502,3.));
#8605=CARTESIAN_POINT('Ctrl Pts',(-73.7626245144696,224.947165280769,-2.));
#8606=CARTESIAN_POINT('Ctrl Pts',(-73.7626245144696,224.947165280769,3.));
#8607=CARTESIAN_POINT('Ctrl Pts',(-73.7858059987519,224.976659035347,-2.));
#8608=CARTESIAN_POINT('Ctrl Pts',(-73.7858059987519,224.976659035347,3.));
#8609=CARTESIAN_POINT('Ctrl Pts',(-73.8092001223539,225.006061914005,-2.));
#8610=CARTESIAN_POINT('Ctrl Pts',(-73.8092001223539,225.006061914005,3.));
#8611=CARTESIAN_POINT('Ctrl Pts',(-73.8328050661978,225.03537380135,-2.));
#8612=CARTESIAN_POINT('Ctrl Pts',(-73.8328050661978,225.03537380135,3.));
#8613=CARTESIAN_POINT('Ctrl Pts',(-73.8566186747848,225.064594692991,-2.));
#8614=CARTESIAN_POINT('Ctrl Pts',(-73.8566186747848,225.064594692991,3.));
#8615=CARTESIAN_POINT('Ctrl Pts',(-73.8806386273499,225.093724643853,-2.));
#8616=CARTESIAN_POINT('Ctrl Pts',(-73.8806386273499,225.093724643853,3.));
#8617=CARTESIAN_POINT('Ctrl Pts',(-73.9048625376542,225.122763738626,-2.));
#8618=CARTESIAN_POINT('Ctrl Pts',(-73.9048625376542,225.122763738626,3.));
#8619=CARTESIAN_POINT('Ctrl Pts',(-73.9292880732671,225.151712056064,-2.));
#8620=CARTESIAN_POINT('Ctrl Pts',(-73.9292880732671,225.151712056064,3.));
#8621=CARTESIAN_POINT('Ctrl Pts',(-73.9539130831788,225.180569631727,-2.));
#8622=CARTESIAN_POINT('Ctrl Pts',(-73.9539130831788,225.180569631727,3.));
#8623=CARTESIAN_POINT('Ctrl Pts',(-73.9787356596659,225.209336438329,-2.));
#8624=CARTESIAN_POINT('Ctrl Pts',(-73.9787356596659,225.209336438329,3.));
#8625=CARTESIAN_POINT('Ctrl Pts',(-74.003754059162,225.238012404323,-2.));
#8626=CARTESIAN_POINT('Ctrl Pts',(-74.003754059162,225.238012404323,3.));
#8627=CARTESIAN_POINT('Ctrl Pts',(-74.028966650953,225.266597424944,-2.));
#8628=CARTESIAN_POINT('Ctrl Pts',(-74.028966650953,225.266597424944,3.));
#8629=CARTESIAN_POINT('Ctrl Pts',(-74.0543718572702,225.295091376302,-2.));
#8630=CARTESIAN_POINT('Ctrl Pts',(-74.0543718572702,225.295091376302,3.));
#8631=CARTESIAN_POINT('Ctrl Pts',(-74.0799680866259,225.323494130214,-2.));
#8632=CARTESIAN_POINT('Ctrl Pts',(-74.0799680866259,225.323494130214,3.));
#8633=CARTESIAN_POINT('Ctrl Pts',(-74.1057536981657,225.351805564826,-2.));
#8634=CARTESIAN_POINT('Ctrl Pts',(-74.1057536981657,225.351805564826,3.));
#8635=CARTESIAN_POINT('Ctrl Pts',(-74.1317270466049,225.380025562657,-2.));
#8636=CARTESIAN_POINT('Ctrl Pts',(-74.1317270466049,225.380025562657,3.));
#8637=CARTESIAN_POINT('Ctrl Pts',(-74.1578865109116,225.408154012019,-2.));
#8638=CARTESIAN_POINT('Ctrl Pts',(-74.1578865109116,225.408154012019,3.));
#8639=CARTESIAN_POINT('Ctrl Pts',(-74.1842305259305,225.436190807199,-2.));
#8640=CARTESIAN_POINT('Ctrl Pts',(-74.1842305259305,225.436190807199,3.));
#8641=CARTESIAN_POINT('Ctrl Pts',(-74.2107576166106,225.464135851181,-2.));
#8642=CARTESIAN_POINT('Ctrl Pts',(-74.2107576166106,225.464135851181,3.));
#8643=CARTESIAN_POINT('Ctrl Pts',(-74.237466413669,225.491989053875,-2.));
#8644=CARTESIAN_POINT('Ctrl Pts',(-74.237466413669,225.491989053875,3.));
#8645=CARTESIAN_POINT('Ctrl Pts',(-74.2643556097594,225.519750316464,-2.));
#8646=CARTESIAN_POINT('Ctrl Pts',(-74.2643556097594,225.519750316464,3.));
#8647=CARTESIAN_POINT('Ctrl Pts',(-74.2914239237346,225.547419518127,-2.));
#8648=CARTESIAN_POINT('Ctrl Pts',(-74.2914239237346,225.547419518127,3.));
#8649=CARTESIAN_POINT('Ctrl Pts',(-74.318670062933,225.574996503578,-2.));
#8650=CARTESIAN_POINT('Ctrl Pts',(-74.318670062933,225.574996503578,3.));
#8651=CARTESIAN_POINT('Ctrl Pts',(-74.3460926791363,225.60248106829,-2.));
#8652=CARTESIAN_POINT('Ctrl Pts',(-74.3460926791363,225.60248106829,3.));
#8653=CARTESIAN_POINT('Ctrl Pts',(-74.3736903434001,225.629872953137,-2.));
#8654=CARTESIAN_POINT('Ctrl Pts',(-74.3736903434001,225.629872953137,3.));
#8655=CARTESIAN_POINT('Ctrl Pts',(-74.401461618372,225.657171882733,-2.));
#8656=CARTESIAN_POINT('Ctrl Pts',(-74.401461618372,225.657171882733,3.));
#8657=CARTESIAN_POINT('Ctrl Pts',(-74.4294051168792,225.684377598928,-2.));
#8658=CARTESIAN_POINT('Ctrl Pts',(-74.4294051168792,225.684377598928,3.));
#8659=CARTESIAN_POINT('Ctrl Pts',(-74.4575195637857,225.711489895879,-2.));
#8660=CARTESIAN_POINT('Ctrl Pts',(-74.4575195637857,225.711489895879,3.));
#8661=CARTESIAN_POINT('Ctrl Pts',(-74.4858038573144,225.738508657521,-2.));
#8662=CARTESIAN_POINT('Ctrl Pts',(-74.4858038573144,225.738508657521,3.));
#8663=CARTESIAN_POINT('Ctrl Pts',(-74.5142571237625,225.765433888125,-2.));
#8664=CARTESIAN_POINT('Ctrl Pts',(-74.5142571237625,225.765433888125,3.));
#8665=CARTESIAN_POINT('Ctrl Pts',(-74.5428787031799,225.792265664687,-2.));
#8666=CARTESIAN_POINT('Ctrl Pts',(-74.5428787031799,225.792265664687,3.));
#8667=CARTESIAN_POINT('Ctrl Pts',(-74.5659102525861,225.813656409884,-2.));
#8668=CARTESIAN_POINT('Ctrl Pts',(-74.5659102525861,225.813656409884,3.));
#8669=CARTESIAN_POINT('Ctrl Pts',(-74.5832593318436,225.829657507734,-2.));
#8670=CARTESIAN_POINT('Ctrl Pts',(-74.5832593318436,225.829657507734,3.));
#8671=CARTESIAN_POINT('Ctrl Pts',(-74.5948588923104,225.840306263147,-2.));
#8672=CARTESIAN_POINT('Ctrl Pts',(-74.5948588923104,225.840306263147,3.));
#8673=CARTESIAN_POINT('Ctrl Pts',(-74.6006670494507,225.845625980065,-2.));
#8674=CARTESIAN_POINT('Ctrl Pts',(-74.6006670494507,225.845625980065,3.));
#8675=CARTESIAN_POINT('Origin',(-70.,210.,-2.));
#8676=CARTESIAN_POINT('',(-71.6003184993656,223.167609538204,-2.));
#8677=CARTESIAN_POINT('Origin',(-71.6455610216817,223.539870352921,-2.));
#8678=CARTESIAN_POINT('',(-71.2721970466842,223.574860954146,-2.));
#8679=CARTESIAN_POINT('Origin',(-71.3152163907163,224.033894886897,-2.));
#8680=CARTESIAN_POINT('',(-71.3152163907163,224.033894886897,-2.));
#8681=CARTESIAN_POINT('Origin',(-68.3544389783183,223.539870352921,-2.));
#8682=CARTESIAN_POINT('',(-68.7278029533157,223.574860954146,-2.));
#8683=CARTESIAN_POINT('',(-68.3996815006344,223.167609538204,-2.));
#8684=CARTESIAN_POINT('Origin',(-68.7632455361719,223.196674150944,-2.));
#8685=CARTESIAN_POINT('',(-68.6847836092837,224.033894886897,-2.));
#8686=CARTESIAN_POINT('Ctrl Pts',(-70.5210733376647,226.491770146857,-2.));
#8687=CARTESIAN_POINT('Ctrl Pts',(-70.5210733376647,226.491770146857,3.));
#8688=CARTESIAN_POINT('Ctrl Pts',(-70.5249533404277,226.484915976155,-2.));
#8689=CARTESIAN_POINT('Ctrl Pts',(-70.5249533404277,226.484915976155,3.));
#8690=CARTESIAN_POINT('Ctrl Pts',(-70.5326945316042,226.471203946618,-2.));
#8691=CARTESIAN_POINT('Ctrl Pts',(-70.5326945316042,226.471203946618,3.));
#8692=CARTESIAN_POINT('Ctrl Pts',(-70.5442498753197,226.450624837913,-2.));
#8693=CARTESIAN_POINT('Ctrl Pts',(-70.5442498753197,226.450624837913,3.));
#8694=CARTESIAN_POINT('Ctrl Pts',(-70.5595440766745,226.423163890131,-2.));
#8695=CARTESIAN_POINT('Ctrl Pts',(-70.5595440766745,226.423163890131,3.));
#8696=CARTESIAN_POINT('Ctrl Pts',(-70.5784733413391,226.388800799742,-2.));
#8697=CARTESIAN_POINT('Ctrl Pts',(-70.5784733413391,226.388800799742,3.));
#8698=CARTESIAN_POINT('Ctrl Pts',(-70.5972136519705,226.354400840846,-2.));
#8699=CARTESIAN_POINT('Ctrl Pts',(-70.5972136519705,226.354400840846,3.));
#8700=CARTESIAN_POINT('Ctrl Pts',(-70.6157643571254,226.31996414415,-2.));
#8701=CARTESIAN_POINT('Ctrl Pts',(-70.6157643571254,226.31996414415,3.));
#8702=CARTESIAN_POINT('Ctrl Pts',(-70.6341246245434,226.285490975581,-2.));
#8703=CARTESIAN_POINT('Ctrl Pts',(-70.6341246245434,226.285490975581,3.));
#8704=CARTESIAN_POINT('Ctrl Pts',(-70.6522934422384,226.250981785992,-2.));
#8705=CARTESIAN_POINT('Ctrl Pts',(-70.6522934422384,226.250981785992,3.));
#8706=CARTESIAN_POINT('Ctrl Pts',(-70.6702696610929,226.216437165191,-2.));
#8707=CARTESIAN_POINT('Ctrl Pts',(-70.6702696610929,226.216437165191,3.));
#8708=CARTESIAN_POINT('Ctrl Pts',(-70.6880520415997,226.181857787351,-2.));
#8709=CARTESIAN_POINT('Ctrl Pts',(-70.6880520415997,226.181857787351,3.));
#8710=CARTESIAN_POINT('Ctrl Pts',(-70.7056393018546,226.147244358546,-2.));
#8711=CARTESIAN_POINT('Ctrl Pts',(-70.7056393018546,226.147244358546,3.));
#8712=CARTESIAN_POINT('Ctrl Pts',(-70.7230301629254,226.112597566791,-2.));
#8713=CARTESIAN_POINT('Ctrl Pts',(-70.7230301629254,226.112597566791,3.));
#8714=CARTESIAN_POINT('Ctrl Pts',(-70.7402234057819,226.077918023221,-2.));
#8715=CARTESIAN_POINT('Ctrl Pts',(-70.7402234057819,226.077918023221,3.));
#8716=CARTESIAN_POINT('Ctrl Pts',(-70.7572178490163,226.043206274978,-2.));
#8717=CARTESIAN_POINT('Ctrl Pts',(-70.7572178490163,226.043206274978,3.));
#8718=CARTESIAN_POINT('Ctrl Pts',(-70.7740123115209,226.008462832866,-2.));
#8719=CARTESIAN_POINT('Ctrl Pts',(-70.7740123115209,226.008462832866,3.));
#8720=CARTESIAN_POINT('Ctrl Pts',(-70.7906055804716,225.973688194857,-2.));
#8721=CARTESIAN_POINT('Ctrl Pts',(-70.7906055804716,225.973688194857,3.));
#8722=CARTESIAN_POINT('Ctrl Pts',(-70.8069963814422,225.938882869764,-2.));
#8723=CARTESIAN_POINT('Ctrl Pts',(-70.8069963814422,225.938882869764,3.));
#8724=CARTESIAN_POINT('Ctrl Pts',(-70.8231833415557,225.904047405671,-2.));
#8725=CARTESIAN_POINT('Ctrl Pts',(-70.8231833415557,225.904047405671,3.));
#8726=CARTESIAN_POINT('Ctrl Pts',(-70.8391650049277,225.869182386775,-2.));
#8727=CARTESIAN_POINT('Ctrl Pts',(-70.8391650049277,225.869182386775,3.));
#8728=CARTESIAN_POINT('Ctrl Pts',(-70.854939864379,225.834288420225,-2.));
#8729=CARTESIAN_POINT('Ctrl Pts',(-70.854939864379,225.834288420225,3.));
#8730=CARTESIAN_POINT('Ctrl Pts',(-70.8705063914546,225.799366126174,-2.));
#8731=CARTESIAN_POINT('Ctrl Pts',(-70.8705063914546,225.799366126174,3.));
#8732=CARTESIAN_POINT('Ctrl Pts',(-70.8858630632637,225.764416127562,-2.));
#8733=CARTESIAN_POINT('Ctrl Pts',(-70.8858630632637,225.764416127562,3.));
#8734=CARTESIAN_POINT('Ctrl Pts',(-70.9010084058229,225.729439038097,-2.));
#8735=CARTESIAN_POINT('Ctrl Pts',(-70.9010084058229,225.729439038097,3.));
#8736=CARTESIAN_POINT('Ctrl Pts',(-70.9159409568686,225.69443546316,-2.));
#8737=CARTESIAN_POINT('Ctrl Pts',(-70.9159409568686,225.69443546316,3.));
#8738=CARTESIAN_POINT('Ctrl Pts',(-70.9306591978739,225.65940600631,-2.));
#8739=CARTESIAN_POINT('Ctrl Pts',(-70.9306591978739,225.65940600631,3.));
#8740=CARTESIAN_POINT('Ctrl Pts',(-70.9451614927181,225.624351274382,-2.));
#8741=CARTESIAN_POINT('Ctrl Pts',(-70.9451614927181,225.624351274382,3.));
#8742=CARTESIAN_POINT('Ctrl Pts',(-70.9594460354798,225.589271882846,-2.));
#8743=CARTESIAN_POINT('Ctrl Pts',(-70.9594460354798,225.589271882846,3.));
#8744=CARTESIAN_POINT('Ctrl Pts',(-70.9735107694386,225.55416846258,-2.));
#8745=CARTESIAN_POINT('Ctrl Pts',(-70.9735107694386,225.55416846258,3.));
#8746=CARTESIAN_POINT('Ctrl Pts',(-70.9873534519852,225.519041659447,-2.));
#8747=CARTESIAN_POINT('Ctrl Pts',(-70.9873534519852,225.519041659447,3.));
#8748=CARTESIAN_POINT('Ctrl Pts',(-71.0009717875005,225.483892130289,-2.));
#8749=CARTESIAN_POINT('Ctrl Pts',(-71.0009717875005,225.483892130289,3.));
#8750=CARTESIAN_POINT('Ctrl Pts',(-71.0143635518331,225.448720540025,-2.));
#8751=CARTESIAN_POINT('Ctrl Pts',(-71.0143635518331,225.448720540025,3.));
#8752=CARTESIAN_POINT('Ctrl Pts',(-71.027526696339,225.413527558918,-2.));
#8753=CARTESIAN_POINT('Ctrl Pts',(-71.027526696339,225.413527558918,3.));
#8754=CARTESIAN_POINT('Ctrl Pts',(-71.0404595266305,225.378313858838,-2.));
#8755=CARTESIAN_POINT('Ctrl Pts',(-71.0404595266305,225.378313858838,3.));
#8756=CARTESIAN_POINT('Ctrl Pts',(-71.0531605432479,225.343080115446,-2.));
#8757=CARTESIAN_POINT('Ctrl Pts',(-71.0531605432479,225.343080115446,3.));
#8758=CARTESIAN_POINT('Ctrl Pts',(-71.0656281075298,225.307827013618,-2.));
#8759=CARTESIAN_POINT('Ctrl Pts',(-71.0656281075298,225.307827013618,3.));
#8760=CARTESIAN_POINT('Ctrl Pts',(-71.0778601365712,225.272555252377,-2.));
#8761=CARTESIAN_POINT('Ctrl Pts',(-71.0778601365712,225.272555252377,3.));
#8762=CARTESIAN_POINT('Ctrl Pts',(-71.089853845658,225.2372655494,-2.));
#8763=CARTESIAN_POINT('Ctrl Pts',(-71.089853845658,225.2372655494,3.));
#8764=CARTESIAN_POINT('Ctrl Pts',(-71.1016053256984,225.201958647819,-2.));
#8765=CARTESIAN_POINT('Ctrl Pts',(-71.1016053256984,225.201958647819,3.));
#8766=CARTESIAN_POINT('Ctrl Pts',(-71.1131098805328,225.166635313038,-2.));
#8767=CARTESIAN_POINT('Ctrl Pts',(-71.1131098805328,225.166635313038,3.));
#8768=CARTESIAN_POINT('Ctrl Pts',(-71.1243627728651,225.131296324193,-2.));
#8769=CARTESIAN_POINT('Ctrl Pts',(-71.1243627728651,225.131296324193,3.));
#8770=CARTESIAN_POINT('Ctrl Pts',(-71.1353599087213,225.095942466634,-2.));
#8771=CARTESIAN_POINT('Ctrl Pts',(-71.1353599087213,225.095942466634,3.));
#8772=CARTESIAN_POINT('Ctrl Pts',(-71.1460984117002,225.060574525783,-2.));
#8773=CARTESIAN_POINT('Ctrl Pts',(-71.1460984117002,225.060574525783,3.));
#8774=CARTESIAN_POINT('Ctrl Pts',(-71.15657759293,225.025193276329,-2.));
#8775=CARTESIAN_POINT('Ctrl Pts',(-71.15657759293,225.025193276329,3.));
#8776=CARTESIAN_POINT('Ctrl Pts',(-71.1667980989197,224.989799493674,-2.));
#8777=CARTESIAN_POINT('Ctrl Pts',(-71.1667980989197,224.989799493674,3.));
#8778=CARTESIAN_POINT('Ctrl Pts',(-71.176760110296,224.954393977089,-2.));
#8779=CARTESIAN_POINT('Ctrl Pts',(-71.176760110296,224.954393977089,3.));
#8780=CARTESIAN_POINT('Ctrl Pts',(-71.186461692801,224.918977571025,-2.));
#8781=CARTESIAN_POINT('Ctrl Pts',(-71.186461692801,224.918977571025,3.));
#8782=CARTESIAN_POINT('Ctrl Pts',(-71.1958973995757,224.883551183655,-2.));
#8783=CARTESIAN_POINT('Ctrl Pts',(-71.1958973995757,224.883551183655,3.));
#8784=CARTESIAN_POINT('Ctrl Pts',(-71.2050559736858,224.848115815982,-2.));
#8785=CARTESIAN_POINT('Ctrl Pts',(-71.2050559736858,224.848115815982,3.));
#8786=CARTESIAN_POINT('Ctrl Pts',(-71.2139223986467,224.812672540371,-2.));
#8787=CARTESIAN_POINT('Ctrl Pts',(-71.2139223986467,224.812672540371,3.));
#8788=CARTESIAN_POINT('Ctrl Pts',(-71.222481988873,224.777222455502,-2.));
#8789=CARTESIAN_POINT('Ctrl Pts',(-71.222481988873,224.777222455502,3.));
#8790=CARTESIAN_POINT('Ctrl Pts',(-71.2307241625305,224.741766644902,-2.));
#8791=CARTESIAN_POINT('Ctrl Pts',(-71.2307241625305,224.741766644902,3.));
#8792=CARTESIAN_POINT('Ctrl Pts',(-71.2386456391822,224.706306142745,-2.));
#8793=CARTESIAN_POINT('Ctrl Pts',(-71.2386456391822,224.706306142745,3.));
#8794=CARTESIAN_POINT('Ctrl Pts',(-71.2462556987909,224.670841874522,-2.));
#8795=CARTESIAN_POINT('Ctrl Pts',(-71.2462556987909,224.670841874522,3.));
#8796=CARTESIAN_POINT('Ctrl Pts',(-71.2535706882557,224.635374729101,-2.));
#8797=CARTESIAN_POINT('Ctrl Pts',(-71.2535706882557,224.635374729101,3.));
#8798=CARTESIAN_POINT('Ctrl Pts',(-71.2606043139084,224.599905682516,-2.));
#8799=CARTESIAN_POINT('Ctrl Pts',(-71.2606043139084,224.599905682516,3.));
#8800=CARTESIAN_POINT('Ctrl Pts',(-71.267358620296,224.564435913036,-2.));
#8801=CARTESIAN_POINT('Ctrl Pts',(-71.267358620296,224.564435913036,3.));
#8802=CARTESIAN_POINT('Ctrl Pts',(-71.2738161742155,224.528966902618,-2.));
#8803=CARTESIAN_POINT('Ctrl Pts',(-71.2738161742155,224.528966902618,3.));
#8804=CARTESIAN_POINT('Ctrl Pts',(-71.2799278701698,224.4935005893,-2.));
#8805=CARTESIAN_POINT('Ctrl Pts',(-71.2799278701698,224.4935005893,3.));
#8806=CARTESIAN_POINT('Ctrl Pts',(-71.2856269874572,224.458039215855,-2.));
#8807=CARTESIAN_POINT('Ctrl Pts',(-71.2856269874572,224.458039215855,3.));
#8808=CARTESIAN_POINT('Ctrl Pts',(-71.2908510456702,224.422585091473,-2.));
#8809=CARTESIAN_POINT('Ctrl Pts',(-71.2908510456702,224.422585091473,3.));
#8810=CARTESIAN_POINT('Ctrl Pts',(-71.2955623736547,224.387140361741,-2.));
#8811=CARTESIAN_POINT('Ctrl Pts',(-71.2955623736547,224.387140361741,3.));
#8812=CARTESIAN_POINT('Ctrl Pts',(-71.2997663050674,224.351706821738,-2.));
#8813=CARTESIAN_POINT('Ctrl Pts',(-71.2997663050674,224.351706821738,3.));
#8814=CARTESIAN_POINT('Ctrl Pts',(-71.3035381027768,224.316285588544,-2.));
#8815=CARTESIAN_POINT('Ctrl Pts',(-71.3035381027768,224.316285588544,3.));
#8816=CARTESIAN_POINT('Ctrl Pts',(-71.3069827707003,224.280877836715,-2.));
#8817=CARTESIAN_POINT('Ctrl Pts',(-71.3069827707003,224.280877836715,3.));
#8818=CARTESIAN_POINT('Ctrl Pts',(-71.3101813639519,224.245485741764,-2.));
#8819=CARTESIAN_POINT('Ctrl Pts',(-71.3101813639519,224.245485741764,3.));
#8820=CARTESIAN_POINT('Ctrl Pts',(-71.3131403818989,224.210113387859,-2.));
#8821=CARTESIAN_POINT('Ctrl Pts',(-71.3131403818989,224.210113387859,3.));
#8822=CARTESIAN_POINT('Ctrl Pts',(-71.3157433372015,224.174767613216,-2.));
#8823=CARTESIAN_POINT('Ctrl Pts',(-71.3157433372015,224.174767613216,3.));
#8824=CARTESIAN_POINT('Ctrl Pts',(-71.317691751716,224.139459098039,-2.));
#8825=CARTESIAN_POINT('Ctrl Pts',(-71.317691751716,224.139459098039,3.));
#8826=CARTESIAN_POINT('Ctrl Pts',(-71.3185867743487,224.104200301436,-2.));
#8827=CARTESIAN_POINT('Ctrl Pts',(-71.3185867743487,224.104200301436,3.));
#8828=CARTESIAN_POINT('Ctrl Pts',(-71.3181376700279,224.076042517974,-2.));
#8829=CARTESIAN_POINT('Ctrl Pts',(-71.3181376700279,224.076042517974,3.));
#8830=CARTESIAN_POINT('Ctrl Pts',(-71.3170031374784,224.054955920647,-2.));
#8831=CARTESIAN_POINT('Ctrl Pts',(-71.3170031374784,224.054955920647,3.));
#8832=CARTESIAN_POINT('Ctrl Pts',(-71.3158740891145,224.040912796842,-2.));
#8833=CARTESIAN_POINT('Ctrl Pts',(-71.3158740891145,224.040912796842,3.));
#8834=CARTESIAN_POINT('Ctrl Pts',(-71.3152163907163,224.033894886897,-2.));
#8835=CARTESIAN_POINT('Ctrl Pts',(-71.3152163907163,224.033894886897,3.));
#8836=CARTESIAN_POINT('',(-70.5210733376647,226.491770146857,-2.));
#8837=CARTESIAN_POINT('Origin',(-70.,209.999999999998,-2.));
#8838=CARTESIAN_POINT('',(-69.4789266623353,226.491770146857,-2.));
#8839=CARTESIAN_POINT('Ctrl Pts',(-68.6847836092837,224.033894886897,-2.));
#8840=CARTESIAN_POINT('Ctrl Pts',(-68.6847836092837,224.033894886897,3.));
#8841=CARTESIAN_POINT('Ctrl Pts',(-68.6841259108855,224.040912796842,-2.));
#8842=CARTESIAN_POINT('Ctrl Pts',(-68.6841259108855,224.040912796842,3.));
#8843=CARTESIAN_POINT('Ctrl Pts',(-68.6829968625216,224.054955920647,-2.));
#8844=CARTESIAN_POINT('Ctrl Pts',(-68.6829968625216,224.054955920647,3.));
#8845=CARTESIAN_POINT('Ctrl Pts',(-68.6818623299721,224.076042517974,-2.));
#8846=CARTESIAN_POINT('Ctrl Pts',(-68.6818623299721,224.076042517974,3.));
#8847=CARTESIAN_POINT('Ctrl Pts',(-68.6814132256513,224.104200301436,-2.));
#8848=CARTESIAN_POINT('Ctrl Pts',(-68.6814132256513,224.104200301436,3.));
#8849=CARTESIAN_POINT('Ctrl Pts',(-68.682308248284,224.139459098039,-2.));
#8850=CARTESIAN_POINT('Ctrl Pts',(-68.682308248284,224.139459098039,3.));
#8851=CARTESIAN_POINT('Ctrl Pts',(-68.6842566627985,224.174767613216,-2.));
#8852=CARTESIAN_POINT('Ctrl Pts',(-68.6842566627985,224.174767613216,3.));
#8853=CARTESIAN_POINT('Ctrl Pts',(-68.6868596181011,224.210113387859,-2.));
#8854=CARTESIAN_POINT('Ctrl Pts',(-68.6868596181011,224.210113387859,3.));
#8855=CARTESIAN_POINT('Ctrl Pts',(-68.6898186360481,224.245485741764,-2.));
#8856=CARTESIAN_POINT('Ctrl Pts',(-68.6898186360481,224.245485741764,3.));
#8857=CARTESIAN_POINT('Ctrl Pts',(-68.6930172292997,224.280877836715,-2.));
#8858=CARTESIAN_POINT('Ctrl Pts',(-68.6930172292997,224.280877836715,3.));
#8859=CARTESIAN_POINT('Ctrl Pts',(-68.6964618972232,224.316285588544,-2.));
#8860=CARTESIAN_POINT('Ctrl Pts',(-68.6964618972232,224.316285588544,3.));
#8861=CARTESIAN_POINT('Ctrl Pts',(-68.7002336949326,224.351706821738,-2.));
#8862=CARTESIAN_POINT('Ctrl Pts',(-68.7002336949326,224.351706821738,3.));
#8863=CARTESIAN_POINT('Ctrl Pts',(-68.7044376263453,224.387140361741,-2.));
#8864=CARTESIAN_POINT('Ctrl Pts',(-68.7044376263453,224.387140361741,3.));
#8865=CARTESIAN_POINT('Ctrl Pts',(-68.7091489543298,224.422585091473,-2.));
#8866=CARTESIAN_POINT('Ctrl Pts',(-68.7091489543298,224.422585091473,3.));
#8867=CARTESIAN_POINT('Ctrl Pts',(-68.7143730125428,224.458039215855,-2.));
#8868=CARTESIAN_POINT('Ctrl Pts',(-68.7143730125428,224.458039215855,3.));
#8869=CARTESIAN_POINT('Ctrl Pts',(-68.7200721298302,224.4935005893,-2.));
#8870=CARTESIAN_POINT('Ctrl Pts',(-68.7200721298302,224.4935005893,3.));
#8871=CARTESIAN_POINT('Ctrl Pts',(-68.7261838257845,224.528966902618,-2.));
#8872=CARTESIAN_POINT('Ctrl Pts',(-68.7261838257845,224.528966902618,3.));
#8873=CARTESIAN_POINT('Ctrl Pts',(-68.732641379704,224.564435913036,-2.));
#8874=CARTESIAN_POINT('Ctrl Pts',(-68.732641379704,224.564435913036,3.));
#8875=CARTESIAN_POINT('Ctrl Pts',(-68.7393956860916,224.599905682516,-2.));
#8876=CARTESIAN_POINT('Ctrl Pts',(-68.7393956860916,224.599905682516,3.));
#8877=CARTESIAN_POINT('Ctrl Pts',(-68.7464293117443,224.635374729101,-2.));
#8878=CARTESIAN_POINT('Ctrl Pts',(-68.7464293117443,224.635374729101,3.));
#8879=CARTESIAN_POINT('Ctrl Pts',(-68.7537443012091,224.670841874522,-2.));
#8880=CARTESIAN_POINT('Ctrl Pts',(-68.7537443012091,224.670841874522,3.));
#8881=CARTESIAN_POINT('Ctrl Pts',(-68.7613543608178,224.706306142745,-2.));
#8882=CARTESIAN_POINT('Ctrl Pts',(-68.7613543608178,224.706306142745,3.));
#8883=CARTESIAN_POINT('Ctrl Pts',(-68.7692758374695,224.741766644902,-2.));
#8884=CARTESIAN_POINT('Ctrl Pts',(-68.7692758374695,224.741766644902,3.));
#8885=CARTESIAN_POINT('Ctrl Pts',(-68.777518011127,224.777222455502,-2.));
#8886=CARTESIAN_POINT('Ctrl Pts',(-68.777518011127,224.777222455502,3.));
#8887=CARTESIAN_POINT('Ctrl Pts',(-68.7860776013533,224.812672540371,-2.));
#8888=CARTESIAN_POINT('Ctrl Pts',(-68.7860776013533,224.812672540371,3.));
#8889=CARTESIAN_POINT('Ctrl Pts',(-68.7949440263142,224.848115815982,-2.));
#8890=CARTESIAN_POINT('Ctrl Pts',(-68.7949440263142,224.848115815982,3.));
#8891=CARTESIAN_POINT('Ctrl Pts',(-68.8041026004243,224.883551183655,-2.));
#8892=CARTESIAN_POINT('Ctrl Pts',(-68.8041026004243,224.883551183655,3.));
#8893=CARTESIAN_POINT('Ctrl Pts',(-68.813538307199,224.918977571025,-2.));
#8894=CARTESIAN_POINT('Ctrl Pts',(-68.813538307199,224.918977571025,3.));
#8895=CARTESIAN_POINT('Ctrl Pts',(-68.823239889704,224.954393977089,-2.));
#8896=CARTESIAN_POINT('Ctrl Pts',(-68.823239889704,224.954393977089,3.));
#8897=CARTESIAN_POINT('Ctrl Pts',(-68.8332019010803,224.989799493674,-2.));
#8898=CARTESIAN_POINT('Ctrl Pts',(-68.8332019010803,224.989799493674,3.));
#8899=CARTESIAN_POINT('Ctrl Pts',(-68.84342240707,225.025193276329,-2.));
#8900=CARTESIAN_POINT('Ctrl Pts',(-68.84342240707,225.025193276329,3.));
#8901=CARTESIAN_POINT('Ctrl Pts',(-68.8539015882998,225.060574525783,-2.));
#8902=CARTESIAN_POINT('Ctrl Pts',(-68.8539015882998,225.060574525783,3.));
#8903=CARTESIAN_POINT('Ctrl Pts',(-68.8646400912787,225.095942466634,-2.));
#8904=CARTESIAN_POINT('Ctrl Pts',(-68.8646400912787,225.095942466634,3.));
#8905=CARTESIAN_POINT('Ctrl Pts',(-68.8756372271349,225.131296324193,-2.));
#8906=CARTESIAN_POINT('Ctrl Pts',(-68.8756372271349,225.131296324193,3.));
#8907=CARTESIAN_POINT('Ctrl Pts',(-68.8868901194672,225.166635313038,-2.));
#8908=CARTESIAN_POINT('Ctrl Pts',(-68.8868901194672,225.166635313038,3.));
#8909=CARTESIAN_POINT('Ctrl Pts',(-68.8983946743016,225.201958647819,-2.));
#8910=CARTESIAN_POINT('Ctrl Pts',(-68.8983946743016,225.201958647819,3.));
#8911=CARTESIAN_POINT('Ctrl Pts',(-68.910146154342,225.2372655494,-2.));
#8912=CARTESIAN_POINT('Ctrl Pts',(-68.910146154342,225.2372655494,3.));
#8913=CARTESIAN_POINT('Ctrl Pts',(-68.9221398634288,225.272555252377,-2.));
#8914=CARTESIAN_POINT('Ctrl Pts',(-68.9221398634288,225.272555252377,3.));
#8915=CARTESIAN_POINT('Ctrl Pts',(-68.9343718924702,225.307827013618,-2.));
#8916=CARTESIAN_POINT('Ctrl Pts',(-68.9343718924702,225.307827013618,3.));
#8917=CARTESIAN_POINT('Ctrl Pts',(-68.9468394567521,225.343080115446,-2.));
#8918=CARTESIAN_POINT('Ctrl Pts',(-68.9468394567521,225.343080115446,3.));
#8919=CARTESIAN_POINT('Ctrl Pts',(-68.9595404733695,225.378313858838,-2.));
#8920=CARTESIAN_POINT('Ctrl Pts',(-68.9595404733695,225.378313858838,3.));
#8921=CARTESIAN_POINT('Ctrl Pts',(-68.972473303661,225.413527558918,-2.));
#8922=CARTESIAN_POINT('Ctrl Pts',(-68.972473303661,225.413527558918,3.));
#8923=CARTESIAN_POINT('Ctrl Pts',(-68.9856364481669,225.448720540025,-2.));
#8924=CARTESIAN_POINT('Ctrl Pts',(-68.9856364481669,225.448720540025,3.));
#8925=CARTESIAN_POINT('Ctrl Pts',(-68.9990282124995,225.483892130289,-2.));
#8926=CARTESIAN_POINT('Ctrl Pts',(-68.9990282124995,225.483892130289,3.));
#8927=CARTESIAN_POINT('Ctrl Pts',(-69.0126465480148,225.519041659447,-2.));
#8928=CARTESIAN_POINT('Ctrl Pts',(-69.0126465480148,225.519041659447,3.));
#8929=CARTESIAN_POINT('Ctrl Pts',(-69.0264892305614,225.55416846258,-2.));
#8930=CARTESIAN_POINT('Ctrl Pts',(-69.0264892305614,225.55416846258,3.));
#8931=CARTESIAN_POINT('Ctrl Pts',(-69.0405539645202,225.589271882846,-2.));
#8932=CARTESIAN_POINT('Ctrl Pts',(-69.0405539645202,225.589271882846,3.));
#8933=CARTESIAN_POINT('Ctrl Pts',(-69.0548385072819,225.624351274382,-2.));
#8934=CARTESIAN_POINT('Ctrl Pts',(-69.0548385072819,225.624351274382,3.));
#8935=CARTESIAN_POINT('Ctrl Pts',(-69.0693408021261,225.65940600631,-2.));
#8936=CARTESIAN_POINT('Ctrl Pts',(-69.0693408021261,225.65940600631,3.));
#8937=CARTESIAN_POINT('Ctrl Pts',(-69.0840590431314,225.69443546316,-2.));
#8938=CARTESIAN_POINT('Ctrl Pts',(-69.0840590431314,225.69443546316,3.));
#8939=CARTESIAN_POINT('Ctrl Pts',(-69.0989915941771,225.729439038097,-2.));
#8940=CARTESIAN_POINT('Ctrl Pts',(-69.0989915941771,225.729439038097,3.));
#8941=CARTESIAN_POINT('Ctrl Pts',(-69.1141369367363,225.764416127562,-2.));
#8942=CARTESIAN_POINT('Ctrl Pts',(-69.1141369367363,225.764416127562,3.));
#8943=CARTESIAN_POINT('Ctrl Pts',(-69.1294936085454,225.799366126174,-2.));
#8944=CARTESIAN_POINT('Ctrl Pts',(-69.1294936085454,225.799366126174,3.));
#8945=CARTESIAN_POINT('Ctrl Pts',(-69.145060135621,225.834288420225,-2.));
#8946=CARTESIAN_POINT('Ctrl Pts',(-69.145060135621,225.834288420225,3.));
#8947=CARTESIAN_POINT('Ctrl Pts',(-69.1608349950723,225.869182386775,-2.));
#8948=CARTESIAN_POINT('Ctrl Pts',(-69.1608349950723,225.869182386775,3.));
#8949=CARTESIAN_POINT('Ctrl Pts',(-69.1768166584443,225.904047405671,-2.));
#8950=CARTESIAN_POINT('Ctrl Pts',(-69.1768166584443,225.904047405671,3.));
#8951=CARTESIAN_POINT('Ctrl Pts',(-69.1930036185578,225.938882869764,-2.));
#8952=CARTESIAN_POINT('Ctrl Pts',(-69.1930036185578,225.938882869764,3.));
#8953=CARTESIAN_POINT('Ctrl Pts',(-69.2093944195284,225.973688194857,-2.));
#8954=CARTESIAN_POINT('Ctrl Pts',(-69.2093944195284,225.973688194857,3.));
#8955=CARTESIAN_POINT('Ctrl Pts',(-69.2259876884791,226.008462832866,-2.));
#8956=CARTESIAN_POINT('Ctrl Pts',(-69.2259876884791,226.008462832866,3.));
#8957=CARTESIAN_POINT('Ctrl Pts',(-69.2427821509837,226.043206274978,-2.));
#8958=CARTESIAN_POINT('Ctrl Pts',(-69.2427821509837,226.043206274978,3.));
#8959=CARTESIAN_POINT('Ctrl Pts',(-69.2597765942181,226.077918023221,-2.));
#8960=CARTESIAN_POINT('Ctrl Pts',(-69.2597765942181,226.077918023221,3.));
#8961=CARTESIAN_POINT('Ctrl Pts',(-69.2769698370746,226.112597566791,-2.));
#8962=CARTESIAN_POINT('Ctrl Pts',(-69.2769698370746,226.112597566791,3.));
#8963=CARTESIAN_POINT('Ctrl Pts',(-69.2943606981454,226.147244358546,-2.));
#8964=CARTESIAN_POINT('Ctrl Pts',(-69.2943606981454,226.147244358546,3.));
#8965=CARTESIAN_POINT('Ctrl Pts',(-69.3119479584003,226.181857787351,-2.));
#8966=CARTESIAN_POINT('Ctrl Pts',(-69.3119479584003,226.181857787351,3.));
#8967=CARTESIAN_POINT('Ctrl Pts',(-69.3297303389071,226.216437165191,-2.));
#8968=CARTESIAN_POINT('Ctrl Pts',(-69.3297303389071,226.216437165191,3.));
#8969=CARTESIAN_POINT('Ctrl Pts',(-69.3477065577616,226.250981785992,-2.));
#8970=CARTESIAN_POINT('Ctrl Pts',(-69.3477065577616,226.250981785992,3.));
#8971=CARTESIAN_POINT('Ctrl Pts',(-69.3658753754566,226.285490975581,-2.));
#8972=CARTESIAN_POINT('Ctrl Pts',(-69.3658753754566,226.285490975581,3.));
#8973=CARTESIAN_POINT('Ctrl Pts',(-69.3842356428746,226.31996414415,-2.));
#8974=CARTESIAN_POINT('Ctrl Pts',(-69.3842356428746,226.31996414415,3.));
#8975=CARTESIAN_POINT('Ctrl Pts',(-69.4027863480295,226.354400840846,-2.));
#8976=CARTESIAN_POINT('Ctrl Pts',(-69.4027863480295,226.354400840846,3.));
#8977=CARTESIAN_POINT('Ctrl Pts',(-69.4215266586609,226.388800799742,-2.));
#8978=CARTESIAN_POINT('Ctrl Pts',(-69.4215266586609,226.388800799742,3.));
#8979=CARTESIAN_POINT('Ctrl Pts',(-69.4404559233255,226.423163890131,-2.));
#8980=CARTESIAN_POINT('Ctrl Pts',(-69.4404559233255,226.423163890131,3.));
#8981=CARTESIAN_POINT('Ctrl Pts',(-69.4557501246803,226.450624837913,-2.));
#8982=CARTESIAN_POINT('Ctrl Pts',(-69.4557501246803,226.450624837913,3.));
#8983=CARTESIAN_POINT('Ctrl Pts',(-69.4673054683958,226.471203946618,-2.));
#8984=CARTESIAN_POINT('Ctrl Pts',(-69.4673054683958,226.471203946618,3.));
#8985=CARTESIAN_POINT('Ctrl Pts',(-69.4750466595723,226.484915976155,-2.));
#8986=CARTESIAN_POINT('Ctrl Pts',(-69.4750466595723,226.484915976155,3.));
#8987=CARTESIAN_POINT('Ctrl Pts',(-69.4789266623353,226.491770146857,-2.));
#8988=CARTESIAN_POINT('Ctrl Pts',(-69.4789266623353,226.491770146857,3.));
#8989=CARTESIAN_POINT('Origin',(-70.,210.,-2.));
#8990=CARTESIAN_POINT('',(-67.4529782143708,223.017666468055,-2.));
#8991=CARTESIAN_POINT('Origin',(-67.3809714919455,223.385688249918,-2.));
#8992=CARTESIAN_POINT('',(-67.0150685601524,223.303590475861,-2.));
#8993=CARTESIAN_POINT('Origin',(-66.914133101406,223.753451397197,-2.));
#8994=CARTESIAN_POINT('',(-66.914133101406,223.753451397197,-2.));
#8995=CARTESIAN_POINT('Origin',(-64.250928426682,222.368675607957,-2.));
#8996=CARTESIAN_POINT('',(-64.5952059776314,222.517329460623,-2.));
#8997=CARTESIAN_POINT('',(-64.4089915404321,222.028615242622,-2.));
#8998=CARTESIAN_POINT('Origin',(-64.7457800262488,222.168604797487,-2.));
#8999=CARTESIAN_POINT('',(-64.4124428639482,222.940602965173,-2.));
#9000=CARTESIAN_POINT('Ctrl Pts',(-65.3993329505493,225.845625980065,-2.));
#9001=CARTESIAN_POINT('Ctrl Pts',(-65.3993329505493,225.845625980065,3.));
#9002=CARTESIAN_POINT('Ctrl Pts',(-65.4051411076896,225.840306263147,-2.));
#9003=CARTESIAN_POINT('Ctrl Pts',(-65.4051411076896,225.840306263147,3.));
#9004=CARTESIAN_POINT('Ctrl Pts',(-65.4167406681564,225.829657507734,-2.));
#9005=CARTESIAN_POINT('Ctrl Pts',(-65.4167406681564,225.829657507734,3.));
#9006=CARTESIAN_POINT('Ctrl Pts',(-65.4340897474139,225.813656409884,-2.));
#9007=CARTESIAN_POINT('Ctrl Pts',(-65.4340897474139,225.813656409884,3.));
#9008=CARTESIAN_POINT('Ctrl Pts',(-65.4571212968201,225.792265664687,-2.));
#9009=CARTESIAN_POINT('Ctrl Pts',(-65.4571212968201,225.792265664687,3.));
#9010=CARTESIAN_POINT('Ctrl Pts',(-65.4857428762375,225.765433888125,-2.));
#9011=CARTESIAN_POINT('Ctrl Pts',(-65.4857428762375,225.765433888125,3.));
#9012=CARTESIAN_POINT('Ctrl Pts',(-65.5141961426856,225.738508657521,-2.));
#9013=CARTESIAN_POINT('Ctrl Pts',(-65.5141961426856,225.738508657521,3.));
#9014=CARTESIAN_POINT('Ctrl Pts',(-65.5424804362143,225.711489895879,-2.));
#9015=CARTESIAN_POINT('Ctrl Pts',(-65.5424804362143,225.711489895879,3.));
#9016=CARTESIAN_POINT('Ctrl Pts',(-65.5705948831208,225.684377598928,-2.));
#9017=CARTESIAN_POINT('Ctrl Pts',(-65.5705948831208,225.684377598928,3.));
#9018=CARTESIAN_POINT('Ctrl Pts',(-65.598538381628,225.657171882733,-2.));
#9019=CARTESIAN_POINT('Ctrl Pts',(-65.598538381628,225.657171882733,3.));
#9020=CARTESIAN_POINT('Ctrl Pts',(-65.6263096565999,225.629872953137,-2.));
#9021=CARTESIAN_POINT('Ctrl Pts',(-65.6263096565999,225.629872953137,3.));
#9022=CARTESIAN_POINT('Ctrl Pts',(-65.6539073208637,225.60248106829,-2.));
#9023=CARTESIAN_POINT('Ctrl Pts',(-65.6539073208637,225.60248106829,3.));
#9024=CARTESIAN_POINT('Ctrl Pts',(-65.681329937067,225.574996503578,-2.));
#9025=CARTESIAN_POINT('Ctrl Pts',(-65.681329937067,225.574996503578,3.));
#9026=CARTESIAN_POINT('Ctrl Pts',(-65.7085760762654,225.547419518127,-2.));
#9027=CARTESIAN_POINT('Ctrl Pts',(-65.7085760762654,225.547419518127,3.));
#9028=CARTESIAN_POINT('Ctrl Pts',(-65.7356443902406,225.519750316464,-2.));
#9029=CARTESIAN_POINT('Ctrl Pts',(-65.7356443902406,225.519750316464,3.));
#9030=CARTESIAN_POINT('Ctrl Pts',(-65.762533586331,225.491989053875,-2.));
#9031=CARTESIAN_POINT('Ctrl Pts',(-65.762533586331,225.491989053875,3.));
#9032=CARTESIAN_POINT('Ctrl Pts',(-65.7892423833894,225.464135851181,-2.));
#9033=CARTESIAN_POINT('Ctrl Pts',(-65.7892423833894,225.464135851181,3.));
#9034=CARTESIAN_POINT('Ctrl Pts',(-65.8157694740695,225.436190807199,-2.));
#9035=CARTESIAN_POINT('Ctrl Pts',(-65.8157694740695,225.436190807199,3.));
#9036=CARTESIAN_POINT('Ctrl Pts',(-65.8421134890884,225.408154012019,-2.));
#9037=CARTESIAN_POINT('Ctrl Pts',(-65.8421134890884,225.408154012019,3.));
#9038=CARTESIAN_POINT('Ctrl Pts',(-65.8682729533951,225.380025562657,-2.));
#9039=CARTESIAN_POINT('Ctrl Pts',(-65.8682729533951,225.380025562657,3.));
#9040=CARTESIAN_POINT('Ctrl Pts',(-65.8942463018343,225.351805564826,-2.));
#9041=CARTESIAN_POINT('Ctrl Pts',(-65.8942463018343,225.351805564826,3.));
#9042=CARTESIAN_POINT('Ctrl Pts',(-65.920031913374,225.323494130214,-2.));
#9043=CARTESIAN_POINT('Ctrl Pts',(-65.920031913374,225.323494130214,3.));
#9044=CARTESIAN_POINT('Ctrl Pts',(-65.9456281427298,225.295091376302,-2.));
#9045=CARTESIAN_POINT('Ctrl Pts',(-65.9456281427298,225.295091376302,3.));
#9046=CARTESIAN_POINT('Ctrl Pts',(-65.971033349047,225.266597424944,-2.));
#9047=CARTESIAN_POINT('Ctrl Pts',(-65.971033349047,225.266597424944,3.));
#9048=CARTESIAN_POINT('Ctrl Pts',(-65.996245940838,225.238012404323,-2.));
#9049=CARTESIAN_POINT('Ctrl Pts',(-65.996245940838,225.238012404323,3.));
#9050=CARTESIAN_POINT('Ctrl Pts',(-66.0212643403341,225.209336438329,-2.));
#9051=CARTESIAN_POINT('Ctrl Pts',(-66.0212643403341,225.209336438329,3.));
#9052=CARTESIAN_POINT('Ctrl Pts',(-66.0460869168212,225.180569631727,-2.));
#9053=CARTESIAN_POINT('Ctrl Pts',(-66.0460869168212,225.180569631727,3.));
#9054=CARTESIAN_POINT('Ctrl Pts',(-66.0707119267328,225.151712056064,-2.));
#9055=CARTESIAN_POINT('Ctrl Pts',(-66.0707119267328,225.151712056064,3.));
#9056=CARTESIAN_POINT('Ctrl Pts',(-66.0951374623458,225.122763738626,-2.));
#9057=CARTESIAN_POINT('Ctrl Pts',(-66.0951374623458,225.122763738626,3.));
#9058=CARTESIAN_POINT('Ctrl Pts',(-66.1193613726501,225.093724643853,-2.));
#9059=CARTESIAN_POINT('Ctrl Pts',(-66.1193613726501,225.093724643853,3.));
#9060=CARTESIAN_POINT('Ctrl Pts',(-66.1433813252152,225.064594692991,-2.));
#9061=CARTESIAN_POINT('Ctrl Pts',(-66.1433813252152,225.064594692991,3.));
#9062=CARTESIAN_POINT('Ctrl Pts',(-66.1671949338022,225.03537380135,-2.));
#9063=CARTESIAN_POINT('Ctrl Pts',(-66.1671949338022,225.03537380135,3.));
#9064=CARTESIAN_POINT('Ctrl Pts',(-66.1907998776461,225.006061914005,-2.));
#9065=CARTESIAN_POINT('Ctrl Pts',(-66.1907998776461,225.006061914005,3.));
#9066=CARTESIAN_POINT('Ctrl Pts',(-66.2141940012481,224.976659035347,-2.));
#9067=CARTESIAN_POINT('Ctrl Pts',(-66.2141940012481,224.976659035347,3.));
#9068=CARTESIAN_POINT('Ctrl Pts',(-66.2373754855304,224.947165280769,-2.));
#9069=CARTESIAN_POINT('Ctrl Pts',(-66.2373754855304,224.947165280769,3.));
#9070=CARTESIAN_POINT('Ctrl Pts',(-66.2603426956318,224.917580829502,-2.));
#9071=CARTESIAN_POINT('Ctrl Pts',(-66.2603426956318,224.917580829502,3.));
#9072=CARTESIAN_POINT('Ctrl Pts',(-66.2830938614535,224.887905826531,-2.));
#9073=CARTESIAN_POINT('Ctrl Pts',(-66.2830938614535,224.887905826531,3.));
#9074=CARTESIAN_POINT('Ctrl Pts',(-66.3056267860261,224.85814029301,-2.));
#9075=CARTESIAN_POINT('Ctrl Pts',(-66.3056267860261,224.85814029301,3.));
#9076=CARTESIAN_POINT('Ctrl Pts',(-66.3279385991538,224.82828405097,-2.));
#9077=CARTESIAN_POINT('Ctrl Pts',(-66.3279385991538,224.82828405097,3.));
#9078=CARTESIAN_POINT('Ctrl Pts',(-66.3500253534296,224.798336599192,-2.));
#9079=CARTESIAN_POINT('Ctrl Pts',(-66.3500253534296,224.798336599192,3.));
#9080=CARTESIAN_POINT('Ctrl Pts',(-66.3718823460175,224.768297214428,-2.));
#9081=CARTESIAN_POINT('Ctrl Pts',(-66.3718823460175,224.768297214428,3.));
#9082=CARTESIAN_POINT('Ctrl Pts',(-66.3935048307142,224.738165173775,-2.));
#9083=CARTESIAN_POINT('Ctrl Pts',(-66.3935048307142,224.738165173775,3.));
#9084=CARTESIAN_POINT('Ctrl Pts',(-66.4148886712333,224.707939959036,-2.));
#9085=CARTESIAN_POINT('Ctrl Pts',(-66.4148886712333,224.707939959036,3.));
#9086=CARTESIAN_POINT('Ctrl Pts',(-66.4360308892455,224.677621428336,-2.));
#9087=CARTESIAN_POINT('Ctrl Pts',(-66.4360308892455,224.677621428336,3.));
#9088=CARTESIAN_POINT('Ctrl Pts',(-66.4569305902033,224.647210105575,-2.));
#9089=CARTESIAN_POINT('Ctrl Pts',(-66.4569305902033,224.647210105575,3.));
#9090=CARTESIAN_POINT('Ctrl Pts',(-66.4775881493602,224.616706927987,-2.));
#9091=CARTESIAN_POINT('Ctrl Pts',(-66.4775881493602,224.616706927987,3.));
#9092=CARTESIAN_POINT('Ctrl Pts',(-66.4980034915143,224.58611271154,-2.));
#9093=CARTESIAN_POINT('Ctrl Pts',(-66.4980034915143,224.58611271154,3.));
#9094=CARTESIAN_POINT('Ctrl Pts',(-66.5181745161274,224.555427661635,-2.));
#9095=CARTESIAN_POINT('Ctrl Pts',(-66.5181745161274,224.555427661635,3.));
#9096=CARTESIAN_POINT('Ctrl Pts',(-66.5380957622881,224.524650958826,-2.));
#9097=CARTESIAN_POINT('Ctrl Pts',(-66.5380957622881,224.524650958826,3.));
#9098=CARTESIAN_POINT('Ctrl Pts',(-66.5577562146885,224.493780076536,-2.));
#9099=CARTESIAN_POINT('Ctrl Pts',(-66.5577562146885,224.493780076536,3.));
#9100=CARTESIAN_POINT('Ctrl Pts',(-66.5771412604239,224.4628113943,-2.));
#9101=CARTESIAN_POINT('Ctrl Pts',(-66.5771412604239,224.4628113943,3.));
#9102=CARTESIAN_POINT('Ctrl Pts',(-66.5962365931618,224.431741418927,-2.));
#9103=CARTESIAN_POINT('Ctrl Pts',(-66.5962365931618,224.431741418927,3.));
#9104=CARTESIAN_POINT('Ctrl Pts',(-66.6150318141519,224.400567910947,-2.));
#9105=CARTESIAN_POINT('Ctrl Pts',(-66.6150318141519,224.400567910947,3.));
#9106=CARTESIAN_POINT('Ctrl Pts',(-66.6335234839359,224.369290840205,-2.));
#9107=CARTESIAN_POINT('Ctrl Pts',(-66.6335234839359,224.369290840205,3.));
#9108=CARTESIAN_POINT('Ctrl Pts',(-66.6517201422901,224.337913954563,-2.));
#9109=CARTESIAN_POINT('Ctrl Pts',(-66.6517201422901,224.337913954563,3.));
#9110=CARTESIAN_POINT('Ctrl Pts',(-66.6696370613642,224.306443150855,-2.));
#9111=CARTESIAN_POINT('Ctrl Pts',(-66.6696370613642,224.306443150855,3.));
#9112=CARTESIAN_POINT('Ctrl Pts',(-66.6872869750435,224.274883592832,-2.));
#9113=CARTESIAN_POINT('Ctrl Pts',(-66.6872869750435,224.274883592832,3.));
#9114=CARTESIAN_POINT('Ctrl Pts',(-66.7046714637024,224.243237032895,-2.));
#9115=CARTESIAN_POINT('Ctrl Pts',(-66.7046714637024,224.243237032895,3.));
#9116=CARTESIAN_POINT('Ctrl Pts',(-66.7217734894296,224.211499493314,-2.));
#9117=CARTESIAN_POINT('Ctrl Pts',(-66.7217734894296,224.211499493314,3.));
#9118=CARTESIAN_POINT('Ctrl Pts',(-66.7385457512357,224.179657642838,-2.));
#9119=CARTESIAN_POINT('Ctrl Pts',(-66.7385457512357,224.179657642838,3.));
#9120=CARTESIAN_POINT('Ctrl Pts',(-66.7549241009075,224.147692996641,-2.));
#9121=CARTESIAN_POINT('Ctrl Pts',(-66.7549241009075,224.147692996641,3.));
#9122=CARTESIAN_POINT('Ctrl Pts',(-66.7708484024673,224.115588443385,-2.));
#9123=CARTESIAN_POINT('Ctrl Pts',(-66.7708484024673,224.115588443385,3.));
#9124=CARTESIAN_POINT('Ctrl Pts',(-66.7862821654954,224.083334382619,-2.));
#9125=CARTESIAN_POINT('Ctrl Pts',(-66.7862821654954,224.083334382619,3.));
#9126=CARTESIAN_POINT('Ctrl Pts',(-66.8012299078913,224.050934169753,-2.));
#9127=CARTESIAN_POINT('Ctrl Pts',(-66.8012299078913,224.050934169753,3.));
#9128=CARTESIAN_POINT('Ctrl Pts',(-66.8157628636997,224.0184121247,-2.));
#9129=CARTESIAN_POINT('Ctrl Pts',(-66.8157628636997,224.0184121247,3.));
#9130=CARTESIAN_POINT('Ctrl Pts',(-66.8299805346225,223.985801812525,-2.));
#9131=CARTESIAN_POINT('Ctrl Pts',(-66.8299805346225,223.985801812525,3.));
#9132=CARTESIAN_POINT('Ctrl Pts',(-66.8439593363839,223.953130349669,-2.));
#9133=CARTESIAN_POINT('Ctrl Pts',(-66.8439593363839,223.953130349669,3.));
#9134=CARTESIAN_POINT('Ctrl Pts',(-66.857704188172,223.920403628823,-2.));
#9135=CARTESIAN_POINT('Ctrl Pts',(-66.857704188172,223.920403628823,3.));
#9136=CARTESIAN_POINT('Ctrl Pts',(-66.8711021908181,223.887592156949,-2.));
#9137=CARTESIAN_POINT('Ctrl Pts',(-66.8711021908181,223.887592156949,3.));
#9138=CARTESIAN_POINT('Ctrl Pts',(-66.8838661743743,223.854613856707,-2.));
#9139=CARTESIAN_POINT('Ctrl Pts',(-66.8838661743743,223.854613856707,3.));
#9140=CARTESIAN_POINT('Ctrl Pts',(-66.8956129588329,223.821357325645,-2.));
#9141=CARTESIAN_POINT('Ctrl Pts',(-66.8956129588329,223.821357325645,3.));
#9142=CARTESIAN_POINT('Ctrl Pts',(-66.9038870688559,223.794438901331,-2.));
#9143=CARTESIAN_POINT('Ctrl Pts',(-66.9038870688559,223.794438901331,3.));
#9144=CARTESIAN_POINT('Ctrl Pts',(-66.9093241812094,223.774033765698,-2.));
#9145=CARTESIAN_POINT('Ctrl Pts',(-66.9093241812094,223.774033765698,3.));
#9146=CARTESIAN_POINT('Ctrl Pts',(-66.9125899563154,223.760329066163,-2.));
#9147=CARTESIAN_POINT('Ctrl Pts',(-66.9125899563154,223.760329066163,3.));
#9148=CARTESIAN_POINT('Ctrl Pts',(-66.914133101406,223.753451397197,-2.));
#9149=CARTESIAN_POINT('Ctrl Pts',(-66.914133101406,223.753451397197,3.));
#9150=CARTESIAN_POINT('',(-65.3993329505493,225.845625980065,-2.));
#9151=CARTESIAN_POINT('Origin',(-70.0000000000008,209.999999999998,-2.));
#9152=CARTESIAN_POINT('',(-64.408192564042,225.523584946756,-2.));
#9153=CARTESIAN_POINT('Ctrl Pts',(-64.4124428639482,222.940602965173,-2.));
#9154=CARTESIAN_POINT('Ctrl Pts',(-64.4124428639482,222.940602965173,3.));
#9155=CARTESIAN_POINT('Ctrl Pts',(-64.4096487021627,222.947074154175,-2.));
#9156=CARTESIAN_POINT('Ctrl Pts',(-64.4096487021627,222.947074154175,3.));
#9157=CARTESIAN_POINT('Ctrl Pts',(-64.4042353494494,222.960081063446,-2.));
#9158=CARTESIAN_POINT('Ctrl Pts',(-64.4042353494494,222.960081063446,3.));
#9159=CARTESIAN_POINT('Ctrl Pts',(-64.3966402279476,222.979785019402,-2.));
#9160=CARTESIAN_POINT('Ctrl Pts',(-64.3966402279476,222.979785019402,3.));
#9161=CARTESIAN_POINT('Ctrl Pts',(-64.387511870743,223.006425881981,-2.));
#9162=CARTESIAN_POINT('Ctrl Pts',(-64.387511870743,223.006425881981,3.));
#9163=CARTESIAN_POINT('Ctrl Pts',(-64.3774675204986,223.040235567451,-2.));
#9164=CARTESIAN_POINT('Ctrl Pts',(-64.3774675204986,223.040235567451,3.));
#9165=CARTESIAN_POINT('Ctrl Pts',(-64.3684096415832,223.074418054088,-2.));
#9166=CARTESIAN_POINT('Ctrl Pts',(-64.3684096415832,223.074418054088,3.));
#9167=CARTESIAN_POINT('Ctrl Pts',(-64.3599627541414,223.108838240809,-2.));
#9168=CARTESIAN_POINT('Ctrl Pts',(-64.3599627541414,223.108838240809,3.));
#9169=CARTESIAN_POINT('Ctrl Pts',(-64.351846288954,223.14339373532,-2.));
#9170=CARTESIAN_POINT('Ctrl Pts',(-64.351846288954,223.14339373532,3.));
#9171=CARTESIAN_POINT('Ctrl Pts',(-64.3439515731025,223.178042037521,-2.));
#9172=CARTESIAN_POINT('Ctrl Pts',(-64.3439515731025,223.178042037521,3.));
#9173=CARTESIAN_POINT('Ctrl Pts',(-64.3362860499299,223.212781271554,-2.));
#9174=CARTESIAN_POINT('Ctrl Pts',(-64.3362860499299,223.212781271554,3.));
#9175=CARTESIAN_POINT('Ctrl Pts',(-64.3289274797009,223.24763441579,-2.));
#9176=CARTESIAN_POINT('Ctrl Pts',(-64.3289274797009,223.24763441579,3.));
#9177=CARTESIAN_POINT('Ctrl Pts',(-64.3219760900332,223.282632801155,-2.));
#9178=CARTESIAN_POINT('Ctrl Pts',(-64.3219760900332,223.282632801155,3.));
#9179=CARTESIAN_POINT('Ctrl Pts',(-64.3155038053652,223.317798622747,-2.));
#9180=CARTESIAN_POINT('Ctrl Pts',(-64.3155038053652,223.317798622747,3.));
#9181=CARTESIAN_POINT('Ctrl Pts',(-64.3095162530153,223.353131821538,-2.));
#9182=CARTESIAN_POINT('Ctrl Pts',(-64.3095162530153,223.353131821538,3.));
#9183=CARTESIAN_POINT('Ctrl Pts',(-64.3039782686101,223.388618715925,-2.));
#9184=CARTESIAN_POINT('Ctrl Pts',(-64.3039782686101,223.388618715925,3.));
#9185=CARTESIAN_POINT('Ctrl Pts',(-64.29883114333,223.42423780223,-2.));
#9186=CARTESIAN_POINT('Ctrl Pts',(-64.29883114333,223.42423780223,3.));
#9187=CARTESIAN_POINT('Ctrl Pts',(-64.2940121150718,223.459966329617,-2.));
#9188=CARTESIAN_POINT('Ctrl Pts',(-64.2940121150718,223.459966329617,3.));
#9189=CARTESIAN_POINT('Ctrl Pts',(-64.2894750806188,223.495787280472,-2.));
#9190=CARTESIAN_POINT('Ctrl Pts',(-64.2894750806188,223.495787280472,3.));
#9191=CARTESIAN_POINT('Ctrl Pts',(-64.2852039179599,223.531693858212,-2.));
#9192=CARTESIAN_POINT('Ctrl Pts',(-64.2852039179599,223.531693858212,3.));
#9193=CARTESIAN_POINT('Ctrl Pts',(-64.28120093568,223.567685574037,-2.));
#9194=CARTESIAN_POINT('Ctrl Pts',(-64.28120093568,223.567685574037,3.));
#9195=CARTESIAN_POINT('Ctrl Pts',(-64.2774794708864,223.603765735173,-2.));
#9196=CARTESIAN_POINT('Ctrl Pts',(-64.2774794708864,223.603765735173,3.));
#9197=CARTESIAN_POINT('Ctrl Pts',(-64.2740553450789,223.639938547727,-2.));
#9198=CARTESIAN_POINT('Ctrl Pts',(-64.2740553450789,223.639938547727,3.));
#9199=CARTESIAN_POINT('Ctrl Pts',(-64.2709376700196,223.676205999169,-2.));
#9200=CARTESIAN_POINT('Ctrl Pts',(-64.2709376700196,223.676205999169,3.));
#9201=CARTESIAN_POINT('Ctrl Pts',(-64.2681236454046,223.712566092232,-2.));
#9202=CARTESIAN_POINT('Ctrl Pts',(-64.2681236454046,223.712566092232,3.));
#9203=CARTESIAN_POINT('Ctrl Pts',(-64.2656035421399,223.749014526452,-2.));
#9204=CARTESIAN_POINT('Ctrl Pts',(-64.2656035421399,223.749014526452,3.));
#9205=CARTESIAN_POINT('Ctrl Pts',(-64.2633637329142,223.78554571883,-2.));
#9206=CARTESIAN_POINT('Ctrl Pts',(-64.2633637329142,223.78554571883,3.));
#9207=CARTESIAN_POINT('Ctrl Pts',(-64.2613902675815,223.822154009135,-2.));
#9208=CARTESIAN_POINT('Ctrl Pts',(-64.2613902675815,223.822154009135,3.));
#9209=CARTESIAN_POINT('Ctrl Pts',(-64.2596727494878,223.858834966772,-2.));
#9210=CARTESIAN_POINT('Ctrl Pts',(-64.2596727494878,223.858834966772,3.));
#9211=CARTESIAN_POINT('Ctrl Pts',(-64.2582062790035,223.895586044846,-2.));
#9212=CARTESIAN_POINT('Ctrl Pts',(-64.2582062790035,223.895586044846,3.));
#9213=CARTESIAN_POINT('Ctrl Pts',(-64.2569892774892,223.932405842518,-2.));
#9214=CARTESIAN_POINT('Ctrl Pts',(-64.2569892774892,223.932405842518,3.));
#9215=CARTESIAN_POINT('Ctrl Pts',(-64.2560221637196,223.969293655453,-2.));
#9216=CARTESIAN_POINT('Ctrl Pts',(-64.2560221637196,223.969293655453,3.));
#9217=CARTESIAN_POINT('Ctrl Pts',(-64.255305792174,224.006248945982,-2.));
#9218=CARTESIAN_POINT('Ctrl Pts',(-64.255305792174,224.006248945982,3.));
#9219=CARTESIAN_POINT('Ctrl Pts',(-64.2548397470881,224.043270764459,-2.));
#9220=CARTESIAN_POINT('Ctrl Pts',(-64.2548397470881,224.043270764459,3.));
#9221=CARTESIAN_POINT('Ctrl Pts',(-64.2546215355509,224.080357475045,-2.));
#9222=CARTESIAN_POINT('Ctrl Pts',(-64.2546215355509,224.080357475045,3.));
#9223=CARTESIAN_POINT('Ctrl Pts',(-64.2546475066479,224.117507065723,-2.));
#9224=CARTESIAN_POINT('Ctrl Pts',(-64.2546475066479,224.117507065723,3.));
#9225=CARTESIAN_POINT('Ctrl Pts',(-64.254913395709,224.154717331584,-2.));
#9226=CARTESIAN_POINT('Ctrl Pts',(-64.254913395709,224.154717331584,3.));
#9227=CARTESIAN_POINT('Ctrl Pts',(-64.2554149729444,224.191986093491,-2.));
#9228=CARTESIAN_POINT('Ctrl Pts',(-64.2554149729444,224.191986093491,3.));
#9229=CARTESIAN_POINT('Ctrl Pts',(-64.2561487502265,224.229311436711,-2.));
#9230=CARTESIAN_POINT('Ctrl Pts',(-64.2561487502265,224.229311436711,3.));
#9231=CARTESIAN_POINT('Ctrl Pts',(-64.2571123009101,224.266691818164,-2.));
#9232=CARTESIAN_POINT('Ctrl Pts',(-64.2571123009101,224.266691818164,3.));
#9233=CARTESIAN_POINT('Ctrl Pts',(-64.2583038600439,224.304125929392,-2.));
#9234=CARTESIAN_POINT('Ctrl Pts',(-64.2583038600439,224.304125929392,3.));
#9235=CARTESIAN_POINT('Ctrl Pts',(-64.2597220808072,224.341612612662,-2.));
#9236=CARTESIAN_POINT('Ctrl Pts',(-64.2597220808072,224.341612612662,3.));
#9237=CARTESIAN_POINT('Ctrl Pts',(-64.2613657459197,224.379150762023,-2.));
#9238=CARTESIAN_POINT('Ctrl Pts',(-64.2613657459197,224.379150762023,3.));
#9239=CARTESIAN_POINT('Ctrl Pts',(-64.2632334515423,224.416739214895,-2.));
#9240=CARTESIAN_POINT('Ctrl Pts',(-64.2632334515423,224.416739214895,3.));
#9241=CARTESIAN_POINT('Ctrl Pts',(-64.265323456421,224.454376700755,-2.));
#9242=CARTESIAN_POINT('Ctrl Pts',(-64.265323456421,224.454376700755,3.));
#9243=CARTESIAN_POINT('Ctrl Pts',(-64.2676338507339,224.492061899925,-2.));
#9244=CARTESIAN_POINT('Ctrl Pts',(-64.2676338507339,224.492061899925,3.));
#9245=CARTESIAN_POINT('Ctrl Pts',(-64.2701626541925,224.529793478328,-2.));
#9246=CARTESIAN_POINT('Ctrl Pts',(-64.2701626541925,224.529793478328,3.));
#9247=CARTESIAN_POINT('Ctrl Pts',(-64.2729079335313,224.567570128707,-2.));
#9248=CARTESIAN_POINT('Ctrl Pts',(-64.2729079335313,224.567570128707,3.));
#9249=CARTESIAN_POINT('Ctrl Pts',(-64.2758679276452,224.605390615498,-2.));
#9250=CARTESIAN_POINT('Ctrl Pts',(-64.2758679276452,224.605390615498,3.));
#9251=CARTESIAN_POINT('Ctrl Pts',(-64.2790411091912,224.643253795296,-2.));
#9252=CARTESIAN_POINT('Ctrl Pts',(-64.2790411091912,224.643253795296,3.));
#9253=CARTESIAN_POINT('Ctrl Pts',(-64.2824261096489,224.681158585375,-2.));
#9254=CARTESIAN_POINT('Ctrl Pts',(-64.2824261096489,224.681158585375,3.));
#9255=CARTESIAN_POINT('Ctrl Pts',(-64.2860216713228,224.719103942469,-2.));
#9256=CARTESIAN_POINT('Ctrl Pts',(-64.2860216713228,224.719103942469,3.));
#9257=CARTESIAN_POINT('Ctrl Pts',(-64.2898265905908,224.757088838959,-2.));
#9258=CARTESIAN_POINT('Ctrl Pts',(-64.2898265905908,224.757088838959,3.));
#9259=CARTESIAN_POINT('Ctrl Pts',(-64.2938396552578,224.795112235691,-2.));
#9260=CARTESIAN_POINT('Ctrl Pts',(-64.2938396552578,224.795112235691,3.));
#9261=CARTESIAN_POINT('Ctrl Pts',(-64.2980596094677,224.833173069611,-2.));
#9262=CARTESIAN_POINT('Ctrl Pts',(-64.2980596094677,224.833173069611,3.));
#9263=CARTESIAN_POINT('Ctrl Pts',(-64.3024851912107,224.871270278603,-2.));
#9264=CARTESIAN_POINT('Ctrl Pts',(-64.3024851912107,224.871270278603,3.));
#9265=CARTESIAN_POINT('Ctrl Pts',(-64.307115154694,224.90940281949,-2.));
#9266=CARTESIAN_POINT('Ctrl Pts',(-64.307115154694,224.90940281949,3.));
#9267=CARTESIAN_POINT('Ctrl Pts',(-64.3119482958159,224.947569686772,-2.));
#9268=CARTESIAN_POINT('Ctrl Pts',(-64.3119482958159,224.947569686772,3.));
#9269=CARTESIAN_POINT('Ctrl Pts',(-64.3169834782601,224.98576993495,-2.));
#9270=CARTESIAN_POINT('Ctrl Pts',(-64.3169834782601,224.98576993495,3.));
#9271=CARTESIAN_POINT('Ctrl Pts',(-64.322219647207,225.024002686295,-2.));
#9272=CARTESIAN_POINT('Ctrl Pts',(-64.322219647207,225.024002686295,3.));
#9273=CARTESIAN_POINT('Ctrl Pts',(-64.3276558030745,225.062267092423,-2.));
#9274=CARTESIAN_POINT('Ctrl Pts',(-64.3276558030745,225.062267092423,3.));
#9275=CARTESIAN_POINT('Ctrl Pts',(-64.3332909804091,225.100562302548,-2.));
#9276=CARTESIAN_POINT('Ctrl Pts',(-64.3332909804091,225.100562302548,3.));
#9277=CARTESIAN_POINT('Ctrl Pts',(-64.3391242247013,225.138887431234,-2.));
#9278=CARTESIAN_POINT('Ctrl Pts',(-64.3391242247013,225.138887431234,3.));
#9279=CARTESIAN_POINT('Ctrl Pts',(-64.3451545654366,225.177241520553,-2.));
#9280=CARTESIAN_POINT('Ctrl Pts',(-64.3451545654366,225.177241520553,3.));
#9281=CARTESIAN_POINT('Ctrl Pts',(-64.3513809988853,225.215623520954,-2.));
#9282=CARTESIAN_POINT('Ctrl Pts',(-64.3513809988853,225.215623520954,3.));
#9283=CARTESIAN_POINT('Ctrl Pts',(-64.3578025240732,225.254032364791,-2.));
#9284=CARTESIAN_POINT('Ctrl Pts',(-64.3578025240732,225.254032364791,3.));
#9285=CARTESIAN_POINT('Ctrl Pts',(-64.3644181704904,225.292467027857,-2.));
#9286=CARTESIAN_POINT('Ctrl Pts',(-64.3644181704904,225.292467027857,3.));
#9287=CARTESIAN_POINT('Ctrl Pts',(-64.3712270275214,225.330926594115,-2.));
#9288=CARTESIAN_POINT('Ctrl Pts',(-64.3712270275214,225.330926594115,3.));
#9289=CARTESIAN_POINT('Ctrl Pts',(-64.3782282720317,225.369410322058,-2.));
#9290=CARTESIAN_POINT('Ctrl Pts',(-64.3782282720317,225.369410322058,3.));
#9291=CARTESIAN_POINT('Ctrl Pts',(-64.3854211946704,225.407917701591,-2.));
#9292=CARTESIAN_POINT('Ctrl Pts',(-64.3854211946704,225.407917701591,3.));
#9293=CARTESIAN_POINT('Ctrl Pts',(-64.3928052162687,225.446448407099,-2.));
#9294=CARTESIAN_POINT('Ctrl Pts',(-64.3928052162687,225.446448407099,3.));
#9295=CARTESIAN_POINT('Ctrl Pts',(-64.3988649665827,225.477291488564,-2.));
#9296=CARTESIAN_POINT('Ctrl Pts',(-64.3988649665827,225.477291488564,3.));
#9297=CARTESIAN_POINT('Ctrl Pts',(-64.4034954572024,225.500434181581,-2.));
#9298=CARTESIAN_POINT('Ctrl Pts',(-64.4034954572024,225.500434181581,3.));
#9299=CARTESIAN_POINT('Ctrl Pts',(-64.4066205173602,225.515867256255,-2.));
#9300=CARTESIAN_POINT('Ctrl Pts',(-64.4066205173602,225.515867256255,3.));
#9301=CARTESIAN_POINT('Ctrl Pts',(-64.408192564042,225.523584946757,-2.));
#9302=CARTESIAN_POINT('Ctrl Pts',(-64.408192564042,225.523584946757,3.));
#9303=CARTESIAN_POINT('Origin',(-70.,210.,-2.));
#9304=CARTESIAN_POINT('',(-63.5549581678977,221.593463504598,-2.));
#9305=CARTESIAN_POINT('Origin',(-63.3727507204222,221.921221717439,-2.));
#9306=CARTESIAN_POINT('',(-63.050125960193,221.730071870232,-2.));
#9307=CARTESIAN_POINT('Origin',(-62.8151159646291,222.126724258808,-2.));
#9308=CARTESIAN_POINT('',(-62.8151159646291,222.126724258808,-2.));
#9309=CARTESIAN_POINT('Origin',(-60.7101770567792,219.986748716855,-2.));
#9310=CARTESIAN_POINT('',(-60.9916678982707,220.23451454613,-2.));
#9311=CARTESIAN_POINT('',(-60.9655884430989,219.712176278802,-2.));
#9312=CARTESIAN_POINT('Origin',(-61.2426341756597,219.949387622798,-2.));
#9313=CARTESIAN_POINT('',(-60.6870511418892,220.580594662735,-2.));
#9314=CARTESIAN_POINT('Ctrl Pts',(-60.7279379089664,223.648401539375,-2.));
#9315=CARTESIAN_POINT('Ctrl Pts',(-60.7279379089664,223.648401539375,3.));
#9316=CARTESIAN_POINT('Ctrl Pts',(-60.7351056775952,223.645137007198,-2.));
#9317=CARTESIAN_POINT('Ctrl Pts',(-60.7351056775952,223.645137007198,3.));
#9318=CARTESIAN_POINT('Ctrl Pts',(-60.7494281615549,223.638593900283,-2.));
#9319=CARTESIAN_POINT('Ctrl Pts',(-60.7494281615549,223.638593900283,3.));
#9320=CARTESIAN_POINT('Ctrl Pts',(-60.7708727275986,223.628737112233,-2.));
#9321=CARTESIAN_POINT('Ctrl Pts',(-60.7708727275986,223.628737112233,3.));
#9322=CARTESIAN_POINT('Ctrl Pts',(-60.79938713653,223.615510444798,-2.));
#9323=CARTESIAN_POINT('Ctrl Pts',(-60.79938713653,223.615510444798,3.));
#9324=CARTESIAN_POINT('Ctrl Pts',(-60.8348993510887,223.598836463301,-2.));
#9325=CARTESIAN_POINT('Ctrl Pts',(-60.8348993510887,223.598836463301,3.));
#9326=CARTESIAN_POINT('Ctrl Pts',(-60.870280369388,223.58202159016,-2.));
#9327=CARTESIAN_POINT('Ctrl Pts',(-60.870280369388,223.58202159016,3.));
#9328=CARTESIAN_POINT('Ctrl Pts',(-60.9055295875715,223.565065548213,-2.));
#9329=CARTESIAN_POINT('Ctrl Pts',(-60.9055295875715,223.565065548213,3.));
#9330=CARTESIAN_POINT('Ctrl Pts',(-60.9406461760185,223.547968063407,-2.));
#9331=CARTESIAN_POINT('Ctrl Pts',(-60.9406461760185,223.547968063407,3.));
#9332=CARTESIAN_POINT('Ctrl Pts',(-60.9756290510102,223.53072890566,-2.));
#9333=CARTESIAN_POINT('Ctrl Pts',(-60.9756290510102,223.53072890566,3.));
#9334=CARTESIAN_POINT('Ctrl Pts',(-61.0104769362114,223.513347876702,-2.));
#9335=CARTESIAN_POINT('Ctrl Pts',(-61.0104769362114,223.513347876702,3.));
#9336=CARTESIAN_POINT('Ctrl Pts',(-61.0451884325698,223.495824793387,-2.));
#9337=CARTESIAN_POINT('Ctrl Pts',(-61.0451884325698,223.495824793387,3.));
#9338=CARTESIAN_POINT('Ctrl Pts',(-61.0797620879829,223.478159473457,-2.));
#9339=CARTESIAN_POINT('Ctrl Pts',(-61.0797620879829,223.478159473457,3.));
#9340=CARTESIAN_POINT('Ctrl Pts',(-61.1141964633691,223.460351721788,-2.));
#9341=CARTESIAN_POINT('Ctrl Pts',(-61.1141964633691,223.460351721788,3.));
#9342=CARTESIAN_POINT('Ctrl Pts',(-61.1484902132952,223.442401316273,-2.));
#9343=CARTESIAN_POINT('Ctrl Pts',(-61.1484902132952,223.442401316273,3.));
#9344=CARTESIAN_POINT('Ctrl Pts',(-61.1826420603801,223.424308005144,-2.));
#9345=CARTESIAN_POINT('Ctrl Pts',(-61.1826420603801,223.424308005144,3.));
#9346=CARTESIAN_POINT('Ctrl Pts',(-61.2166507488451,223.406071507413,-2.));
#9347=CARTESIAN_POINT('Ctrl Pts',(-61.2166507488451,223.406071507413,3.));
#9348=CARTESIAN_POINT('Ctrl Pts',(-61.2505150047939,223.387691513067,-2.));
#9349=CARTESIAN_POINT('Ctrl Pts',(-61.2505150047939,223.387691513067,3.));
#9350=CARTESIAN_POINT('Ctrl Pts',(-61.2842334981214,223.369167684656,-2.));
#9351=CARTESIAN_POINT('Ctrl Pts',(-61.2842334981214,223.369167684656,3.));
#9352=CARTESIAN_POINT('Ctrl Pts',(-61.3178047959912,223.350499658632,-2.));
#9353=CARTESIAN_POINT('Ctrl Pts',(-61.3178047959912,223.350499658632,3.));
#9354=CARTESIAN_POINT('Ctrl Pts',(-61.3512273771856,223.331687051873,-2.));
#9355=CARTESIAN_POINT('Ctrl Pts',(-61.3512273771856,223.331687051873,3.));
#9356=CARTESIAN_POINT('Ctrl Pts',(-61.3844996654973,223.312729469676,-2.));
#9357=CARTESIAN_POINT('Ctrl Pts',(-61.3844996654973,223.312729469676,3.));
#9358=CARTESIAN_POINT('Ctrl Pts',(-61.4176200598643,223.29362651535,-2.));
#9359=CARTESIAN_POINT('Ctrl Pts',(-61.4176200598643,223.29362651535,3.));
#9360=CARTESIAN_POINT('Ctrl Pts',(-61.4505869620869,223.274377797733,-2.));
#9361=CARTESIAN_POINT('Ctrl Pts',(-61.4505869620869,223.274377797733,3.));
#9362=CARTESIAN_POINT('Ctrl Pts',(-61.4833988189588,223.254982946939,-2.));
#9363=CARTESIAN_POINT('Ctrl Pts',(-61.4833988189588,223.254982946939,3.));
#9364=CARTESIAN_POINT('Ctrl Pts',(-61.5160540916492,223.235441593235,-2.));
#9365=CARTESIAN_POINT('Ctrl Pts',(-61.5160540916492,223.235441593235,3.));
#9366=CARTESIAN_POINT('Ctrl Pts',(-61.5485511968823,223.215753332342,-2.));
#9367=CARTESIAN_POINT('Ctrl Pts',(-61.5485511968823,223.215753332342,3.));
#9368=CARTESIAN_POINT('Ctrl Pts',(-61.5808884543188,223.195917693513,-2.));
#9369=CARTESIAN_POINT('Ctrl Pts',(-61.5808884543188,223.195917693513,3.));
#9370=CARTESIAN_POINT('Ctrl Pts',(-61.6130640411744,223.175934113179,-2.));
#9371=CARTESIAN_POINT('Ctrl Pts',(-61.6130640411744,223.175934113179,3.));
#9372=CARTESIAN_POINT('Ctrl Pts',(-61.6450759227058,223.155801892822,-2.));
#9373=CARTESIAN_POINT('Ctrl Pts',(-61.6450759227058,223.155801892822,3.));
#9374=CARTESIAN_POINT('Ctrl Pts',(-61.6769219049754,223.135520236782,-2.));
#9375=CARTESIAN_POINT('Ctrl Pts',(-61.6769219049754,223.135520236782,3.));
#9376=CARTESIAN_POINT('Ctrl Pts',(-61.7085997447065,223.115088327126,-2.));
#9377=CARTESIAN_POINT('Ctrl Pts',(-61.7085997447065,223.115088327126,3.));
#9378=CARTESIAN_POINT('Ctrl Pts',(-61.740107251693,223.09450539446,-2.));
#9379=CARTESIAN_POINT('Ctrl Pts',(-61.740107251693,223.09450539446,3.));
#9380=CARTESIAN_POINT('Ctrl Pts',(-61.7714423745764,223.073770776876,-2.));
#9381=CARTESIAN_POINT('Ctrl Pts',(-61.7714423745764,223.073770776876,3.));
#9382=CARTESIAN_POINT('Ctrl Pts',(-61.8026033476531,223.052884021993,-2.));
#9383=CARTESIAN_POINT('Ctrl Pts',(-61.8026033476531,223.052884021993,3.));
#9384=CARTESIAN_POINT('Ctrl Pts',(-61.8335885606919,223.031844795069,-2.));
#9385=CARTESIAN_POINT('Ctrl Pts',(-61.8335885606919,223.031844795069,3.));
#9386=CARTESIAN_POINT('Ctrl Pts',(-61.8643962854259,223.010652687004,-2.));
#9387=CARTESIAN_POINT('Ctrl Pts',(-61.8643962854259,223.010652687004,3.));
#9388=CARTESIAN_POINT('Ctrl Pts',(-61.8950244258764,222.989307039014,-2.));
#9389=CARTESIAN_POINT('Ctrl Pts',(-61.8950244258764,222.989307039014,3.));
#9390=CARTESIAN_POINT('Ctrl Pts',(-61.9254703073206,222.967806794901,-2.));
#9391=CARTESIAN_POINT('Ctrl Pts',(-61.9254703073206,222.967806794901,3.));
#9392=CARTESIAN_POINT('Ctrl Pts',(-61.9557303304359,222.946150258163,-2.));
#9393=CARTESIAN_POINT('Ctrl Pts',(-61.9557303304359,222.946150258163,3.));
#9394=CARTESIAN_POINT('Ctrl Pts',(-61.985800246056,222.924335287693,-2.));
#9395=CARTESIAN_POINT('Ctrl Pts',(-61.985800246056,222.924335287693,3.));
#9396=CARTESIAN_POINT('Ctrl Pts',(-62.0156757636624,222.902359729312,-2.));
#9397=CARTESIAN_POINT('Ctrl Pts',(-62.0156757636624,222.902359729312,3.));
#9398=CARTESIAN_POINT('Ctrl Pts',(-62.0453531095444,222.880221812004,-2.));
#9399=CARTESIAN_POINT('Ctrl Pts',(-62.0453531095444,222.880221812004,3.));
#9400=CARTESIAN_POINT('Ctrl Pts',(-62.0748294949845,222.857920480482,-2.));
#9401=CARTESIAN_POINT('Ctrl Pts',(-62.0748294949845,222.857920480482,3.));
#9402=CARTESIAN_POINT('Ctrl Pts',(-62.1041039073237,222.835455956574,-2.));
#9403=CARTESIAN_POINT('Ctrl Pts',(-62.1041039073237,222.835455956574,3.));
#9404=CARTESIAN_POINT('Ctrl Pts',(-62.1331764138278,222.812829247603,-2.));
#9405=CARTESIAN_POINT('Ctrl Pts',(-62.1331764138278,222.812829247603,3.));
#9406=CARTESIAN_POINT('Ctrl Pts',(-62.1620466908275,222.790041106362,-2.));
#9407=CARTESIAN_POINT('Ctrl Pts',(-62.1620466908275,222.790041106362,3.));
#9408=CARTESIAN_POINT('Ctrl Pts',(-62.1907126771199,222.767091079097,-2.));
#9409=CARTESIAN_POINT('Ctrl Pts',(-62.1907126771199,222.767091079097,3.));
#9410=CARTESIAN_POINT('Ctrl Pts',(-62.2191694322928,222.743976698952,-2.));
#9411=CARTESIAN_POINT('Ctrl Pts',(-62.2191694322928,222.743976698952,3.));
#9412=CARTESIAN_POINT('Ctrl Pts',(-62.2474072609203,222.720692159096,-2.));
#9413=CARTESIAN_POINT('Ctrl Pts',(-62.2474072609203,222.720692159096,3.));
#9414=CARTESIAN_POINT('Ctrl Pts',(-62.2754133840899,222.697229500623,-2.));
#9415=CARTESIAN_POINT('Ctrl Pts',(-62.2754133840899,222.697229500623,3.));
#9416=CARTESIAN_POINT('Ctrl Pts',(-62.3031752751262,222.673580980413,-2.));
#9417=CARTESIAN_POINT('Ctrl Pts',(-62.3031752751262,222.673580980413,3.));
#9418=CARTESIAN_POINT('Ctrl Pts',(-62.3306837362643,222.649741255211,-2.));
#9419=CARTESIAN_POINT('Ctrl Pts',(-62.3306837362643,222.649741255211,3.));
#9420=CARTESIAN_POINT('Ctrl Pts',(-62.3579355057032,222.625709233489,-2.));
#9421=CARTESIAN_POINT('Ctrl Pts',(-62.3579355057032,222.625709233489,3.));
#9422=CARTESIAN_POINT('Ctrl Pts',(-62.3849375470995,222.601491118611,-2.));
#9423=CARTESIAN_POINT('Ctrl Pts',(-62.3849375470995,222.601491118611,3.));
#9424=CARTESIAN_POINT('Ctrl Pts',(-62.4117025629094,222.577097238151,-2.));
#9425=CARTESIAN_POINT('Ctrl Pts',(-62.4117025629094,222.577097238151,3.));
#9426=CARTESIAN_POINT('Ctrl Pts',(-62.4382410680901,222.552536438119,-2.));
#9427=CARTESIAN_POINT('Ctrl Pts',(-62.4382410680901,222.552536438119,3.));
#9428=CARTESIAN_POINT('Ctrl Pts',(-62.4645540241456,222.527810873507,-2.));
#9429=CARTESIAN_POINT('Ctrl Pts',(-62.4645540241456,222.527810873507,3.));
#9430=CARTESIAN_POINT('Ctrl Pts',(-62.4906264562455,222.502911496265,-2.));
#9431=CARTESIAN_POINT('Ctrl Pts',(-62.4906264562455,222.502911496265,3.));
#9432=CARTESIAN_POINT('Ctrl Pts',(-62.5164174980585,222.477811010811,-2.));
#9433=CARTESIAN_POINT('Ctrl Pts',(-62.5164174980585,222.477811010811,3.));
#9434=CARTESIAN_POINT('Ctrl Pts',(-62.5418718531343,222.452472014143,-2.));
#9435=CARTESIAN_POINT('Ctrl Pts',(-62.5418718531343,222.452472014143,3.));
#9436=CARTESIAN_POINT('Ctrl Pts',(-62.566937616453,222.426859649371,-2.));
#9437=CARTESIAN_POINT('Ctrl Pts',(-62.566937616453,222.426859649371,3.));
#9438=CARTESIAN_POINT('Ctrl Pts',(-62.5915830502663,222.400953509765,-2.));
#9439=CARTESIAN_POINT('Ctrl Pts',(-62.5915830502663,222.400953509765,3.));
#9440=CARTESIAN_POINT('Ctrl Pts',(-62.6158114144726,222.374758182618,-2.));
#9441=CARTESIAN_POINT('Ctrl Pts',(-62.6158114144726,222.374758182618,3.));
#9442=CARTESIAN_POINT('Ctrl Pts',(-62.6396829414083,222.348318810071,-2.));
#9443=CARTESIAN_POINT('Ctrl Pts',(-62.6396829414083,222.348318810071,3.));
#9444=CARTESIAN_POINT('Ctrl Pts',(-62.6632818906403,222.321698062113,-2.));
#9445=CARTESIAN_POINT('Ctrl Pts',(-62.6632818906403,222.321698062113,3.));
#9446=CARTESIAN_POINT('Ctrl Pts',(-62.686672558399,222.294945341772,-2.));
#9447=CARTESIAN_POINT('Ctrl Pts',(-62.686672558399,222.294945341772,3.));
#9448=CARTESIAN_POINT('Ctrl Pts',(-62.709857802169,222.268067773443,-2.));
#9449=CARTESIAN_POINT('Ctrl Pts',(-62.709857802169,222.268067773443,3.));
#9450=CARTESIAN_POINT('Ctrl Pts',(-62.7327393623103,222.241002419816,-2.));
#9451=CARTESIAN_POINT('Ctrl Pts',(-62.7327393623103,222.241002419816,3.));
#9452=CARTESIAN_POINT('Ctrl Pts',(-62.755069487266,222.213582480309,-2.));
#9453=CARTESIAN_POINT('Ctrl Pts',(-62.755069487266,222.213582480309,3.));
#9454=CARTESIAN_POINT('Ctrl Pts',(-62.7765181764429,222.18558359576,-2.));
#9455=CARTESIAN_POINT('Ctrl Pts',(-62.7765181764429,222.18558359576,3.));
#9456=CARTESIAN_POINT('Ctrl Pts',(-62.7927055732715,222.162539493519,-2.));
#9457=CARTESIAN_POINT('Ctrl Pts',(-62.7927055732715,222.162539493519,3.));
#9458=CARTESIAN_POINT('Ctrl Pts',(-62.8041821080883,222.144813216427,-2.));
#9459=CARTESIAN_POINT('Ctrl Pts',(-62.8041821080883,222.144813216427,3.));
#9460=CARTESIAN_POINT('Ctrl Pts',(-62.8115230298427,222.132788452637,-2.));
#9461=CARTESIAN_POINT('Ctrl Pts',(-62.8115230298427,222.132788452637,3.));
#9462=CARTESIAN_POINT('Ctrl Pts',(-62.8151159646291,222.126724258808,-2.));
#9463=CARTESIAN_POINT('Ctrl Pts',(-62.8151159646291,222.126724258808,3.));
#9464=CARTESIAN_POINT('',(-60.7279379089664,223.648401539375,-2.));
#9465=CARTESIAN_POINT('Origin',(-70.0000000000014,209.999999999998,-2.));
#9466=CARTESIAN_POINT('',(-59.8848235379936,223.035843092891,-2.));
#9467=CARTESIAN_POINT('Ctrl Pts',(-60.6870511418892,220.580594662735,-2.));
#9468=CARTESIAN_POINT('Ctrl Pts',(-60.6870511418892,220.580594662735,3.));
#9469=CARTESIAN_POINT('Ctrl Pts',(-60.6823940287401,220.585885685727,-2.));
#9470=CARTESIAN_POINT('Ctrl Pts',(-60.6823940287401,220.585885685727,3.));
#9471=CARTESIAN_POINT('Ctrl Pts',(-60.673226268358,220.596583173561,-2.));
#9472=CARTESIAN_POINT('Ctrl Pts',(-60.673226268358,220.596583173561,3.));
#9473=CARTESIAN_POINT('Ctrl Pts',(-60.6599140213148,220.612975727652,-2.));
#9474=CARTESIAN_POINT('Ctrl Pts',(-60.6599140213148,220.612975727652,3.));
#9475=CARTESIAN_POINT('Ctrl Pts',(-60.6429999584306,220.6354918761,-2.));
#9476=CARTESIAN_POINT('Ctrl Pts',(-60.6429999584306,220.6354918761,3.));
#9477=CARTESIAN_POINT('Ctrl Pts',(-60.6229994462942,220.664542922857,-2.));
#9478=CARTESIAN_POINT('Ctrl Pts',(-60.6229994462942,220.664542922857,3.));
#9479=CARTESIAN_POINT('Ctrl Pts',(-60.603821922247,220.694253360998,-2.));
#9480=CARTESIAN_POINT('Ctrl Pts',(-60.603821922247,220.694253360998,3.));
#9481=CARTESIAN_POINT('Ctrl Pts',(-60.5851520322565,220.724378672103,-2.));
#9482=CARTESIAN_POINT('Ctrl Pts',(-60.5851520322565,220.724378672103,3.));
#9483=CARTESIAN_POINT('Ctrl Pts',(-60.566754580098,220.754734774654,-2.));
#9484=CARTESIAN_POINT('Ctrl Pts',(-60.566754580098,220.754734774654,3.));
#9485=CARTESIAN_POINT('Ctrl Pts',(-60.5485393449366,220.785247666877,-2.));
#9486=CARTESIAN_POINT('Ctrl Pts',(-60.5485393449366,220.785247666877,3.));
#9487=CARTESIAN_POINT('Ctrl Pts',(-60.5305139854849,220.815917864844,-2.));
#9488=CARTESIAN_POINT('Ctrl Pts',(-60.5305139854849,220.815917864844,3.));
#9489=CARTESIAN_POINT('Ctrl Pts',(-60.5127453554417,220.846791251528,-2.));
#9490=CARTESIAN_POINT('Ctrl Pts',(-60.5127453554417,220.846791251528,3.));
#9491=CARTESIAN_POINT('Ctrl Pts',(-60.4953190951476,220.877928596447,-2.));
#9492=CARTESIAN_POINT('Ctrl Pts',(-60.4953190951476,220.877928596447,3.));
#9493=CARTESIAN_POINT('Ctrl Pts',(-60.4782967501453,220.909373234269,-2.));
#9494=CARTESIAN_POINT('Ctrl Pts',(-60.4782967501453,220.909373234269,3.));
#9495=CARTESIAN_POINT('Ctrl Pts',(-60.4616836905743,220.941126847789,-2.));
#9496=CARTESIAN_POINT('Ctrl Pts',(-60.4616836905743,220.941126847789,3.));
#9497=CARTESIAN_POINT('Ctrl Pts',(-60.4454507009754,220.973165558643,-2.));
#9498=CARTESIAN_POINT('Ctrl Pts',(-60.4454507009754,220.973165558643,3.));
#9499=CARTESIAN_POINT('Ctrl Pts',(-60.4295485909455,221.005450773594,-2.));
#9500=CARTESIAN_POINT('Ctrl Pts',(-60.4295485909455,221.005450773594,3.));
#9501=CARTESIAN_POINT('Ctrl Pts',(-60.4139247005716,221.037941460755,-2.));
#9502=CARTESIAN_POINT('Ctrl Pts',(-60.4139247005716,221.037941460755,3.));
#9503=CARTESIAN_POINT('Ctrl Pts',(-60.3985404418216,221.070607188735,-2.));
#9504=CARTESIAN_POINT('Ctrl Pts',(-60.3985404418216,221.070607188735,3.));
#9505=CARTESIAN_POINT('Ctrl Pts',(-60.3833825820111,221.103436511626,-2.));
#9506=CARTESIAN_POINT('Ctrl Pts',(-60.3833825820111,221.103436511626,3.));
#9507=CARTESIAN_POINT('Ctrl Pts',(-60.3684534677826,221.136429677941,-2.));
#9508=CARTESIAN_POINT('Ctrl Pts',(-60.3684534677826,221.136429677941,3.));
#9509=CARTESIAN_POINT('Ctrl Pts',(-60.3537647614896,221.169593954434,-2.));
#9510=CARTESIAN_POINT('Ctrl Pts',(-60.3537647614896,221.169593954434,3.));
#9511=CARTESIAN_POINT('Ctrl Pts',(-60.3393302105143,221.20293823046,-2.));
#9512=CARTESIAN_POINT('Ctrl Pts',(-60.3393302105143,221.20293823046,3.));
#9513=CARTESIAN_POINT('Ctrl Pts',(-60.3251578664952,221.236467211908,-2.));
#9514=CARTESIAN_POINT('Ctrl Pts',(-60.3251578664952,221.236467211908,3.));
#9515=CARTESIAN_POINT('Ctrl Pts',(-60.3112456833747,221.270178133919,-2.));
#9516=CARTESIAN_POINT('Ctrl Pts',(-60.3112456833747,221.270178133919,3.));
#9517=CARTESIAN_POINT('Ctrl Pts',(-60.2975857371505,221.304063900057,-2.));
#9518=CARTESIAN_POINT('Ctrl Pts',(-60.2975857371505,221.304063900057,3.));
#9519=CARTESIAN_POINT('Ctrl Pts',(-60.2841667927217,221.338114989501,-2.));
#9520=CARTESIAN_POINT('Ctrl Pts',(-60.2841667927217,221.338114989501,3.));
#9521=CARTESIAN_POINT('Ctrl Pts',(-60.2709773318181,221.37232170822,-2.));
#9522=CARTESIAN_POINT('Ctrl Pts',(-60.2709773318181,221.37232170822,3.));
#9523=CARTESIAN_POINT('Ctrl Pts',(-60.2580088357634,221.406676629726,-2.));
#9524=CARTESIAN_POINT('Ctrl Pts',(-60.2580088357634,221.406676629726,3.));
#9525=CARTESIAN_POINT('Ctrl Pts',(-60.245257431767,221.441175817707,-2.));
#9526=CARTESIAN_POINT('Ctrl Pts',(-60.245257431767,221.441175817707,3.));
#9527=CARTESIAN_POINT('Ctrl Pts',(-60.2327220513363,221.475817452062,-2.));
#9528=CARTESIAN_POINT('Ctrl Pts',(-60.2327220513363,221.475817452062,3.));
#9529=CARTESIAN_POINT('Ctrl Pts',(-60.2204033104013,221.510600992336,-2.));
#9530=CARTESIAN_POINT('Ctrl Pts',(-60.2204033104013,221.510600992336,3.));
#9531=CARTESIAN_POINT('Ctrl Pts',(-60.2083021877694,221.545526191223,-2.));
#9532=CARTESIAN_POINT('Ctrl Pts',(-60.2083021877694,221.545526191223,3.));
#9533=CARTESIAN_POINT('Ctrl Pts',(-60.1964185814816,221.580592017079,-2.));
#9534=CARTESIAN_POINT('Ctrl Pts',(-60.1964185814816,221.580592017079,3.));
#9535=CARTESIAN_POINT('Ctrl Pts',(-60.1847506261406,221.615796143776,-2.));
#9536=CARTESIAN_POINT('Ctrl Pts',(-60.1847506261406,221.615796143776,3.));
#9537=CARTESIAN_POINT('Ctrl Pts',(-60.1732954712681,221.651135529578,-2.));
#9538=CARTESIAN_POINT('Ctrl Pts',(-60.1732954712681,221.651135529578,3.));
#9539=CARTESIAN_POINT('Ctrl Pts',(-60.1620497422761,221.686606759637,-2.));
#9540=CARTESIAN_POINT('Ctrl Pts',(-60.1620497422761,221.686606759637,3.));
#9541=CARTESIAN_POINT('Ctrl Pts',(-60.1510100897856,221.722206454393,-2.));
#9542=CARTESIAN_POINT('Ctrl Pts',(-60.1510100897856,221.722206454393,3.));
#9543=CARTESIAN_POINT('Ctrl Pts',(-60.1401737880755,221.757931714935,-2.));
#9544=CARTESIAN_POINT('Ctrl Pts',(-60.1401737880755,221.757931714935,3.));
#9545=CARTESIAN_POINT('Ctrl Pts',(-60.1295390061065,221.793780323834,-2.));
#9546=CARTESIAN_POINT('Ctrl Pts',(-60.1295390061065,221.793780323834,3.));
#9547=CARTESIAN_POINT('Ctrl Pts',(-60.1191044696464,221.829750491272,-2.));
#9548=CARTESIAN_POINT('Ctrl Pts',(-60.1191044696464,221.829750491272,3.));
#9549=CARTESIAN_POINT('Ctrl Pts',(-60.108869255552,221.865840699987,-2.));
#9550=CARTESIAN_POINT('Ctrl Pts',(-60.108869255552,221.865840699987,3.));
#9551=CARTESIAN_POINT('Ctrl Pts',(-60.0988325478779,221.902049521999,-2.));
#9552=CARTESIAN_POINT('Ctrl Pts',(-60.0988325478779,221.902049521999,3.));
#9553=CARTESIAN_POINT('Ctrl Pts',(-60.088993370751,221.938375417819,-2.));
#9554=CARTESIAN_POINT('Ctrl Pts',(-60.088993370751,221.938375417819,3.));
#9555=CARTESIAN_POINT('Ctrl Pts',(-60.0793504607537,221.974816641028,-2.));
#9556=CARTESIAN_POINT('Ctrl Pts',(-60.0793504607537,221.974816641028,3.));
#9557=CARTESIAN_POINT('Ctrl Pts',(-60.0699024093401,222.011371346374,-2.));
#9558=CARTESIAN_POINT('Ctrl Pts',(-60.0699024093401,222.011371346374,3.));
#9559=CARTESIAN_POINT('Ctrl Pts',(-60.0606477453968,222.048037653128,-2.));
#9560=CARTESIAN_POINT('Ctrl Pts',(-60.0606477453968,222.048037653128,3.));
#9561=CARTESIAN_POINT('Ctrl Pts',(-60.0515850342434,222.084813720605,-2.));
#9562=CARTESIAN_POINT('Ctrl Pts',(-60.0515850342434,222.084813720605,3.));
#9563=CARTESIAN_POINT('Ctrl Pts',(-60.0427129827796,222.121697829501,-2.));
#9564=CARTESIAN_POINT('Ctrl Pts',(-60.0427129827796,222.121697829501,3.));
#9565=CARTESIAN_POINT('Ctrl Pts',(-60.0340304917477,222.158688420399,-2.));
#9566=CARTESIAN_POINT('Ctrl Pts',(-60.0340304917477,222.158688420399,3.));
#9567=CARTESIAN_POINT('Ctrl Pts',(-60.0255365941879,222.195784040671,-2.));
#9568=CARTESIAN_POINT('Ctrl Pts',(-60.0255365941879,222.195784040671,3.));
#9569=CARTESIAN_POINT('Ctrl Pts',(-60.0172304163482,222.232983309459,-2.));
#9570=CARTESIAN_POINT('Ctrl Pts',(-60.0172304163482,222.232983309459,3.));
#9571=CARTESIAN_POINT('Ctrl Pts',(-60.0091111310668,222.270284877503,-2.));
#9572=CARTESIAN_POINT('Ctrl Pts',(-60.0091111310668,222.270284877503,3.));
#9573=CARTESIAN_POINT('Ctrl Pts',(-60.0011779065948,222.307687381918,-2.));
#9574=CARTESIAN_POINT('Ctrl Pts',(-60.0011779065948,222.307687381918,3.));
#9575=CARTESIAN_POINT('Ctrl Pts',(-59.9934298770431,222.3451894236,-2.));
#9576=CARTESIAN_POINT('Ctrl Pts',(-59.9934298770431,222.3451894236,3.));
#9577=CARTESIAN_POINT('Ctrl Pts',(-59.9858661703813,222.382789602433,-2.));
#9578=CARTESIAN_POINT('Ctrl Pts',(-59.9858661703813,222.382789602433,3.));
#9579=CARTESIAN_POINT('Ctrl Pts',(-59.9784859241498,222.420486541326,-2.));
#9580=CARTESIAN_POINT('Ctrl Pts',(-59.9784859241498,222.420486541326,3.));
#9581=CARTESIAN_POINT('Ctrl Pts',(-59.9712883038955,222.458278911904,-2.));
#9582=CARTESIAN_POINT('Ctrl Pts',(-59.9712883038955,222.458278911904,3.));
#9583=CARTESIAN_POINT('Ctrl Pts',(-59.9642725210934,222.496165463803,-2.));
#9584=CARTESIAN_POINT('Ctrl Pts',(-59.9642725210934,222.496165463803,3.));
#9585=CARTESIAN_POINT('Ctrl Pts',(-59.9574378437836,222.534145036296,-2.));
#9586=CARTESIAN_POINT('Ctrl Pts',(-59.9574378437836,222.534145036296,3.));
#9587=CARTESIAN_POINT('Ctrl Pts',(-59.9507835834719,222.572216513632,-2.));
#9588=CARTESIAN_POINT('Ctrl Pts',(-59.9507835834719,222.572216513632,3.));
#9589=CARTESIAN_POINT('Ctrl Pts',(-59.9443090848644,222.610378788328,-2.));
#9590=CARTESIAN_POINT('Ctrl Pts',(-59.9443090848644,222.610378788328,3.));
#9591=CARTESIAN_POINT('Ctrl Pts',(-59.9380137137843,222.648630723321,-2.));
#9592=CARTESIAN_POINT('Ctrl Pts',(-59.9380137137843,222.648630723321,3.));
#9593=CARTESIAN_POINT('Ctrl Pts',(-59.9318968432328,222.686971107663,-2.));
#9594=CARTESIAN_POINT('Ctrl Pts',(-59.9318968432328,222.686971107663,3.));
#9595=CARTESIAN_POINT('Ctrl Pts',(-59.9259578429353,222.725398633003,-2.));
#9596=CARTESIAN_POINT('Ctrl Pts',(-59.9259578429353,222.725398633003,3.));
#9597=CARTESIAN_POINT('Ctrl Pts',(-59.9201960908299,222.763911974631,-2.));
#9598=CARTESIAN_POINT('Ctrl Pts',(-59.9201960908299,222.763911974631,3.));
#9599=CARTESIAN_POINT('Ctrl Pts',(-59.914610980404,222.802509858563,-2.));
#9600=CARTESIAN_POINT('Ctrl Pts',(-59.914610980404,222.802509858563,3.));
#9601=CARTESIAN_POINT('Ctrl Pts',(-59.9092019286819,222.841191132201,-2.));
#9602=CARTESIAN_POINT('Ctrl Pts',(-59.9092019286819,222.841191132201,3.));
#9603=CARTESIAN_POINT('Ctrl Pts',(-59.9039683819543,222.879954835968,-2.));
#9604=CARTESIAN_POINT('Ctrl Pts',(-59.9039683819543,222.879954835968,3.));
#9605=CARTESIAN_POINT('Ctrl Pts',(-59.8989098232164,222.918800265534,-2.));
#9606=CARTESIAN_POINT('Ctrl Pts',(-59.8989098232164,222.918800265534,3.));
#9607=CARTESIAN_POINT('Ctrl Pts',(-59.8940258022669,222.957726932244,-2.));
#9608=CARTESIAN_POINT('Ctrl Pts',(-59.8940258022669,222.957726932244,3.));
#9609=CARTESIAN_POINT('Ctrl Pts',(-59.8902579309585,222.988933011683,-2.));
#9610=CARTESIAN_POINT('Ctrl Pts',(-59.8902579309585,222.988933011683,3.));
#9611=CARTESIAN_POINT('Ctrl Pts',(-59.8875103037981,223.012373920976,-2.));
#9612=CARTESIAN_POINT('Ctrl Pts',(-59.8875103037981,223.012373920976,3.));
#9613=CARTESIAN_POINT('Ctrl Pts',(-59.8857133302754,223.028017343908,-2.));
#9614=CARTESIAN_POINT('Ctrl Pts',(-59.8857133302754,223.028017343908,3.));
#9615=CARTESIAN_POINT('Ctrl Pts',(-59.8848235379936,223.035843092891,-2.));
#9616=CARTESIAN_POINT('Ctrl Pts',(-59.8848235379936,223.035843092891,3.));
#9617=CARTESIAN_POINT('Origin',(-70.,210.,-2.));
#9618=CARTESIAN_POINT('',(-60.2878237211976,219.034411556901,-2.));
#9619=CARTESIAN_POINT('Origin',(-60.0132512831449,219.289822943221,-2.));
#9620=CARTESIAN_POINT('',(-59.7654854538697,219.008332101729,-2.));
#9621=CARTESIAN_POINT('Origin',(-59.4194053372649,219.312948858111,-2.));
#9622=CARTESIAN_POINT('',(-59.4194053372649,219.312948858111,-2.));
#9623=CARTESIAN_POINT('Origin',(-58.0787782825612,216.627249279578,-2.));
#9624=CARTESIAN_POINT('',(-58.2699281297676,216.949874039807,-2.));
#9625=CARTESIAN_POINT('',(-58.4065364954018,216.445041832102,-2.));
#9626=CARTESIAN_POINT('Origin',(-58.5967203081125,216.756255066128,-2.));
#9627=CARTESIAN_POINT('',(-57.8732757411922,217.184884035371,-2.));
#9628=CARTESIAN_POINT('Ctrl Pts',(-56.9641569071091,220.115176462006,-2.));
#9629=CARTESIAN_POINT('Ctrl Pts',(-56.9641569071091,220.115176462006,3.));
#9630=CARTESIAN_POINT('Ctrl Pts',(-56.9719826560923,220.114286669725,-2.));
#9631=CARTESIAN_POINT('Ctrl Pts',(-56.9719826560923,220.114286669725,3.));
#9632=CARTESIAN_POINT('Ctrl Pts',(-56.9876260790243,220.112489696202,-2.));
#9633=CARTESIAN_POINT('Ctrl Pts',(-56.9876260790243,220.112489696202,3.));
#9634=CARTESIAN_POINT('Ctrl Pts',(-57.0110669883168,220.109742069042,-2.));
#9635=CARTESIAN_POINT('Ctrl Pts',(-57.0110669883168,220.109742069042,3.));
#9636=CARTESIAN_POINT('Ctrl Pts',(-57.0422730677555,220.105974197733,-2.));
#9637=CARTESIAN_POINT('Ctrl Pts',(-57.0422730677555,220.105974197733,3.));
#9638=CARTESIAN_POINT('Ctrl Pts',(-57.0811997344664,220.101090176784,-2.));
#9639=CARTESIAN_POINT('Ctrl Pts',(-57.0811997344664,220.101090176784,3.));
#9640=CARTESIAN_POINT('Ctrl Pts',(-57.1200451640317,220.096031618046,-2.));
#9641=CARTESIAN_POINT('Ctrl Pts',(-57.1200451640317,220.096031618046,3.));
#9642=CARTESIAN_POINT('Ctrl Pts',(-57.1588088677986,220.090798071318,-2.));
#9643=CARTESIAN_POINT('Ctrl Pts',(-57.1588088677986,220.090798071318,3.));
#9644=CARTESIAN_POINT('Ctrl Pts',(-57.1974901414372,220.085389019596,-2.));
#9645=CARTESIAN_POINT('Ctrl Pts',(-57.1974901414372,220.085389019596,3.));
#9646=CARTESIAN_POINT('Ctrl Pts',(-57.2360880253692,220.07980390917,-2.));
#9647=CARTESIAN_POINT('Ctrl Pts',(-57.2360880253692,220.07980390917,3.));
#9648=CARTESIAN_POINT('Ctrl Pts',(-57.2746013669967,220.074042157065,-2.));
#9649=CARTESIAN_POINT('Ctrl Pts',(-57.2746013669967,220.074042157065,3.));
#9650=CARTESIAN_POINT('Ctrl Pts',(-57.3130288923369,220.068103156767,-2.));
#9651=CARTESIAN_POINT('Ctrl Pts',(-57.3130288923369,220.068103156767,3.));
#9652=CARTESIAN_POINT('Ctrl Pts',(-57.3513692766791,220.061986286216,-2.));
#9653=CARTESIAN_POINT('Ctrl Pts',(-57.3513692766791,220.061986286216,3.));
#9654=CARTESIAN_POINT('Ctrl Pts',(-57.389621211672,220.055690915136,-2.));
#9655=CARTESIAN_POINT('Ctrl Pts',(-57.389621211672,220.055690915136,3.));
#9656=CARTESIAN_POINT('Ctrl Pts',(-57.4277834863675,220.049216416528,-2.));
#9657=CARTESIAN_POINT('Ctrl Pts',(-57.4277834863675,220.049216416528,3.));
#9658=CARTESIAN_POINT('Ctrl Pts',(-57.4658549637044,220.042562156216,-2.));
#9659=CARTESIAN_POINT('Ctrl Pts',(-57.4658549637044,220.042562156216,3.));
#9660=CARTESIAN_POINT('Ctrl Pts',(-57.5038345361966,220.035727478907,-2.));
#9661=CARTESIAN_POINT('Ctrl Pts',(-57.5038345361966,220.035727478907,3.));
#9662=CARTESIAN_POINT('Ctrl Pts',(-57.5417210880955,220.028711696104,-2.));
#9663=CARTESIAN_POINT('Ctrl Pts',(-57.5417210880955,220.028711696104,3.));
#9664=CARTESIAN_POINT('Ctrl Pts',(-57.5795134586743,220.02151407585,-2.));
#9665=CARTESIAN_POINT('Ctrl Pts',(-57.5795134586743,220.02151407585,3.));
#9666=CARTESIAN_POINT('Ctrl Pts',(-57.6172103975667,220.014133829619,-2.));
#9667=CARTESIAN_POINT('Ctrl Pts',(-57.6172103975667,220.014133829619,3.));
#9668=CARTESIAN_POINT('Ctrl Pts',(-57.6548105764001,220.006570122957,-2.));
#9669=CARTESIAN_POINT('Ctrl Pts',(-57.6548105764001,220.006570122957,3.));
#9670=CARTESIAN_POINT('Ctrl Pts',(-57.6923126180821,219.998822093405,-2.));
#9671=CARTESIAN_POINT('Ctrl Pts',(-57.6923126180821,219.998822093405,3.));
#9672=CARTESIAN_POINT('Ctrl Pts',(-57.7297151224965,219.990888868933,-2.));
#9673=CARTESIAN_POINT('Ctrl Pts',(-57.7297151224965,219.990888868933,3.));
#9674=CARTESIAN_POINT('Ctrl Pts',(-57.767016690541,219.982769583652,-2.));
#9675=CARTESIAN_POINT('Ctrl Pts',(-57.767016690541,219.982769583652,3.));
#9676=CARTESIAN_POINT('Ctrl Pts',(-57.8042159593294,219.974463405812,-2.));
#9677=CARTESIAN_POINT('Ctrl Pts',(-57.8042159593294,219.974463405812,3.));
#9678=CARTESIAN_POINT('Ctrl Pts',(-57.8413115796006,219.965969508252,-2.));
#9679=CARTESIAN_POINT('Ctrl Pts',(-57.8413115796006,219.965969508252,3.));
#9680=CARTESIAN_POINT('Ctrl Pts',(-57.8783021704989,219.95728701722,-2.));
#9681=CARTESIAN_POINT('Ctrl Pts',(-57.8783021704989,219.95728701722,3.));
#9682=CARTESIAN_POINT('Ctrl Pts',(-57.9151862793955,219.948414965757,-2.));
#9683=CARTESIAN_POINT('Ctrl Pts',(-57.9151862793955,219.948414965757,3.));
#9684=CARTESIAN_POINT('Ctrl Pts',(-57.9519623468718,219.939352254603,-2.));
#9685=CARTESIAN_POINT('Ctrl Pts',(-57.9519623468718,219.939352254603,3.));
#9686=CARTESIAN_POINT('Ctrl Pts',(-57.9886286536261,219.93009759066,-2.));
#9687=CARTESIAN_POINT('Ctrl Pts',(-57.9886286536261,219.93009759066,3.));
#9688=CARTESIAN_POINT('Ctrl Pts',(-58.0251833589716,219.920649539246,-2.));
#9689=CARTESIAN_POINT('Ctrl Pts',(-58.0251833589716,219.920649539246,3.));
#9690=CARTESIAN_POINT('Ctrl Pts',(-58.0616245821815,219.911006629249,-2.));
#9691=CARTESIAN_POINT('Ctrl Pts',(-58.0616245821815,219.911006629249,3.));
#9692=CARTESIAN_POINT('Ctrl Pts',(-58.0979504780009,219.901167452122,-2.));
#9693=CARTESIAN_POINT('Ctrl Pts',(-58.0979504780009,219.901167452122,3.));
#9694=CARTESIAN_POINT('Ctrl Pts',(-58.1341593000133,219.891130744448,-2.));
#9695=CARTESIAN_POINT('Ctrl Pts',(-58.1341593000133,219.891130744448,3.));
#9696=CARTESIAN_POINT('Ctrl Pts',(-58.1702495087285,219.880895530354,-2.));
#9697=CARTESIAN_POINT('Ctrl Pts',(-58.1702495087285,219.880895530354,3.));
#9698=CARTESIAN_POINT('Ctrl Pts',(-58.2062196761657,219.870460993893,-2.));
#9699=CARTESIAN_POINT('Ctrl Pts',(-58.2062196761657,219.870460993893,3.));
#9700=CARTESIAN_POINT('Ctrl Pts',(-58.2420682850651,219.859826211924,-2.));
#9701=CARTESIAN_POINT('Ctrl Pts',(-58.2420682850651,219.859826211924,3.));
#9702=CARTESIAN_POINT('Ctrl Pts',(-58.2777935456074,219.848989910214,-2.));
#9703=CARTESIAN_POINT('Ctrl Pts',(-58.2777935456074,219.848989910214,3.));
#9704=CARTESIAN_POINT('Ctrl Pts',(-58.3133932403633,219.837950257724,-2.));
#9705=CARTESIAN_POINT('Ctrl Pts',(-58.3133932403633,219.837950257724,3.));
#9706=CARTESIAN_POINT('Ctrl Pts',(-58.3488644704216,219.826704528732,-2.));
#9707=CARTESIAN_POINT('Ctrl Pts',(-58.3488644704216,219.826704528732,3.));
#9708=CARTESIAN_POINT('Ctrl Pts',(-58.3842038562237,219.815249373859,-2.));
#9709=CARTESIAN_POINT('Ctrl Pts',(-58.3842038562237,219.815249373859,3.));
#9710=CARTESIAN_POINT('Ctrl Pts',(-58.4194079829214,219.803581418518,-2.));
#9711=CARTESIAN_POINT('Ctrl Pts',(-58.4194079829214,219.803581418518,3.));
#9712=CARTESIAN_POINT('Ctrl Pts',(-58.4544738087772,219.791697812231,-2.));
#9713=CARTESIAN_POINT('Ctrl Pts',(-58.4544738087772,219.791697812231,3.));
#9714=CARTESIAN_POINT('Ctrl Pts',(-58.4893990076641,219.779596689599,-2.));
#9715=CARTESIAN_POINT('Ctrl Pts',(-58.4893990076641,219.779596689599,3.));
#9716=CARTESIAN_POINT('Ctrl Pts',(-58.5241825479382,219.767277948664,-2.));
#9717=CARTESIAN_POINT('Ctrl Pts',(-58.5241825479382,219.767277948664,3.));
#9718=CARTESIAN_POINT('Ctrl Pts',(-58.5588241822929,219.754742568233,-2.));
#9719=CARTESIAN_POINT('Ctrl Pts',(-58.5588241822929,219.754742568233,3.));
#9720=CARTESIAN_POINT('Ctrl Pts',(-58.5933233702744,219.741991164237,-2.));
#9721=CARTESIAN_POINT('Ctrl Pts',(-58.5933233702744,219.741991164237,3.));
#9722=CARTESIAN_POINT('Ctrl Pts',(-58.6276782917801,219.729022668182,-2.));
#9723=CARTESIAN_POINT('Ctrl Pts',(-58.6276782917801,219.729022668182,3.));
#9724=CARTESIAN_POINT('Ctrl Pts',(-58.661885010499,219.715833207278,-2.));
#9725=CARTESIAN_POINT('Ctrl Pts',(-58.661885010499,219.715833207278,3.));
#9726=CARTESIAN_POINT('Ctrl Pts',(-58.6959360999429,219.70241426285,-2.));
#9727=CARTESIAN_POINT('Ctrl Pts',(-58.6959360999429,219.70241426285,3.));
#9728=CARTESIAN_POINT('Ctrl Pts',(-58.7298218660809,219.688754316625,-2.));
#9729=CARTESIAN_POINT('Ctrl Pts',(-58.7298218660809,219.688754316625,3.));
#9730=CARTESIAN_POINT('Ctrl Pts',(-58.7635327880924,219.674842133505,-2.));
#9731=CARTESIAN_POINT('Ctrl Pts',(-58.7635327880924,219.674842133505,3.));
#9732=CARTESIAN_POINT('Ctrl Pts',(-58.7970617695397,219.660669789486,-2.));
#9733=CARTESIAN_POINT('Ctrl Pts',(-58.7970617695397,219.660669789486,3.));
#9734=CARTESIAN_POINT('Ctrl Pts',(-58.8304060455665,219.64623523851,-2.));
#9735=CARTESIAN_POINT('Ctrl Pts',(-58.8304060455665,219.64623523851,3.));
#9736=CARTESIAN_POINT('Ctrl Pts',(-58.8635703220587,219.631546532217,-2.));
#9737=CARTESIAN_POINT('Ctrl Pts',(-58.8635703220587,219.631546532217,3.));
#9738=CARTESIAN_POINT('Ctrl Pts',(-58.8965634883742,219.616617417989,-2.));
#9739=CARTESIAN_POINT('Ctrl Pts',(-58.8965634883742,219.616617417989,3.));
#9740=CARTESIAN_POINT('Ctrl Pts',(-58.9293928112646,219.601459558178,-2.));
#9741=CARTESIAN_POINT('Ctrl Pts',(-58.9293928112646,219.601459558178,3.));
#9742=CARTESIAN_POINT('Ctrl Pts',(-58.9620585392449,219.586075299428,-2.));
#9743=CARTESIAN_POINT('Ctrl Pts',(-58.9620585392449,219.586075299428,3.));
#9744=CARTESIAN_POINT('Ctrl Pts',(-58.9945492264061,219.570451409054,-2.));
#9745=CARTESIAN_POINT('Ctrl Pts',(-58.9945492264061,219.570451409054,3.));
#9746=CARTESIAN_POINT('Ctrl Pts',(-59.0268344413566,219.554549299025,-2.));
#9747=CARTESIAN_POINT('Ctrl Pts',(-59.0268344413566,219.554549299025,3.));
#9748=CARTESIAN_POINT('Ctrl Pts',(-59.0588731522105,219.538316309426,-2.));
#9749=CARTESIAN_POINT('Ctrl Pts',(-59.0588731522105,219.538316309426,3.));
#9750=CARTESIAN_POINT('Ctrl Pts',(-59.0906267657312,219.521703249855,-2.));
#9751=CARTESIAN_POINT('Ctrl Pts',(-59.0906267657312,219.521703249855,3.));
#9752=CARTESIAN_POINT('Ctrl Pts',(-59.1220714035532,219.504680904852,-2.));
#9753=CARTESIAN_POINT('Ctrl Pts',(-59.1220714035532,219.504680904852,3.));
#9754=CARTESIAN_POINT('Ctrl Pts',(-59.1532087484724,219.487254644558,-2.));
#9755=CARTESIAN_POINT('Ctrl Pts',(-59.1532087484724,219.487254644558,3.));
#9756=CARTESIAN_POINT('Ctrl Pts',(-59.1840821351563,219.469486014515,-2.));
#9757=CARTESIAN_POINT('Ctrl Pts',(-59.1840821351563,219.469486014515,3.));
#9758=CARTESIAN_POINT('Ctrl Pts',(-59.214752333123,219.451460655063,-2.));
#9759=CARTESIAN_POINT('Ctrl Pts',(-59.214752333123,219.451460655063,3.));
#9760=CARTESIAN_POINT('Ctrl Pts',(-59.2452652253464,219.433245419902,-2.));
#9761=CARTESIAN_POINT('Ctrl Pts',(-59.2452652253464,219.433245419902,3.));
#9762=CARTESIAN_POINT('Ctrl Pts',(-59.2756213278972,219.414847967743,-2.));
#9763=CARTESIAN_POINT('Ctrl Pts',(-59.2756213278972,219.414847967743,3.));
#9764=CARTESIAN_POINT('Ctrl Pts',(-59.3057466390018,219.396178077753,-2.));
#9765=CARTESIAN_POINT('Ctrl Pts',(-59.3057466390018,219.396178077753,3.));
#9766=CARTESIAN_POINT('Ctrl Pts',(-59.3354570771431,219.377000553706,-2.));
#9767=CARTESIAN_POINT('Ctrl Pts',(-59.3354570771431,219.377000553706,3.));
#9768=CARTESIAN_POINT('Ctrl Pts',(-59.3645081239,219.357000041569,-2.));
#9769=CARTESIAN_POINT('Ctrl Pts',(-59.3645081239,219.357000041569,3.));
#9770=CARTESIAN_POINT('Ctrl Pts',(-59.3870242723484,219.340085978685,-2.));
#9771=CARTESIAN_POINT('Ctrl Pts',(-59.3870242723484,219.340085978685,3.));
#9772=CARTESIAN_POINT('Ctrl Pts',(-59.4034168264388,219.326773731642,-2.));
#9773=CARTESIAN_POINT('Ctrl Pts',(-59.4034168264388,219.326773731642,3.));
#9774=CARTESIAN_POINT('Ctrl Pts',(-59.4141143142731,219.31760597126,-2.));
#9775=CARTESIAN_POINT('Ctrl Pts',(-59.4141143142731,219.31760597126,3.));
#9776=CARTESIAN_POINT('Ctrl Pts',(-59.4194053372649,219.312948858111,-2.));
#9777=CARTESIAN_POINT('Ctrl Pts',(-59.4194053372649,219.312948858111,3.));
#9778=CARTESIAN_POINT('',(-56.9641569071091,220.115176462006,-2.));
#9779=CARTESIAN_POINT('Origin',(-70.000000000002,209.999999999999,-2.));
#9780=CARTESIAN_POINT('',(-56.3515984606249,219.272062091034,-2.));
#9781=CARTESIAN_POINT('Ctrl Pts',(-57.8732757411922,217.184884035371,-2.));
#9782=CARTESIAN_POINT('Ctrl Pts',(-57.8732757411922,217.184884035371,3.));
#9783=CARTESIAN_POINT('Ctrl Pts',(-57.8672115473625,217.188476970157,-2.));
#9784=CARTESIAN_POINT('Ctrl Pts',(-57.8672115473625,217.188476970157,3.));
#9785=CARTESIAN_POINT('Ctrl Pts',(-57.8551867835734,217.195817891912,-2.));
#9786=CARTESIAN_POINT('Ctrl Pts',(-57.8551867835734,217.195817891912,3.));
#9787=CARTESIAN_POINT('Ctrl Pts',(-57.8374605064812,217.207294426728,-2.));
#9788=CARTESIAN_POINT('Ctrl Pts',(-57.8374605064812,217.207294426728,3.));
#9789=CARTESIAN_POINT('Ctrl Pts',(-57.8144164042398,217.223481823557,-2.));
#9790=CARTESIAN_POINT('Ctrl Pts',(-57.8144164042398,217.223481823557,3.));
#9791=CARTESIAN_POINT('Ctrl Pts',(-57.7864175196909,217.244930512734,-2.));
#9792=CARTESIAN_POINT('Ctrl Pts',(-57.7864175196909,217.244930512734,3.));
#9793=CARTESIAN_POINT('Ctrl Pts',(-57.7589975801835,217.26726063769,-2.));
#9794=CARTESIAN_POINT('Ctrl Pts',(-57.7589975801835,217.26726063769,3.));
#9795=CARTESIAN_POINT('Ctrl Pts',(-57.7319322265574,217.290142197831,-2.));
#9796=CARTESIAN_POINT('Ctrl Pts',(-57.7319322265574,217.290142197831,3.));
#9797=CARTESIAN_POINT('Ctrl Pts',(-57.7050546582276,217.313327441601,-2.));
#9798=CARTESIAN_POINT('Ctrl Pts',(-57.7050546582276,217.313327441601,3.));
#9799=CARTESIAN_POINT('Ctrl Pts',(-57.678301937887,217.33671810936,-2.));
#9800=CARTESIAN_POINT('Ctrl Pts',(-57.678301937887,217.33671810936,3.));
#9801=CARTESIAN_POINT('Ctrl Pts',(-57.6516811899293,217.360317058592,-2.));
#9802=CARTESIAN_POINT('Ctrl Pts',(-57.6516811899293,217.360317058592,3.));
#9803=CARTESIAN_POINT('Ctrl Pts',(-57.6252418173819,217.384188585527,-2.));
#9804=CARTESIAN_POINT('Ctrl Pts',(-57.6252418173819,217.384188585527,3.));
#9805=CARTESIAN_POINT('Ctrl Pts',(-57.5990464902347,217.408416949734,-2.));
#9806=CARTESIAN_POINT('Ctrl Pts',(-57.5990464902347,217.408416949734,3.));
#9807=CARTESIAN_POINT('Ctrl Pts',(-57.5731403506287,217.433062383547,-2.));
#9808=CARTESIAN_POINT('Ctrl Pts',(-57.5731403506287,217.433062383547,3.));
#9809=CARTESIAN_POINT('Ctrl Pts',(-57.5475279858574,217.458128146866,-2.));
#9810=CARTESIAN_POINT('Ctrl Pts',(-57.5475279858574,217.458128146866,3.));
#9811=CARTESIAN_POINT('Ctrl Pts',(-57.5221889891887,217.483582501941,-2.));
#9812=CARTESIAN_POINT('Ctrl Pts',(-57.5221889891887,217.483582501941,3.));
#9813=CARTESIAN_POINT('Ctrl Pts',(-57.4970885037352,217.509373543755,-2.));
#9814=CARTESIAN_POINT('Ctrl Pts',(-57.4970885037352,217.509373543755,3.));
#9815=CARTESIAN_POINT('Ctrl Pts',(-57.4721891264934,217.535445975854,-2.));
#9816=CARTESIAN_POINT('Ctrl Pts',(-57.4721891264934,217.535445975854,3.));
#9817=CARTESIAN_POINT('Ctrl Pts',(-57.4474635618814,217.56175893191,-2.));
#9818=CARTESIAN_POINT('Ctrl Pts',(-57.4474635618814,217.56175893191,3.));
#9819=CARTESIAN_POINT('Ctrl Pts',(-57.4229027618485,217.588297437091,-2.));
#9820=CARTESIAN_POINT('Ctrl Pts',(-57.4229027618485,217.588297437091,3.));
#9821=CARTESIAN_POINT('Ctrl Pts',(-57.3985088813893,217.615062452901,-2.));
#9822=CARTESIAN_POINT('Ctrl Pts',(-57.3985088813893,217.615062452901,3.));
#9823=CARTESIAN_POINT('Ctrl Pts',(-57.3742907665112,217.642064494297,-2.));
#9824=CARTESIAN_POINT('Ctrl Pts',(-57.3742907665112,217.642064494297,3.));
#9825=CARTESIAN_POINT('Ctrl Pts',(-57.3502587447888,217.669316263736,-2.));
#9826=CARTESIAN_POINT('Ctrl Pts',(-57.3502587447888,217.669316263736,3.));
#9827=CARTESIAN_POINT('Ctrl Pts',(-57.326419019587,217.696824724874,-2.));
#9828=CARTESIAN_POINT('Ctrl Pts',(-57.326419019587,217.696824724874,3.));
#9829=CARTESIAN_POINT('Ctrl Pts',(-57.3027704993767,217.72458661591,-2.));
#9830=CARTESIAN_POINT('Ctrl Pts',(-57.3027704993767,217.72458661591,3.));
#9831=CARTESIAN_POINT('Ctrl Pts',(-57.279307840904,217.75259273908,-2.));
#9832=CARTESIAN_POINT('Ctrl Pts',(-57.279307840904,217.75259273908,3.));
#9833=CARTESIAN_POINT('Ctrl Pts',(-57.256023301048,217.780830567707,-2.));
#9834=CARTESIAN_POINT('Ctrl Pts',(-57.256023301048,217.780830567707,3.));
#9835=CARTESIAN_POINT('Ctrl Pts',(-57.2329089209033,217.80928732288,-2.));
#9836=CARTESIAN_POINT('Ctrl Pts',(-57.2329089209033,217.80928732288,3.));
#9837=CARTESIAN_POINT('Ctrl Pts',(-57.2099588936382,217.837953309173,-2.));
#9838=CARTESIAN_POINT('Ctrl Pts',(-57.2099588936382,217.837953309173,3.));
#9839=CARTESIAN_POINT('Ctrl Pts',(-57.1871707523971,217.866823586172,-2.));
#9840=CARTESIAN_POINT('Ctrl Pts',(-57.1871707523971,217.866823586172,3.));
#9841=CARTESIAN_POINT('Ctrl Pts',(-57.1645440434257,217.895896092676,-2.));
#9842=CARTESIAN_POINT('Ctrl Pts',(-57.1645440434257,217.895896092676,3.));
#9843=CARTESIAN_POINT('Ctrl Pts',(-57.1420795195178,217.925170505016,-2.));
#9844=CARTESIAN_POINT('Ctrl Pts',(-57.1420795195178,217.925170505016,3.));
#9845=CARTESIAN_POINT('Ctrl Pts',(-57.1197781879962,217.954646890456,-2.));
#9846=CARTESIAN_POINT('Ctrl Pts',(-57.1197781879962,217.954646890456,3.));
#9847=CARTESIAN_POINT('Ctrl Pts',(-57.0976402706878,217.984324236338,-2.));
#9848=CARTESIAN_POINT('Ctrl Pts',(-57.0976402706878,217.984324236338,3.));
#9849=CARTESIAN_POINT('Ctrl Pts',(-57.0756647123072,218.014199753944,-2.));
#9850=CARTESIAN_POINT('Ctrl Pts',(-57.0756647123072,218.014199753944,3.));
#9851=CARTESIAN_POINT('Ctrl Pts',(-57.0538497418369,218.044269669564,-2.));
#9852=CARTESIAN_POINT('Ctrl Pts',(-57.0538497418369,218.044269669564,3.));
#9853=CARTESIAN_POINT('Ctrl Pts',(-57.0321932050993,218.074529692679,-2.));
#9854=CARTESIAN_POINT('Ctrl Pts',(-57.0321932050993,218.074529692679,3.));
#9855=CARTESIAN_POINT('Ctrl Pts',(-57.0106929609863,218.104975574124,-2.));
#9856=CARTESIAN_POINT('Ctrl Pts',(-57.0106929609863,218.104975574124,3.));
#9857=CARTESIAN_POINT('Ctrl Pts',(-56.9893473129964,218.135603714574,-2.));
#9858=CARTESIAN_POINT('Ctrl Pts',(-56.9893473129964,218.135603714574,3.));
#9859=CARTESIAN_POINT('Ctrl Pts',(-56.9681552049308,218.166411439308,-2.));
#9860=CARTESIAN_POINT('Ctrl Pts',(-56.9681552049308,218.166411439308,3.));
#9861=CARTESIAN_POINT('Ctrl Pts',(-56.9471159780073,218.197396652347,-2.));
#9862=CARTESIAN_POINT('Ctrl Pts',(-56.9471159780073,218.197396652347,3.));
#9863=CARTESIAN_POINT('Ctrl Pts',(-56.9262292231236,218.228557625424,-2.));
#9864=CARTESIAN_POINT('Ctrl Pts',(-56.9262292231236,218.228557625424,3.));
#9865=CARTESIAN_POINT('Ctrl Pts',(-56.9054946055399,218.259892748307,-2.));
#9866=CARTESIAN_POINT('Ctrl Pts',(-56.9054946055399,218.259892748307,3.));
#9867=CARTESIAN_POINT('Ctrl Pts',(-56.8849116728742,218.291400255293,-2.));
#9868=CARTESIAN_POINT('Ctrl Pts',(-56.8849116728742,218.291400255293,3.));
#9869=CARTESIAN_POINT('Ctrl Pts',(-56.8644797632176,218.323078095025,-2.));
#9870=CARTESIAN_POINT('Ctrl Pts',(-56.8644797632176,218.323078095025,3.));
#9871=CARTESIAN_POINT('Ctrl Pts',(-56.8441981071783,218.354924077294,-2.));
#9872=CARTESIAN_POINT('Ctrl Pts',(-56.8441981071783,218.354924077294,3.));
#9873=CARTESIAN_POINT('Ctrl Pts',(-56.8240658868208,218.386935958826,-2.));
#9874=CARTESIAN_POINT('Ctrl Pts',(-56.8240658868208,218.386935958826,3.));
#9875=CARTESIAN_POINT('Ctrl Pts',(-56.8040823064867,218.419111545681,-2.));
#9876=CARTESIAN_POINT('Ctrl Pts',(-56.8040823064867,218.419111545681,3.));
#9877=CARTESIAN_POINT('Ctrl Pts',(-56.7842466676577,218.451448803118,-2.));
#9878=CARTESIAN_POINT('Ctrl Pts',(-56.7842466676577,218.451448803118,3.));
#9879=CARTESIAN_POINT('Ctrl Pts',(-56.7645584067646,218.483945908351,-2.));
#9880=CARTESIAN_POINT('Ctrl Pts',(-56.7645584067646,218.483945908351,3.));
#9881=CARTESIAN_POINT('Ctrl Pts',(-56.7450170530609,218.516601181041,-2.));
#9882=CARTESIAN_POINT('Ctrl Pts',(-56.7450170530609,218.516601181041,3.));
#9883=CARTESIAN_POINT('Ctrl Pts',(-56.7256222022669,218.549413037913,-2.));
#9884=CARTESIAN_POINT('Ctrl Pts',(-56.7256222022669,218.549413037913,3.));
#9885=CARTESIAN_POINT('Ctrl Pts',(-56.7063734846498,218.582379940136,-2.));
#9886=CARTESIAN_POINT('Ctrl Pts',(-56.7063734846498,218.582379940136,3.));
#9887=CARTESIAN_POINT('Ctrl Pts',(-56.6872705303243,218.615500334503,-2.));
#9888=CARTESIAN_POINT('Ctrl Pts',(-56.6872705303243,218.615500334503,3.));
#9889=CARTESIAN_POINT('Ctrl Pts',(-56.6683129481272,218.648772622814,-2.));
#9890=CARTESIAN_POINT('Ctrl Pts',(-56.6683129481272,218.648772622814,3.));
#9891=CARTESIAN_POINT('Ctrl Pts',(-56.6495003413682,218.682195204009,-2.));
#9892=CARTESIAN_POINT('Ctrl Pts',(-56.6495003413682,218.682195204009,3.));
#9893=CARTESIAN_POINT('Ctrl Pts',(-56.6308323153441,218.715766501879,-2.));
#9894=CARTESIAN_POINT('Ctrl Pts',(-56.6308323153441,218.715766501879,3.));
#9895=CARTESIAN_POINT('Ctrl Pts',(-56.6123084869329,218.749484995206,-2.));
#9896=CARTESIAN_POINT('Ctrl Pts',(-56.6123084869329,218.749484995206,3.));
#9897=CARTESIAN_POINT('Ctrl Pts',(-56.593928492587,218.783349251155,-2.));
#9898=CARTESIAN_POINT('Ctrl Pts',(-56.593928492587,218.783349251155,3.));
#9899=CARTESIAN_POINT('Ctrl Pts',(-56.5756919948555,218.81735793962,-2.));
#9900=CARTESIAN_POINT('Ctrl Pts',(-56.5756919948555,218.81735793962,3.));
#9901=CARTESIAN_POINT('Ctrl Pts',(-56.5575986837269,218.851509786705,-2.));
#9902=CARTESIAN_POINT('Ctrl Pts',(-56.5575986837269,218.851509786705,3.));
#9903=CARTESIAN_POINT('Ctrl Pts',(-56.5396482782116,218.885803536631,-2.));
#9904=CARTESIAN_POINT('Ctrl Pts',(-56.5396482782116,218.885803536631,3.));
#9905=CARTESIAN_POINT('Ctrl Pts',(-56.5218405265428,218.920237912017,-2.));
#9906=CARTESIAN_POINT('Ctrl Pts',(-56.5218405265428,218.920237912017,3.));
#9907=CARTESIAN_POINT('Ctrl Pts',(-56.5041752066128,218.95481156743,-2.));
#9908=CARTESIAN_POINT('Ctrl Pts',(-56.5041752066128,218.95481156743,3.));
#9909=CARTESIAN_POINT('Ctrl Pts',(-56.4866521232978,218.989523063789,-2.));
#9910=CARTESIAN_POINT('Ctrl Pts',(-56.4866521232978,218.989523063789,3.));
#9911=CARTESIAN_POINT('Ctrl Pts',(-56.4692710943396,219.02437094899,-2.));
#9912=CARTESIAN_POINT('Ctrl Pts',(-56.4692710943396,219.02437094899,3.));
#9913=CARTESIAN_POINT('Ctrl Pts',(-56.4520319365929,219.059353823981,-2.));
#9914=CARTESIAN_POINT('Ctrl Pts',(-56.4520319365929,219.059353823981,3.));
#9915=CARTESIAN_POINT('Ctrl Pts',(-56.4349344517872,219.094470412428,-2.));
#9916=CARTESIAN_POINT('Ctrl Pts',(-56.4349344517872,219.094470412428,3.));
#9917=CARTESIAN_POINT('Ctrl Pts',(-56.4179784098398,219.129719630612,-2.));
#9918=CARTESIAN_POINT('Ctrl Pts',(-56.4179784098398,219.129719630612,3.));
#9919=CARTESIAN_POINT('Ctrl Pts',(-56.4011635366995,219.165100648911,-2.));
#9920=CARTESIAN_POINT('Ctrl Pts',(-56.4011635366995,219.165100648911,3.));
#9921=CARTESIAN_POINT('Ctrl Pts',(-56.3844895552017,219.20061286347,-2.));
#9922=CARTESIAN_POINT('Ctrl Pts',(-56.3844895552017,219.20061286347,3.));
#9923=CARTESIAN_POINT('Ctrl Pts',(-56.3712628877669,219.229127272401,-2.));
#9924=CARTESIAN_POINT('Ctrl Pts',(-56.3712628877669,219.229127272401,3.));
#9925=CARTESIAN_POINT('Ctrl Pts',(-56.3614060997167,219.250571838445,-2.));
#9926=CARTESIAN_POINT('Ctrl Pts',(-56.3614060997167,219.250571838445,3.));
#9927=CARTESIAN_POINT('Ctrl Pts',(-56.3548629928021,219.264894322405,-2.));
#9928=CARTESIAN_POINT('Ctrl Pts',(-56.3548629928021,219.264894322405,3.));
#9929=CARTESIAN_POINT('Ctrl Pts',(-56.3515984606249,219.272062091034,-2.));
#9930=CARTESIAN_POINT('Ctrl Pts',(-56.3515984606249,219.272062091034,3.));
#9931=CARTESIAN_POINT('Origin',(-70.,210.,-2.));
#9932=CARTESIAN_POINT('',(-57.9713847573779,215.591008459568,-2.));
#9933=CARTESIAN_POINT('Origin',(-57.6313243920431,215.749071573318,-2.));
#9934=CARTESIAN_POINT('',(-57.4826705393775,215.404794022369,-2.));
#9935=CARTESIAN_POINT('Origin',(-57.0593970348271,215.587557136052,-2.));
#9936=CARTESIAN_POINT('',(-57.0593970348271,215.587557136052,-2.));
#9937=CARTESIAN_POINT('Origin',(-56.6143117500818,212.619028508055,-2.));
#9938=CARTESIAN_POINT('',(-56.6964095241394,212.984931439848,-2.));
#9939=CARTESIAN_POINT('Origin',(-57.0670389081287,212.90177318999,-2.));
#9940=CARTESIAN_POINT('',(-56.2465486028035,213.085866898594,-2.));
#9941=CARTESIAN_POINT('Ctrl Pts',(-54.4764150532435,215.591807435958,-2.));
#9942=CARTESIAN_POINT('Ctrl Pts',(-54.4764150532435,215.591807435958,3.));
#9943=CARTESIAN_POINT('Ctrl Pts',(-54.4841327437454,215.59337948264,-2.));
#9944=CARTESIAN_POINT('Ctrl Pts',(-54.4841327437454,215.59337948264,3.));
#9945=CARTESIAN_POINT('Ctrl Pts',(-54.499565818419,215.596504542798,-2.));
#9946=CARTESIAN_POINT('Ctrl Pts',(-54.499565818419,215.596504542798,3.));
#9947=CARTESIAN_POINT('Ctrl Pts',(-54.5227085114362,215.601135033417,-2.));
#9948=CARTESIAN_POINT('Ctrl Pts',(-54.5227085114362,215.601135033417,3.));
#9949=CARTESIAN_POINT('Ctrl Pts',(-54.5535515929014,215.607194783731,-2.));
#9950=CARTESIAN_POINT('Ctrl Pts',(-54.5535515929014,215.607194783731,3.));
#9951=CARTESIAN_POINT('Ctrl Pts',(-54.5920822984087,215.61457880533,-2.));
#9952=CARTESIAN_POINT('Ctrl Pts',(-54.5920822984087,215.61457880533,3.));
#9953=CARTESIAN_POINT('Ctrl Pts',(-54.6305896779422,215.621771727968,-2.));
#9954=CARTESIAN_POINT('Ctrl Pts',(-54.6305896779422,215.621771727968,3.));
#9955=CARTESIAN_POINT('Ctrl Pts',(-54.669073405885,215.628772972479,-2.));
#9956=CARTESIAN_POINT('Ctrl Pts',(-54.669073405885,215.628772972479,3.));
#9957=CARTESIAN_POINT('Ctrl Pts',(-54.7075329721432,215.63558182951,-2.));
#9958=CARTESIAN_POINT('Ctrl Pts',(-54.7075329721432,215.63558182951,3.));
#9959=CARTESIAN_POINT('Ctrl Pts',(-54.7459676352091,215.642197475927,-2.));
#9960=CARTESIAN_POINT('Ctrl Pts',(-54.7459676352091,215.642197475927,3.));
#9961=CARTESIAN_POINT('Ctrl Pts',(-54.7843764790462,215.648619001115,-2.));
#9962=CARTESIAN_POINT('Ctrl Pts',(-54.7843764790462,215.648619001115,3.));
#9963=CARTESIAN_POINT('Ctrl Pts',(-54.8227584794475,215.654845434563,-2.));
#9964=CARTESIAN_POINT('Ctrl Pts',(-54.8227584794475,215.654845434563,3.));
#9965=CARTESIAN_POINT('Ctrl Pts',(-54.8611125687662,215.660875775299,-2.));
#9966=CARTESIAN_POINT('Ctrl Pts',(-54.8611125687662,215.660875775299,3.));
#9967=CARTESIAN_POINT('Ctrl Pts',(-54.8994376974518,215.666709019591,-2.));
#9968=CARTESIAN_POINT('Ctrl Pts',(-54.8994376974518,215.666709019591,3.));
#9969=CARTESIAN_POINT('Ctrl Pts',(-54.9377329075774,215.672344196926,-2.));
#9970=CARTESIAN_POINT('Ctrl Pts',(-54.9377329075774,215.672344196926,3.));
#9971=CARTESIAN_POINT('Ctrl Pts',(-54.9759973137049,215.677780352793,-2.));
#9972=CARTESIAN_POINT('Ctrl Pts',(-54.9759973137049,215.677780352793,3.));
#9973=CARTESIAN_POINT('Ctrl Pts',(-55.0142300650495,215.68301652174,-2.));
#9974=CARTESIAN_POINT('Ctrl Pts',(-55.0142300650495,215.68301652174,3.));
#9975=CARTESIAN_POINT('Ctrl Pts',(-55.0524303132277,215.688051704184,-2.));
#9976=CARTESIAN_POINT('Ctrl Pts',(-55.0524303132277,215.688051704184,3.));
#9977=CARTESIAN_POINT('Ctrl Pts',(-55.0905971805105,215.692884845306,-2.));
#9978=CARTESIAN_POINT('Ctrl Pts',(-55.0905971805105,215.692884845306,3.));
#9979=CARTESIAN_POINT('Ctrl Pts',(-55.1287297213967,215.697514808789,-2.));
#9980=CARTESIAN_POINT('Ctrl Pts',(-55.1287297213967,215.697514808789,3.));
#9981=CARTESIAN_POINT('Ctrl Pts',(-55.166826930389,215.701940390532,-2.));
#9982=CARTESIAN_POINT('Ctrl Pts',(-55.166826930389,215.701940390532,3.));
#9983=CARTESIAN_POINT('Ctrl Pts',(-55.2048877643095,215.706160344742,-2.));
#9984=CARTESIAN_POINT('Ctrl Pts',(-55.2048877643095,215.706160344742,3.));
#9985=CARTESIAN_POINT('Ctrl Pts',(-55.2429111610406,215.710173409409,-2.));
#9986=CARTESIAN_POINT('Ctrl Pts',(-55.2429111610406,215.710173409409,3.));
#9987=CARTESIAN_POINT('Ctrl Pts',(-55.2808960575314,215.713978328677,-2.));
#9988=CARTESIAN_POINT('Ctrl Pts',(-55.2808960575314,215.713978328677,3.));
#9989=CARTESIAN_POINT('Ctrl Pts',(-55.3188414146249,215.717573890351,-2.));
#9990=CARTESIAN_POINT('Ctrl Pts',(-55.3188414146249,215.717573890351,3.));
#9991=CARTESIAN_POINT('Ctrl Pts',(-55.3567462047042,215.720958890809,-2.));
#9992=CARTESIAN_POINT('Ctrl Pts',(-55.3567462047042,215.720958890809,3.));
#9993=CARTESIAN_POINT('Ctrl Pts',(-55.3946093845021,215.724132072355,-2.));
#9994=CARTESIAN_POINT('Ctrl Pts',(-55.3946093845021,215.724132072355,3.));
#9995=CARTESIAN_POINT('Ctrl Pts',(-55.4324298712932,215.727092066469,-2.));
#9996=CARTESIAN_POINT('Ctrl Pts',(-55.4324298712932,215.727092066469,3.));
#9997=CARTESIAN_POINT('Ctrl Pts',(-55.4702065216717,215.729837345807,-2.));
#9998=CARTESIAN_POINT('Ctrl Pts',(-55.4702065216717,215.729837345807,3.));
#9999=CARTESIAN_POINT('Ctrl Pts',(-55.5079381000746,215.732366149266,-2.));
#10000=CARTESIAN_POINT('Ctrl Pts',(-55.5079381000746,215.732366149266,3.));
#10001=CARTESIAN_POINT('Ctrl Pts',(-55.5456232992452,215.734676543579,-2.));
#10002=CARTESIAN_POINT('Ctrl Pts',(-55.5456232992452,215.734676543579,3.));
#10003=CARTESIAN_POINT('Ctrl Pts',(-55.5832607851051,215.736766548458,-2.));
#10004=CARTESIAN_POINT('Ctrl Pts',(-55.5832607851051,215.736766548458,3.));
#10005=CARTESIAN_POINT('Ctrl Pts',(-55.6208492379773,215.73863425408,-2.));
#10006=CARTESIAN_POINT('Ctrl Pts',(-55.6208492379773,215.73863425408,3.));
#10007=CARTESIAN_POINT('Ctrl Pts',(-55.6583873873385,215.740277919193,-2.));
#10008=CARTESIAN_POINT('Ctrl Pts',(-55.6583873873385,215.740277919193,3.));
#10009=CARTESIAN_POINT('Ctrl Pts',(-55.6958740706077,215.741696139956,-2.));
#10010=CARTESIAN_POINT('Ctrl Pts',(-55.6958740706077,215.741696139956,3.));
#10011=CARTESIAN_POINT('Ctrl Pts',(-55.7333081818357,215.74288769909,-2.));
#10012=CARTESIAN_POINT('Ctrl Pts',(-55.7333081818357,215.74288769909,3.));
#10013=CARTESIAN_POINT('Ctrl Pts',(-55.7706885632895,215.743851249773,-2.));
#10014=CARTESIAN_POINT('Ctrl Pts',(-55.7706885632895,215.743851249773,3.));
#10015=CARTESIAN_POINT('Ctrl Pts',(-55.8080139065092,215.744585027056,-2.));
#10016=CARTESIAN_POINT('Ctrl Pts',(-55.8080139065092,215.744585027056,3.));
#10017=CARTESIAN_POINT('Ctrl Pts',(-55.8452826684164,215.745086604291,-2.));
#10018=CARTESIAN_POINT('Ctrl Pts',(-55.8452826684164,215.745086604291,3.));
#10019=CARTESIAN_POINT('Ctrl Pts',(-55.8824929342771,215.745352493352,-2.));
#10020=CARTESIAN_POINT('Ctrl Pts',(-55.8824929342771,215.745352493352,3.));
#10021=CARTESIAN_POINT('Ctrl Pts',(-55.9196425249548,215.745378464449,-2.));
#10022=CARTESIAN_POINT('Ctrl Pts',(-55.9196425249548,215.745378464449,3.));
#10023=CARTESIAN_POINT('Ctrl Pts',(-55.9567292355411,215.745160252912,-2.));
#10024=CARTESIAN_POINT('Ctrl Pts',(-55.9567292355411,215.745160252912,3.));
#10025=CARTESIAN_POINT('Ctrl Pts',(-55.9937510540179,215.744694207826,-2.));
#10026=CARTESIAN_POINT('Ctrl Pts',(-55.9937510540179,215.744694207826,3.));
#10027=CARTESIAN_POINT('Ctrl Pts',(-56.0307063445466,215.74397783628,-2.));
#10028=CARTESIAN_POINT('Ctrl Pts',(-56.0307063445466,215.74397783628,3.));
#10029=CARTESIAN_POINT('Ctrl Pts',(-56.0675941574822,215.743010722511,-2.));
#10030=CARTESIAN_POINT('Ctrl Pts',(-56.0675941574822,215.743010722511,3.));
#10031=CARTESIAN_POINT('Ctrl Pts',(-56.1044139551544,215.741793720997,-2.));
#10032=CARTESIAN_POINT('Ctrl Pts',(-56.1044139551544,215.741793720997,3.));
#10033=CARTESIAN_POINT('Ctrl Pts',(-56.1411650332281,215.740327250512,-2.));
#10034=CARTESIAN_POINT('Ctrl Pts',(-56.1411650332281,215.740327250512,3.));
#10035=CARTESIAN_POINT('Ctrl Pts',(-56.1778459908654,215.738609732419,-2.));
#10036=CARTESIAN_POINT('Ctrl Pts',(-56.1778459908654,215.738609732419,3.));
#10037=CARTESIAN_POINT('Ctrl Pts',(-56.2144542811699,215.736636267086,-2.));
#10038=CARTESIAN_POINT('Ctrl Pts',(-56.2144542811699,215.736636267086,3.));
#10039=CARTESIAN_POINT('Ctrl Pts',(-56.2509854735475,215.73439645786,-2.));
#10040=CARTESIAN_POINT('Ctrl Pts',(-56.2509854735475,215.73439645786,3.));
#10041=CARTESIAN_POINT('Ctrl Pts',(-56.2874339077682,215.731876354595,-2.));
#10042=CARTESIAN_POINT('Ctrl Pts',(-56.2874339077682,215.731876354595,3.));
#10043=CARTESIAN_POINT('Ctrl Pts',(-56.3237940008307,215.72906232998,-2.));
#10044=CARTESIAN_POINT('Ctrl Pts',(-56.3237940008307,215.72906232998,3.));
#10045=CARTESIAN_POINT('Ctrl Pts',(-56.3600614522729,215.725944654921,-2.));
#10046=CARTESIAN_POINT('Ctrl Pts',(-56.3600614522729,215.725944654921,3.));
#10047=CARTESIAN_POINT('Ctrl Pts',(-56.3962342648269,215.722520529114,-2.));
#10048=CARTESIAN_POINT('Ctrl Pts',(-56.3962342648269,215.722520529114,3.));
#10049=CARTESIAN_POINT('Ctrl Pts',(-56.4323144259629,215.71879906432,-2.));
#10050=CARTESIAN_POINT('Ctrl Pts',(-56.4323144259629,215.71879906432,3.));
#10051=CARTESIAN_POINT('Ctrl Pts',(-56.468306141788,215.71479608204,-2.));
#10052=CARTESIAN_POINT('Ctrl Pts',(-56.468306141788,215.71479608204,3.));
#10053=CARTESIAN_POINT('Ctrl Pts',(-56.5042127195284,215.710524919381,-2.));
#10054=CARTESIAN_POINT('Ctrl Pts',(-56.5042127195284,215.710524919381,3.));
#10055=CARTESIAN_POINT('Ctrl Pts',(-56.5400336703831,215.705987884928,-2.));
#10056=CARTESIAN_POINT('Ctrl Pts',(-56.5400336703831,215.705987884928,3.));
#10057=CARTESIAN_POINT('Ctrl Pts',(-56.5757621977705,215.70116885667,-2.));
#10058=CARTESIAN_POINT('Ctrl Pts',(-56.5757621977705,215.70116885667,3.));
#10059=CARTESIAN_POINT('Ctrl Pts',(-56.6113812840748,215.69602173139,-2.));
#10060=CARTESIAN_POINT('Ctrl Pts',(-56.6113812840748,215.69602173139,3.));
#10061=CARTESIAN_POINT('Ctrl Pts',(-56.6468681784617,215.690483746985,-2.));
#10062=CARTESIAN_POINT('Ctrl Pts',(-56.6468681784617,215.690483746985,3.));
#10063=CARTESIAN_POINT('Ctrl Pts',(-56.6822013772525,215.684496194635,-2.));
#10064=CARTESIAN_POINT('Ctrl Pts',(-56.6822013772525,215.684496194635,3.));
#10065=CARTESIAN_POINT('Ctrl Pts',(-56.7173671988454,215.678023909967,-2.));
#10066=CARTESIAN_POINT('Ctrl Pts',(-56.7173671988454,215.678023909967,3.));
#10067=CARTESIAN_POINT('Ctrl Pts',(-56.7523655842103,215.671072520299,-2.));
#10068=CARTESIAN_POINT('Ctrl Pts',(-56.7523655842103,215.671072520299,3.));
#10069=CARTESIAN_POINT('Ctrl Pts',(-56.7872187284462,215.66371395007,-2.));
#10070=CARTESIAN_POINT('Ctrl Pts',(-56.7872187284462,215.66371395007,3.));
#10071=CARTESIAN_POINT('Ctrl Pts',(-56.8219579624787,215.656048426898,-2.));
#10072=CARTESIAN_POINT('Ctrl Pts',(-56.8219579624787,215.656048426898,3.));
#10073=CARTESIAN_POINT('Ctrl Pts',(-56.8566062646803,215.648153711046,-2.));
#10074=CARTESIAN_POINT('Ctrl Pts',(-56.8566062646803,215.648153711046,3.));
#10075=CARTESIAN_POINT('Ctrl Pts',(-56.8911617591907,215.640037245859,-2.));
#10076=CARTESIAN_POINT('Ctrl Pts',(-56.8911617591907,215.640037245859,3.));
#10077=CARTESIAN_POINT('Ctrl Pts',(-56.9255819459123,215.631590358417,-2.));
#10078=CARTESIAN_POINT('Ctrl Pts',(-56.9255819459123,215.631590358417,3.));
#10079=CARTESIAN_POINT('Ctrl Pts',(-56.9597644325492,215.622532479501,-2.));
#10080=CARTESIAN_POINT('Ctrl Pts',(-56.9597644325492,215.622532479501,3.));
#10081=CARTESIAN_POINT('Ctrl Pts',(-56.9935741180188,215.612488129257,-2.));
#10082=CARTESIAN_POINT('Ctrl Pts',(-56.9935741180188,215.612488129257,3.));
#10083=CARTESIAN_POINT('Ctrl Pts',(-57.0202149805977,215.603359772052,-2.));
#10084=CARTESIAN_POINT('Ctrl Pts',(-57.0202149805977,215.603359772052,3.));
#10085=CARTESIAN_POINT('Ctrl Pts',(-57.0399189365539,215.595764650551,-2.));
#10086=CARTESIAN_POINT('Ctrl Pts',(-57.0399189365539,215.595764650551,3.));
#10087=CARTESIAN_POINT('Ctrl Pts',(-57.0529258458251,215.590351297837,-2.));
#10088=CARTESIAN_POINT('Ctrl Pts',(-57.0529258458251,215.590351297837,3.));
#10089=CARTESIAN_POINT('Ctrl Pts',(-57.0593970348271,215.587557136052,-2.));
#10090=CARTESIAN_POINT('Ctrl Pts',(-57.0593970348271,215.587557136052,3.));
#10091=CARTESIAN_POINT('',(-54.4764150532435,215.591807435958,-2.));
#10092=CARTESIAN_POINT('Origin',(-70.0000000000023,209.999999999999,-2.));
#10093=CARTESIAN_POINT('',(-54.1543740199354,214.600667049451,-2.));
#10094=CARTESIAN_POINT('Ctrl Pts',(-56.2465486028035,213.085866898594,-2.));
#10095=CARTESIAN_POINT('Ctrl Pts',(-56.2465486028035,213.085866898594,3.));
#10096=CARTESIAN_POINT('Ctrl Pts',(-56.239670933837,213.087410043685,-2.));
#10097=CARTESIAN_POINT('Ctrl Pts',(-56.239670933837,213.087410043685,3.));
#10098=CARTESIAN_POINT('Ctrl Pts',(-56.225966234302,213.090675818791,-2.));
#10099=CARTESIAN_POINT('Ctrl Pts',(-56.225966234302,213.090675818791,3.));
#10100=CARTESIAN_POINT('Ctrl Pts',(-56.2055610986689,213.096112931144,-2.));
#10101=CARTESIAN_POINT('Ctrl Pts',(-56.2055610986689,213.096112931144,3.));
#10102=CARTESIAN_POINT('Ctrl Pts',(-56.1786426743552,213.104387041167,-2.));
#10103=CARTESIAN_POINT('Ctrl Pts',(-56.1786426743552,213.104387041167,3.));
#10104=CARTESIAN_POINT('Ctrl Pts',(-56.1453861432933,213.116133825626,-2.));
#10105=CARTESIAN_POINT('Ctrl Pts',(-56.1453861432933,213.116133825626,3.));
#10106=CARTESIAN_POINT('Ctrl Pts',(-56.1124078430505,213.128897809182,-2.));
#10107=CARTESIAN_POINT('Ctrl Pts',(-56.1124078430505,213.128897809182,3.));
#10108=CARTESIAN_POINT('Ctrl Pts',(-56.0795963711771,213.142295811828,-2.));
#10109=CARTESIAN_POINT('Ctrl Pts',(-56.0795963711771,213.142295811828,3.));
#10110=CARTESIAN_POINT('Ctrl Pts',(-56.0468696503313,213.156040663616,-2.));
#10111=CARTESIAN_POINT('Ctrl Pts',(-56.0468696503313,213.156040663616,3.));
#10112=CARTESIAN_POINT('Ctrl Pts',(-56.0141981874754,213.170019465377,-2.));
#10113=CARTESIAN_POINT('Ctrl Pts',(-56.0141981874754,213.170019465377,3.));
#10114=CARTESIAN_POINT('Ctrl Pts',(-55.9815878752996,213.1842371363,-2.));
#10115=CARTESIAN_POINT('Ctrl Pts',(-55.9815878752996,213.1842371363,3.));
#10116=CARTESIAN_POINT('Ctrl Pts',(-55.9490658302468,213.198770092109,-2.));
#10117=CARTESIAN_POINT('Ctrl Pts',(-55.9490658302468,213.198770092109,3.));
#10118=CARTESIAN_POINT('Ctrl Pts',(-55.9166656173813,213.213717834505,-2.));
#10119=CARTESIAN_POINT('Ctrl Pts',(-55.9166656173813,213.213717834505,3.));
#10120=CARTESIAN_POINT('Ctrl Pts',(-55.8844115566149,213.229151597533,-2.));
#10121=CARTESIAN_POINT('Ctrl Pts',(-55.8844115566149,213.229151597533,3.));
#10122=CARTESIAN_POINT('Ctrl Pts',(-55.852307003359,213.245075899092,-2.));
#10123=CARTESIAN_POINT('Ctrl Pts',(-55.852307003359,213.245075899092,3.));
#10124=CARTESIAN_POINT('Ctrl Pts',(-55.8203423571616,213.261454248764,-2.));
#10125=CARTESIAN_POINT('Ctrl Pts',(-55.8203423571616,213.261454248764,3.));
#10126=CARTESIAN_POINT('Ctrl Pts',(-55.788500506686,213.27822651057,-2.));
#10127=CARTESIAN_POINT('Ctrl Pts',(-55.788500506686,213.27822651057,3.));
#10128=CARTESIAN_POINT('Ctrl Pts',(-55.756762967105,213.295328536298,-2.));
#10129=CARTESIAN_POINT('Ctrl Pts',(-55.756762967105,213.295328536298,3.));
#10130=CARTESIAN_POINT('Ctrl Pts',(-55.7251164071682,213.312713024957,-2.));
#10131=CARTESIAN_POINT('Ctrl Pts',(-55.7251164071682,213.312713024957,3.));
#10132=CARTESIAN_POINT('Ctrl Pts',(-55.6935568491454,213.330362938636,-2.));
#10133=CARTESIAN_POINT('Ctrl Pts',(-55.6935568491454,213.330362938636,3.));
#10134=CARTESIAN_POINT('Ctrl Pts',(-55.6620860454369,213.34827985771,-2.));
#10135=CARTESIAN_POINT('Ctrl Pts',(-55.6620860454369,213.34827985771,3.));
#10136=CARTESIAN_POINT('Ctrl Pts',(-55.6307091597955,213.366476516064,-2.));
#10137=CARTESIAN_POINT('Ctrl Pts',(-55.6307091597955,213.366476516064,3.));
#10138=CARTESIAN_POINT('Ctrl Pts',(-55.5994320890533,213.384968185848,-2.));
#10139=CARTESIAN_POINT('Ctrl Pts',(-55.5994320890533,213.384968185848,3.));
#10140=CARTESIAN_POINT('Ctrl Pts',(-55.5682585810726,213.403763406838,-2.));
#10141=CARTESIAN_POINT('Ctrl Pts',(-55.5682585810726,213.403763406838,3.));
#10142=CARTESIAN_POINT('Ctrl Pts',(-55.5371886056997,213.422858739576,-2.));
#10143=CARTESIAN_POINT('Ctrl Pts',(-55.5371886056997,213.422858739576,3.));
#10144=CARTESIAN_POINT('Ctrl Pts',(-55.5062199234636,213.442243785311,-2.));
#10145=CARTESIAN_POINT('Ctrl Pts',(-55.5062199234636,213.442243785311,3.));
#10146=CARTESIAN_POINT('Ctrl Pts',(-55.4753490411745,213.461904237712,-2.));
#10147=CARTESIAN_POINT('Ctrl Pts',(-55.4753490411745,213.461904237712,3.));
#10148=CARTESIAN_POINT('Ctrl Pts',(-55.4445723383646,213.481825483873,-2.));
#10149=CARTESIAN_POINT('Ctrl Pts',(-55.4445723383646,213.481825483873,3.));
#10150=CARTESIAN_POINT('Ctrl Pts',(-55.4138872884601,213.501996508486,-2.));
#10151=CARTESIAN_POINT('Ctrl Pts',(-55.4138872884601,213.501996508486,3.));
#10152=CARTESIAN_POINT('Ctrl Pts',(-55.3832930720133,213.52241185064,-2.));
#10153=CARTESIAN_POINT('Ctrl Pts',(-55.3832930720133,213.52241185064,3.));
#10154=CARTESIAN_POINT('Ctrl Pts',(-55.3527898944249,213.543069409797,-2.));
#10155=CARTESIAN_POINT('Ctrl Pts',(-55.3527898944249,213.543069409797,3.));
#10156=CARTESIAN_POINT('Ctrl Pts',(-55.3223785716636,213.563969110754,-2.));
#10157=CARTESIAN_POINT('Ctrl Pts',(-55.3223785716636,213.563969110754,3.));
#10158=CARTESIAN_POINT('Ctrl Pts',(-55.2920600409642,213.585111328767,-2.));
#10159=CARTESIAN_POINT('Ctrl Pts',(-55.2920600409642,213.585111328767,3.));
#10160=CARTESIAN_POINT('Ctrl Pts',(-55.2618348262254,213.606495169286,-2.));
#10161=CARTESIAN_POINT('Ctrl Pts',(-55.2618348262254,213.606495169286,3.));
#10162=CARTESIAN_POINT('Ctrl Pts',(-55.2317027855722,213.628117653983,-2.));
#10163=CARTESIAN_POINT('Ctrl Pts',(-55.2317027855722,213.628117653983,3.));
#10164=CARTESIAN_POINT('Ctrl Pts',(-55.2016634008076,213.64997464657,-2.));
#10165=CARTESIAN_POINT('Ctrl Pts',(-55.2016634008076,213.64997464657,3.));
#10166=CARTESIAN_POINT('Ctrl Pts',(-55.17171594903,213.672061400846,-2.));
#10167=CARTESIAN_POINT('Ctrl Pts',(-55.17171594903,213.672061400846,3.));
#10168=CARTESIAN_POINT('Ctrl Pts',(-55.1418597069895,213.694373213974,-2.));
#10169=CARTESIAN_POINT('Ctrl Pts',(-55.1418597069895,213.694373213974,3.));
#10170=CARTESIAN_POINT('Ctrl Pts',(-55.1120941734688,213.716906138547,-2.));
#10171=CARTESIAN_POINT('Ctrl Pts',(-55.1120941734688,213.716906138547,3.));
#10172=CARTESIAN_POINT('Ctrl Pts',(-55.0824191704982,213.739657304368,-2.));
#10173=CARTESIAN_POINT('Ctrl Pts',(-55.0824191704982,213.739657304368,3.));
#10174=CARTESIAN_POINT('Ctrl Pts',(-55.0528347192315,213.76262451447,-2.));
#10175=CARTESIAN_POINT('Ctrl Pts',(-55.0528347192315,213.76262451447,3.));
#10176=CARTESIAN_POINT('Ctrl Pts',(-55.0233409646531,213.785805998752,-2.));
#10177=CARTESIAN_POINT('Ctrl Pts',(-55.0233409646531,213.785805998752,3.));
#10178=CARTESIAN_POINT('Ctrl Pts',(-54.9939380859954,213.809200122354,-2.));
#10179=CARTESIAN_POINT('Ctrl Pts',(-54.9939380859954,213.809200122354,3.));
#10180=CARTESIAN_POINT('Ctrl Pts',(-54.96462619865,213.832805066198,-2.));
#10181=CARTESIAN_POINT('Ctrl Pts',(-54.96462619865,213.832805066198,3.));
#10182=CARTESIAN_POINT('Ctrl Pts',(-54.9354053070087,213.856618674785,-2.));
#10183=CARTESIAN_POINT('Ctrl Pts',(-54.9354053070087,213.856618674785,3.));
#10184=CARTESIAN_POINT('Ctrl Pts',(-54.9062753561474,213.88063862735,-2.));
#10185=CARTESIAN_POINT('Ctrl Pts',(-54.9062753561474,213.88063862735,3.));
#10186=CARTESIAN_POINT('Ctrl Pts',(-54.8772362613739,213.904862537654,-2.));
#10187=CARTESIAN_POINT('Ctrl Pts',(-54.8772362613739,213.904862537654,3.));
#10188=CARTESIAN_POINT('Ctrl Pts',(-54.8482879439358,213.929288073267,-2.));
#10189=CARTESIAN_POINT('Ctrl Pts',(-54.8482879439358,213.929288073267,3.));
#10190=CARTESIAN_POINT('Ctrl Pts',(-54.8194303682733,213.953913083179,-2.));
#10191=CARTESIAN_POINT('Ctrl Pts',(-54.8194303682733,213.953913083179,3.));
#10192=CARTESIAN_POINT('Ctrl Pts',(-54.7906635616713,213.978735659666,-2.));
#10193=CARTESIAN_POINT('Ctrl Pts',(-54.7906635616713,213.978735659666,3.));
#10194=CARTESIAN_POINT('Ctrl Pts',(-54.7619875956769,214.003754059162,-2.));
#10195=CARTESIAN_POINT('Ctrl Pts',(-54.7619875956769,214.003754059162,3.));
#10196=CARTESIAN_POINT('Ctrl Pts',(-54.7334025750564,214.028966650953,-2.));
#10197=CARTESIAN_POINT('Ctrl Pts',(-54.7334025750564,214.028966650953,3.));
#10198=CARTESIAN_POINT('Ctrl Pts',(-54.7049086236976,214.05437185727,-2.));
#10199=CARTESIAN_POINT('Ctrl Pts',(-54.7049086236976,214.05437185727,3.));
#10200=CARTESIAN_POINT('Ctrl Pts',(-54.676505869786,214.079968086626,-2.));
#10201=CARTESIAN_POINT('Ctrl Pts',(-54.676505869786,214.079968086626,3.));
#10202=CARTESIAN_POINT('Ctrl Pts',(-54.6481944351742,214.105753698166,-2.));
#10203=CARTESIAN_POINT('Ctrl Pts',(-54.6481944351742,214.105753698166,3.));
#10204=CARTESIAN_POINT('Ctrl Pts',(-54.6199744373426,214.131727046605,-2.));
#10205=CARTESIAN_POINT('Ctrl Pts',(-54.6199744373426,214.131727046605,3.));
#10206=CARTESIAN_POINT('Ctrl Pts',(-54.591845987981,214.157886510912,-2.));
#10207=CARTESIAN_POINT('Ctrl Pts',(-54.591845987981,214.157886510912,3.));
#10208=CARTESIAN_POINT('Ctrl Pts',(-54.5638091928009,214.184230525931,-2.));
#10209=CARTESIAN_POINT('Ctrl Pts',(-54.5638091928009,214.184230525931,3.));
#10210=CARTESIAN_POINT('Ctrl Pts',(-54.5358641488187,214.210757616611,-2.));
#10211=CARTESIAN_POINT('Ctrl Pts',(-54.5358641488187,214.210757616611,3.));
#10212=CARTESIAN_POINT('Ctrl Pts',(-54.5080109461248,214.237466413669,-2.));
#10213=CARTESIAN_POINT('Ctrl Pts',(-54.5080109461248,214.237466413669,3.));
#10214=CARTESIAN_POINT('Ctrl Pts',(-54.480249683536,214.264355609759,-2.));
#10215=CARTESIAN_POINT('Ctrl Pts',(-54.480249683536,214.264355609759,3.));
#10216=CARTESIAN_POINT('Ctrl Pts',(-54.4525804818725,214.291423923735,-2.));
#10217=CARTESIAN_POINT('Ctrl Pts',(-54.4525804818725,214.291423923735,3.));
#10218=CARTESIAN_POINT('Ctrl Pts',(-54.4250034964223,214.318670062933,-2.));
#10219=CARTESIAN_POINT('Ctrl Pts',(-54.4250034964223,214.318670062933,3.));
#10220=CARTESIAN_POINT('Ctrl Pts',(-54.3975189317102,214.346092679136,-2.));
#10221=CARTESIAN_POINT('Ctrl Pts',(-54.3975189317102,214.346092679136,3.));
#10222=CARTESIAN_POINT('Ctrl Pts',(-54.3701270468629,214.3736903434,-2.));
#10223=CARTESIAN_POINT('Ctrl Pts',(-54.3701270468629,214.3736903434,3.));
#10224=CARTESIAN_POINT('Ctrl Pts',(-54.3428281172671,214.401461618372,-2.));
#10225=CARTESIAN_POINT('Ctrl Pts',(-54.3428281172671,214.401461618372,3.));
#10226=CARTESIAN_POINT('Ctrl Pts',(-54.3156224010721,214.429405116879,-2.));
#10227=CARTESIAN_POINT('Ctrl Pts',(-54.3156224010721,214.429405116879,3.));
#10228=CARTESIAN_POINT('Ctrl Pts',(-54.2885101041208,214.457519563786,-2.));
#10229=CARTESIAN_POINT('Ctrl Pts',(-54.2885101041208,214.457519563786,3.));
#10230=CARTESIAN_POINT('Ctrl Pts',(-54.261491342479,214.485803857314,-2.));
#10231=CARTESIAN_POINT('Ctrl Pts',(-54.261491342479,214.485803857314,3.));
#10232=CARTESIAN_POINT('Ctrl Pts',(-54.2345661118755,214.514257123762,-2.));
#10233=CARTESIAN_POINT('Ctrl Pts',(-54.2345661118755,214.514257123762,3.));
#10234=CARTESIAN_POINT('Ctrl Pts',(-54.2077343353129,214.54287870318,-2.));
#10235=CARTESIAN_POINT('Ctrl Pts',(-54.2077343353129,214.54287870318,3.));
#10236=CARTESIAN_POINT('Ctrl Pts',(-54.1863435901158,214.565910252586,-2.));
#10237=CARTESIAN_POINT('Ctrl Pts',(-54.1863435901158,214.565910252586,3.));
#10238=CARTESIAN_POINT('Ctrl Pts',(-54.1703424922664,214.583259331844,-2.));
#10239=CARTESIAN_POINT('Ctrl Pts',(-54.1703424922664,214.583259331844,3.));
#10240=CARTESIAN_POINT('Ctrl Pts',(-54.1596937368532,214.59485889231,-2.));
#10241=CARTESIAN_POINT('Ctrl Pts',(-54.1596937368532,214.59485889231,3.));
#10242=CARTESIAN_POINT('Ctrl Pts',(-54.1543740199354,214.600667049451,-2.));
#10243=CARTESIAN_POINT('Ctrl Pts',(-54.1543740199354,214.600667049451,3.));
#10244=UNCERTAINTY_MEASURE_WITH_UNIT(LENGTH_MEASURE(0.01),#10248,
'DISTANCE_ACCURACY_VALUE',
'Maximum model space distance between geometric entities at asserted c
onnectivities');
#10245=UNCERTAINTY_MEASURE_WITH_UNIT(LENGTH_MEASURE(0.01),#10248,
'DISTANCE_ACCURACY_VALUE',
'Maximum model space distance between geometric entities at asserted c
onnectivities');
#10246=(
GEOMETRIC_REPRESENTATION_CONTEXT(3)
GLOBAL_UNCERTAINTY_ASSIGNED_CONTEXT((#10244))
GLOBAL_UNIT_ASSIGNED_CONTEXT((#10248,#10250,#10251))
REPRESENTATION_CONTEXT('','3D')
);
#10247=(
GEOMETRIC_REPRESENTATION_CONTEXT(3)
GLOBAL_UNCERTAINTY_ASSIGNED_CONTEXT((#10245))
GLOBAL_UNIT_ASSIGNED_CONTEXT((#10248,#10250,#10251))
REPRESENTATION_CONTEXT('','3D')
);
#10248=(
LENGTH_UNIT()
NAMED_UNIT(*)
SI_UNIT(.MILLI.,.METRE.)
);
#10249=(
LENGTH_UNIT()
NAMED_UNIT(*)
SI_UNIT($,.METRE.)
);
#10250=(
NAMED_UNIT(*)
PLANE_ANGLE_UNIT()
SI_UNIT($,.RADIAN.)
);
#10251=(
NAMED_UNIT(*)
SI_UNIT($,.STERADIAN.)
SOLID_ANGLE_UNIT()
);
#10252=SHAPE_DEFINITION_REPRESENTATION(#10253,#10254);
#10253=PRODUCT_DEFINITION_SHAPE('',$,#10256);
#10254=SHAPE_REPRESENTATION('',(#2161),#10246);
#10255=PRODUCT_DEFINITION_CONTEXT('part definition',#10260,'design');
#10256=PRODUCT_DEFINITION('gripper_servo_gear','gripper_servo_gear',#10257,
#10255);
#10257=PRODUCT_DEFINITION_FORMATION('',$,#10262);
#10258=PRODUCT_RELATED_PRODUCT_CATEGORY('gripper_servo_gear',
'gripper_servo_gear',(#10262));
#10259=APPLICATION_PROTOCOL_DEFINITION('international standard',
'automotive_design',2009,#10260);
#10260=APPLICATION_CONTEXT(
'Core Data for Automotive Mechanical Design Process');
#10261=PRODUCT_CONTEXT('part definition',#10260,'mechanical');
#10262=PRODUCT('gripper_servo_gear','gripper_servo_gear',$,(#10261));
#10263=PRESENTATION_STYLE_ASSIGNMENT((#10264));
#10264=SURFACE_STYLE_USAGE(.BOTH.,#10265);
#10265=SURFACE_SIDE_STYLE('',(#10266));
#10266=SURFACE_STYLE_FILL_AREA(#10267);
#10267=FILL_AREA_STYLE('Steel - Satin',(#10268));
#10268=FILL_AREA_STYLE_COLOUR('Steel - Satin',#10269);
#10269=COLOUR_RGB('Steel - Satin',0.627450980392157,0.627450980392157,0.627450980392157);
ENDSEC;
END-ISO-10303-21;
